<?xml version="1.0" encoding="UTF-8"?>
<!-- track-length = 60944 filtered ascend = 82 plain-ascend = 5 cost=125436 energy=0.3kwh time=2h 55m 12s -->
<gpx 
 xmlns="http://www.topografix.com/GPX/1/1" 
 xmlns:xsi="http://www.w3.org/2001/XMLSchema-instance" 
 xsi:schemaLocation="http://www.topografix.com/GPX/1/1 http://www.topografix.com/GPX/1/1/gpx.xsd" 
 version="1.1" 
 creator="bikerouter.de 2026.12">
 <trk>
  <name>Berlin - 60.9 km, 82 hm</name>
  <link href="https://bikerouter.de/#map=14/52.4455/13.7614/osm-mapnik-german_style&amp;lonlats=13.381348,52.514316;13.716431,52.63368;13.726044,52.43053&amp;profile=MTB-light">
   <text>bikerouter.de</text>
  </link>
  <trkseg>
   <trkpt lat="52.514289" lon="13.381214"><ele>35</ele></trkpt>
   <trkpt lat="52.514133" lon="13.381299"><ele>35</ele></trkpt>
   <trkpt lat="52.514072" lon="13.381019"><ele>35</ele></trkpt>
   <trkpt lat="52.514087" lon="13.380784"><ele>35</ele></trkpt>
   <trkpt lat="52.514027" lon="13.380689"><ele>35</ele></trkpt>
   <trkpt lat="52.513823" lon="13.380794"><ele>35</ele></trkpt>
   <trkpt lat="52.513796" lon="13.380811"><ele>35</ele></trkpt>
   <trkpt lat="52.513728" lon="13.380847"><ele>35</ele></trkpt>
   <trkpt lat="52.513768" lon="13.381051"><ele>35</ele></trkpt>
   <trkpt lat="52.513833" lon="13.381389"><ele>34.75</ele></trkpt>
   <trkpt lat="52.513915" lon="13.381821"><ele>34</ele></trkpt>
   <trkpt lat="52.513917" lon="13.381831"><ele>34</ele></trkpt>
   <trkpt lat="52.513928" lon="13.381893"><ele>34</ele></trkpt>
   <trkpt lat="52.513965" lon="13.382106"><ele>34</ele></trkpt>
   <trkpt lat="52.513996" lon="13.382291"><ele>34</ele></trkpt>
   <trkpt lat="52.514007" lon="13.382351"><ele>34</ele></trkpt>
   <trkpt lat="52.514132" lon="13.382912"><ele>34</ele></trkpt>
   <trkpt lat="52.514147" lon="13.382978"><ele>34</ele></trkpt>
   <trkpt lat="52.514167" lon="13.383066"><ele>34</ele></trkpt>
   <trkpt lat="52.514292" lon="13.38363"><ele>34</ele></trkpt>
   <trkpt lat="52.514338" lon="13.383911"><ele>34</ele></trkpt>
   <trkpt lat="52.514374" lon="13.3842"><ele>34</ele></trkpt>
   <trkpt lat="52.514423" lon="13.3846"><ele>34</ele></trkpt>
   <trkpt lat="52.514428" lon="13.384636"><ele>34</ele></trkpt>
   <trkpt lat="52.514459" lon="13.38478"><ele>33.75</ele></trkpt>
   <trkpt lat="52.51439" lon="13.384803"><ele>34</ele></trkpt>
   <trkpt lat="52.51367" lon="13.385035"><ele>34</ele></trkpt>
   <trkpt lat="52.513582" lon="13.385075"><ele>34</ele></trkpt>
   <trkpt lat="52.513589" lon="13.385181"><ele>34</ele></trkpt>
   <trkpt lat="52.513608" lon="13.385463"><ele>34</ele></trkpt>
   <trkpt lat="52.513667" lon="13.386255"><ele>34</ele></trkpt>
   <trkpt lat="52.513683" lon="13.386361"><ele>34</ele></trkpt>
   <trkpt lat="52.513698" lon="13.386468"><ele>33.75</ele></trkpt>
   <trkpt lat="52.513808" lon="13.388203"><ele>34</ele></trkpt>
   <trkpt lat="52.513845" lon="13.388743"><ele>34</ele></trkpt>
   <trkpt lat="52.513854" lon="13.388873"><ele>34</ele></trkpt>
   <trkpt lat="52.513873" lon="13.389178"><ele>34</ele></trkpt>
   <trkpt lat="52.513874" lon="13.389191"><ele>34</ele></trkpt>
   <trkpt lat="52.513877" lon="13.389324"><ele>34</ele></trkpt>
   <trkpt lat="52.513882" lon="13.389455"><ele>34</ele></trkpt>
   <trkpt lat="52.513882" lon="13.389482"><ele>34</ele></trkpt>
   <trkpt lat="52.513921" lon="13.390096"><ele>33.75</ele></trkpt>
   <trkpt lat="52.513985" lon="13.391105"><ele>34</ele></trkpt>
   <trkpt lat="52.513987" lon="13.391127"><ele>34</ele></trkpt>
   <trkpt lat="52.513993" lon="13.391229"><ele>34</ele></trkpt>
   <trkpt lat="52.514067" lon="13.391224"><ele>34</ele></trkpt>
   <trkpt lat="52.514412" lon="13.391171"><ele>34</ele></trkpt>
   <trkpt lat="52.514582" lon="13.391145"><ele>34</ele></trkpt>
   <trkpt lat="52.514739" lon="13.391102"><ele>34</ele></trkpt>
   <trkpt lat="52.51476" lon="13.391099"><ele>34</ele></trkpt>
   <trkpt lat="52.514779" lon="13.391095"><ele>34</ele></trkpt>
   <trkpt lat="52.51488" lon="13.39108"><ele>34</ele></trkpt>
   <trkpt lat="52.514978" lon="13.391089"><ele>34</ele></trkpt>
   <trkpt lat="52.515001" lon="13.391088"><ele>34</ele></trkpt>
   <trkpt lat="52.515017" lon="13.391088"><ele>34</ele></trkpt>
   <trkpt lat="52.515144" lon="13.39107"><ele>34</ele></trkpt>
   <trkpt lat="52.51548" lon="13.391017"><ele>34</ele></trkpt>
   <trkpt lat="52.515644" lon="13.39099"><ele>34</ele></trkpt>
   <trkpt lat="52.515682" lon="13.390965"><ele>34</ele></trkpt>
   <trkpt lat="52.515756" lon="13.390915"><ele>34</ele></trkpt>
   <trkpt lat="52.515765" lon="13.391097"><ele>34</ele></trkpt>
   <trkpt lat="52.515766" lon="13.391132"><ele>34</ele></trkpt>
   <trkpt lat="52.515785" lon="13.391426"><ele>34</ele></trkpt>
   <trkpt lat="52.51585" lon="13.392473"><ele>34</ele></trkpt>
   <trkpt lat="52.515864" lon="13.392698"><ele>34</ele></trkpt>
   <trkpt lat="52.515867" lon="13.392745"><ele>34</ele></trkpt>
   <trkpt lat="52.515875" lon="13.392869"><ele>34</ele></trkpt>
   <trkpt lat="52.515884" lon="13.392991"><ele>34</ele></trkpt>
   <trkpt lat="52.515886" lon="13.393034"><ele>34</ele></trkpt>
   <trkpt lat="52.515866" lon="13.393133"><ele>34</ele></trkpt>
   <trkpt lat="52.515897" lon="13.393593"><ele>34</ele></trkpt>
   <trkpt lat="52.515922" lon="13.393949"><ele>34</ele></trkpt>
   <trkpt lat="52.515952" lon="13.394368"><ele>34</ele></trkpt>
   <trkpt lat="52.515973" lon="13.394439"><ele>34</ele></trkpt>
   <trkpt lat="52.516098" lon="13.39475"><ele>34</ele></trkpt>
   <trkpt lat="52.516152" lon="13.394898"><ele>33.75</ele></trkpt>
   <trkpt lat="52.516164" lon="13.395043"><ele>34</ele></trkpt>
   <trkpt lat="52.516191" lon="13.395144"><ele>34</ele></trkpt>
   <trkpt lat="52.516194" lon="13.395207"><ele>34</ele></trkpt>
   <trkpt lat="52.516201" lon="13.395339"><ele>34</ele></trkpt>
   <trkpt lat="52.516324" lon="13.395317"><ele>34</ele></trkpt>
   <trkpt lat="52.516326" lon="13.395364"><ele>34</ele></trkpt>
   <trkpt lat="52.516328" lon="13.395388"><ele>34</ele></trkpt>
   <trkpt lat="52.516329" lon="13.395421"><ele>34</ele></trkpt>
   <trkpt lat="52.516364" lon="13.396031"><ele>34</ele></trkpt>
   <trkpt lat="52.516375" lon="13.396226"><ele>34</ele></trkpt>
   <trkpt lat="52.516386" lon="13.396411"><ele>34</ele></trkpt>
   <trkpt lat="52.516393" lon="13.396502"><ele>34.25</ele></trkpt>
   <trkpt lat="52.516563" lon="13.396468"><ele>34.25</ele></trkpt>
   <trkpt lat="52.517017" lon="13.396379"><ele>34</ele></trkpt>
   <trkpt lat="52.517091" lon="13.396363"><ele>34</ele></trkpt>
   <trkpt lat="52.517341" lon="13.396313"><ele>34</ele></trkpt>
   <trkpt lat="52.517353" lon="13.39631"><ele>34</ele></trkpt>
   <trkpt lat="52.517378" lon="13.396305"><ele>34</ele></trkpt>
   <trkpt lat="52.517422" lon="13.396297"><ele>34</ele></trkpt>
   <trkpt lat="52.517532" lon="13.396274"><ele>34</ele></trkpt>
   <trkpt lat="52.517597" lon="13.39626"><ele>34</ele></trkpt>
   <trkpt lat="52.517624" lon="13.396254"><ele>34</ele></trkpt>
   <trkpt lat="52.517693" lon="13.39624"><ele>34</ele></trkpt>
   <trkpt lat="52.517878" lon="13.396203"><ele>34</ele></trkpt>
   <trkpt lat="52.518328" lon="13.396114"><ele>34</ele></trkpt>
   <trkpt lat="52.518358" lon="13.396108"><ele>34</ele></trkpt>
   <trkpt lat="52.518446" lon="13.39609"><ele>34</ele></trkpt>
   <trkpt lat="52.518508" lon="13.396078"><ele>34</ele></trkpt>
   <trkpt lat="52.518549" lon="13.396069"><ele>34</ele></trkpt>
   <trkpt lat="52.518709" lon="13.396037"><ele>34</ele></trkpt>
   <trkpt lat="52.518744" lon="13.39603"><ele>34</ele></trkpt>
   <trkpt lat="52.518815" lon="13.396033"><ele>34</ele></trkpt>
   <trkpt lat="52.518836" lon="13.396049"><ele>34</ele></trkpt>
   <trkpt lat="52.518857" lon="13.396077"><ele>34</ele></trkpt>
   <trkpt lat="52.518894" lon="13.396167"><ele>34</ele></trkpt>
   <trkpt lat="52.519094" lon="13.396683"><ele>34.75</ele></trkpt>
   <trkpt lat="52.519118" lon="13.396745"><ele>34.75</ele></trkpt>
   <trkpt lat="52.519165" lon="13.396885"><ele>34.75</ele></trkpt>
   <trkpt lat="52.519237" lon="13.397109"><ele>34.5</ele></trkpt>
   <trkpt lat="52.519279" lon="13.397239"><ele>33.5</ele></trkpt>
   <trkpt lat="52.519296" lon="13.397282"><ele>33.25</ele></trkpt>
   <trkpt lat="52.519301" lon="13.397295"><ele>33</ele></trkpt>
   <trkpt lat="52.519403" lon="13.397578"><ele>32.5</ele></trkpt>
   <trkpt lat="52.519437" lon="13.397664"><ele>33.5</ele></trkpt>
   <trkpt lat="52.51947" lon="13.397744"><ele>34.5</ele></trkpt>
   <trkpt lat="52.519518" lon="13.39786"><ele>34.5</ele></trkpt>
   <trkpt lat="52.519603" lon="13.398066"><ele>34</ele></trkpt>
   <trkpt lat="52.519871" lon="13.398719"><ele>34.25</ele></trkpt>
   <trkpt lat="52.520055" lon="13.399165"><ele>34</ele></trkpt>
   <trkpt lat="52.520215" lon="13.399558"><ele>34.75</ele></trkpt>
   <trkpt lat="52.520332" lon="13.399821"><ele>34.25</ele></trkpt>
   <trkpt lat="52.520385" lon="13.399934"><ele>34</ele></trkpt>
   <trkpt lat="52.520564" lon="13.400386"><ele>34</ele></trkpt>
   <trkpt lat="52.520735" lon="13.40081"><ele>34</ele></trkpt>
   <trkpt lat="52.520744" lon="13.400837"><ele>34</ele></trkpt>
   <trkpt lat="52.520764" lon="13.400892"><ele>34.25</ele></trkpt>
   <trkpt lat="52.520801" lon="13.400948"><ele>34.75</ele></trkpt>
   <trkpt lat="52.520776" lon="13.401004"><ele>34.75</ele></trkpt>
   <trkpt lat="52.520781" lon="13.401046"><ele>34.75</ele></trkpt>
   <trkpt lat="52.520827" lon="13.401187"><ele>35</ele></trkpt>
   <trkpt lat="52.520942" lon="13.401533"><ele>35</ele></trkpt>
   <trkpt lat="52.521104" lon="13.402022"><ele>35</ele></trkpt>
   <trkpt lat="52.521213" lon="13.402354"><ele>35</ele></trkpt>
   <trkpt lat="52.521317" lon="13.402668"><ele>35</ele></trkpt>
   <trkpt lat="52.521338" lon="13.402732"><ele>35</ele></trkpt>
   <trkpt lat="52.521379" lon="13.402859"><ele>35</ele></trkpt>
   <trkpt lat="52.521409" lon="13.402948"><ele>35</ele></trkpt>
   <trkpt lat="52.521422" lon="13.40299"><ele>35</ele></trkpt>
   <trkpt lat="52.521458" lon="13.403103"><ele>35</ele></trkpt>
   <trkpt lat="52.521518" lon="13.40328"><ele>35</ele></trkpt>
   <trkpt lat="52.521545" lon="13.403364"><ele>35</ele></trkpt>
   <trkpt lat="52.521625" lon="13.403607"><ele>35</ele></trkpt>
   <trkpt lat="52.521794" lon="13.404128"><ele>36</ele></trkpt>
   <trkpt lat="52.521839" lon="13.404267"><ele>36</ele></trkpt>
   <trkpt lat="52.521892" lon="13.404423"><ele>36</ele></trkpt>
   <trkpt lat="52.521922" lon="13.404486"><ele>36</ele></trkpt>
   <trkpt lat="52.52196" lon="13.404517"><ele>36</ele></trkpt>
   <trkpt lat="52.521988" lon="13.404712"><ele>36</ele></trkpt>
   <trkpt lat="52.521992" lon="13.404738"><ele>36</ele></trkpt>
   <trkpt lat="52.522022" lon="13.404838"><ele>36</ele></trkpt>
   <trkpt lat="52.522059" lon="13.404955"><ele>36</ele></trkpt>
   <trkpt lat="52.522088" lon="13.405045"><ele>36</ele></trkpt>
   <trkpt lat="52.522183" lon="13.4053"><ele>36</ele></trkpt>
   <trkpt lat="52.522237" lon="13.405431"><ele>36</ele></trkpt>
   <trkpt lat="52.522254" lon="13.405473"><ele>36</ele></trkpt>
   <trkpt lat="52.522356" lon="13.40572"><ele>36</ele></trkpt>
   <trkpt lat="52.522655" lon="13.406322"><ele>36.25</ele></trkpt>
   <trkpt lat="52.522699" lon="13.406408"><ele>36.25</ele></trkpt>
   <trkpt lat="52.522731" lon="13.406473"><ele>36.25</ele></trkpt>
   <trkpt lat="52.522752" lon="13.406513"><ele>36.25</ele></trkpt>
   <trkpt lat="52.522896" lon="13.406807"><ele>37</ele></trkpt>
   <trkpt lat="52.522947" lon="13.406877"><ele>37</ele></trkpt>
   <trkpt lat="52.523002" lon="13.406937"><ele>37</ele></trkpt>
   <trkpt lat="52.523047" lon="13.406969"><ele>36.75</ele></trkpt>
   <trkpt lat="52.523075" lon="13.406986"><ele>37</ele></trkpt>
   <trkpt lat="52.523192" lon="13.407062"><ele>37</ele></trkpt>
   <trkpt lat="52.523366" lon="13.407161"><ele>37</ele></trkpt>
   <trkpt lat="52.523422" lon="13.407197"><ele>37</ele></trkpt>
   <trkpt lat="52.52349" lon="13.407234"><ele>37</ele></trkpt>
   <trkpt lat="52.523773" lon="13.407383"><ele>36.75</ele></trkpt>
   <trkpt lat="52.524456" lon="13.407891"><ele>36</ele></trkpt>
   <trkpt lat="52.524522" lon="13.407914"><ele>36</ele></trkpt>
   <trkpt lat="52.524587" lon="13.40793"><ele>36</ele></trkpt>
   <trkpt lat="52.524602" lon="13.407937"><ele>36</ele></trkpt>
   <trkpt lat="52.52487" lon="13.408051"><ele>36</ele></trkpt>
   <trkpt lat="52.524942" lon="13.408082"><ele>36</ele></trkpt>
   <trkpt lat="52.525011" lon="13.408111"><ele>35.75</ele></trkpt>
   <trkpt lat="52.525037" lon="13.408122"><ele>36</ele></trkpt>
   <trkpt lat="52.525123" lon="13.408159"><ele>36</ele></trkpt>
   <trkpt lat="52.52515" lon="13.40817"><ele>36</ele></trkpt>
   <trkpt lat="52.525359" lon="13.408259"><ele>36</ele></trkpt>
   <trkpt lat="52.525401" lon="13.408277"><ele>36</ele></trkpt>
   <trkpt lat="52.52551" lon="13.408324"><ele>36</ele></trkpt>
   <trkpt lat="52.525596" lon="13.408361"><ele>36</ele></trkpt>
   <trkpt lat="52.52568" lon="13.408397"><ele>36</ele></trkpt>
   <trkpt lat="52.525698" lon="13.408404"><ele>36</ele></trkpt>
   <trkpt lat="52.525881" lon="13.408482"><ele>36</ele></trkpt>
   <trkpt lat="52.526077" lon="13.408565"><ele>36</ele></trkpt>
   <trkpt lat="52.526113" lon="13.408581"><ele>36</ele></trkpt>
   <trkpt lat="52.526208" lon="13.408621"><ele>36</ele></trkpt>
   <trkpt lat="52.526297" lon="13.408659"><ele>36</ele></trkpt>
   <trkpt lat="52.526645" lon="13.408808"><ele>36.75</ele></trkpt>
   <trkpt lat="52.526703" lon="13.408833"><ele>37</ele></trkpt>
   <trkpt lat="52.526744" lon="13.40885"><ele>37</ele></trkpt>
   <trkpt lat="52.526788" lon="13.408869"><ele>37</ele></trkpt>
   <trkpt lat="52.526841" lon="13.408911"><ele>37</ele></trkpt>
   <trkpt lat="52.526891" lon="13.408943"><ele>37</ele></trkpt>
   <trkpt lat="52.527718" lon="13.409297"><ele>37.25</ele></trkpt>
   <trkpt lat="52.528176" lon="13.409494"><ele>38</ele></trkpt>
   <trkpt lat="52.528225" lon="13.409515"><ele>38</ele></trkpt>
   <trkpt lat="52.528157" lon="13.409938"><ele>38</ele></trkpt>
   <trkpt lat="52.528125" lon="13.410136"><ele>38</ele></trkpt>
   <trkpt lat="52.528093" lon="13.410287"><ele>38</ele></trkpt>
   <trkpt lat="52.528211" lon="13.410322"><ele>38</ele></trkpt>
   <trkpt lat="52.528236" lon="13.41031"><ele>38</ele></trkpt>
   <trkpt lat="52.528405" lon="13.410225"><ele>38.25</ele></trkpt>
   <trkpt lat="52.528449" lon="13.410197"><ele>38.25</ele></trkpt>
   <trkpt lat="52.528554" lon="13.410138"><ele>38.75</ele></trkpt>
   <trkpt lat="52.528635" lon="13.410078"><ele>39</ele></trkpt>
   <trkpt lat="52.528666" lon="13.410057"><ele>39</ele></trkpt>
   <trkpt lat="52.528667" lon="13.410057"><ele>39</ele></trkpt>
   <trkpt lat="52.528753" lon="13.410002"><ele>39</ele></trkpt>
   <trkpt lat="52.528839" lon="13.409984"><ele>39</ele></trkpt>
   <trkpt lat="52.528865" lon="13.409983"><ele>39</ele></trkpt>
   <trkpt lat="52.529059" lon="13.409895"><ele>39</ele></trkpt>
   <trkpt lat="52.529125" lon="13.409896"><ele>39</ele></trkpt>
   <trkpt lat="52.529202" lon="13.40995"><ele>39</ele></trkpt>
   <trkpt lat="52.529618" lon="13.410267"><ele>40.5</ele></trkpt>
   <trkpt lat="52.529783" lon="13.410393"><ele>41</ele></trkpt>
   <trkpt lat="52.52993" lon="13.410566"><ele>41</ele></trkpt>
   <trkpt lat="52.530051" lon="13.41061"><ele>41.25</ele></trkpt>
   <trkpt lat="52.530157" lon="13.410735"><ele>41.75</ele></trkpt>
   <trkpt lat="52.530324" lon="13.410985"><ele>42.5</ele></trkpt>
   <trkpt lat="52.530526" lon="13.41129"><ele>43</ele></trkpt>
   <trkpt lat="52.530816" lon="13.411721"><ele>44</ele></trkpt>
   <trkpt lat="52.530843" lon="13.411761"><ele>44.25</ele></trkpt>
   <trkpt lat="52.530884" lon="13.411821"><ele>44.5</ele></trkpt>
   <trkpt lat="52.53102" lon="13.412022"><ele>45</ele></trkpt>
   <trkpt lat="52.531116" lon="13.412143"><ele>45</ele></trkpt>
   <trkpt lat="52.531208" lon="13.412139"><ele>45</ele></trkpt>
   <trkpt lat="52.531273" lon="13.412209"><ele>45</ele></trkpt>
   <trkpt lat="52.531351" lon="13.412273"><ele>45</ele></trkpt>
   <trkpt lat="52.531388" lon="13.412389"><ele>45</ele></trkpt>
   <trkpt lat="52.531427" lon="13.412452"><ele>45</ele></trkpt>
   <trkpt lat="52.53157" lon="13.412629"><ele>45.75</ele></trkpt>
   <trkpt lat="52.531615" lon="13.412683"><ele>45.75</ele></trkpt>
   <trkpt lat="52.53164" lon="13.412714"><ele>45.75</ele></trkpt>
   <trkpt lat="52.531731" lon="13.412828"><ele>46.25</ele></trkpt>
   <trkpt lat="52.531815" lon="13.412932"><ele>47</ele></trkpt>
   <trkpt lat="52.53191" lon="13.413051"><ele>47.75</ele></trkpt>
   <trkpt lat="52.532054" lon="13.41323"><ele>48</ele></trkpt>
   <trkpt lat="52.532255" lon="13.413481"><ele>49</ele></trkpt>
   <trkpt lat="52.532273" lon="13.413504"><ele>49</ele></trkpt>
   <trkpt lat="52.532346" lon="13.413591"><ele>49</ele></trkpt>
   <trkpt lat="52.532462" lon="13.413746"><ele>49</ele></trkpt>
   <trkpt lat="52.532527" lon="13.413821"><ele>49</ele></trkpt>
   <trkpt lat="52.53257" lon="13.41387"><ele>49.25</ele></trkpt>
   <trkpt lat="52.532742" lon="13.414063"><ele>49.75</ele></trkpt>
   <trkpt lat="52.532861" lon="13.414197"><ele>50</ele></trkpt>
   <trkpt lat="52.532873" lon="13.41421"><ele>50</ele></trkpt>
   <trkpt lat="52.533158" lon="13.41453"><ele>50</ele></trkpt>
   <trkpt lat="52.533227" lon="13.414607"><ele>50</ele></trkpt>
   <trkpt lat="52.533391" lon="13.414792"><ele>50</ele></trkpt>
   <trkpt lat="52.533621" lon="13.415047"><ele>50</ele></trkpt>
   <trkpt lat="52.533635" lon="13.415066"><ele>50</ele></trkpt>
   <trkpt lat="52.533695" lon="13.415128"><ele>50</ele></trkpt>
   <trkpt lat="52.533776" lon="13.415216"><ele>50</ele></trkpt>
   <trkpt lat="52.533802" lon="13.415246"><ele>50</ele></trkpt>
   <trkpt lat="52.533816" lon="13.415261"><ele>50</ele></trkpt>
   <trkpt lat="52.533833" lon="13.41528"><ele>50</ele></trkpt>
   <trkpt lat="52.533976" lon="13.415439"><ele>50</ele></trkpt>
   <trkpt lat="52.534015" lon="13.415481"><ele>50</ele></trkpt>
   <trkpt lat="52.534128" lon="13.415607"><ele>50</ele></trkpt>
   <trkpt lat="52.53416" lon="13.415642"><ele>50</ele></trkpt>
   <trkpt lat="52.534343" lon="13.415845"><ele>50.5</ele></trkpt>
   <trkpt lat="52.534377" lon="13.415882"><ele>50.75</ele></trkpt>
   <trkpt lat="52.534452" lon="13.415965"><ele>51</ele></trkpt>
   <trkpt lat="52.534509" lon="13.416028"><ele>51</ele></trkpt>
   <trkpt lat="52.534649" lon="13.416183"><ele>51</ele></trkpt>
   <trkpt lat="52.534806" lon="13.416356"><ele>51</ele></trkpt>
   <trkpt lat="52.534949" lon="13.416515"><ele>51</ele></trkpt>
   <trkpt lat="52.534962" lon="13.41653"><ele>51</ele></trkpt>
   <trkpt lat="52.53525" lon="13.416858"><ele>51</ele></trkpt>
   <trkpt lat="52.535288" lon="13.416902"><ele>51</ele></trkpt>
   <trkpt lat="52.535307" lon="13.416923"><ele>51</ele></trkpt>
   <trkpt lat="52.535334" lon="13.416952"><ele>51</ele></trkpt>
   <trkpt lat="52.535385" lon="13.417005"><ele>51</ele></trkpt>
   <trkpt lat="52.535442" lon="13.417069"><ele>51</ele></trkpt>
   <trkpt lat="52.535459" lon="13.417088"><ele>51</ele></trkpt>
   <trkpt lat="52.53551" lon="13.417144"><ele>51</ele></trkpt>
   <trkpt lat="52.535729" lon="13.417388"><ele>51</ele></trkpt>
   <trkpt lat="52.535894" lon="13.417572"><ele>51</ele></trkpt>
   <trkpt lat="52.536064" lon="13.417763"><ele>51</ele></trkpt>
   <trkpt lat="52.536153" lon="13.417864"><ele>51</ele></trkpt>
   <trkpt lat="52.536199" lon="13.417913"><ele>51</ele></trkpt>
   <trkpt lat="52.536234" lon="13.417951"><ele>51</ele></trkpt>
   <trkpt lat="52.536336" lon="13.418062"><ele>51</ele></trkpt>
   <trkpt lat="52.53648" lon="13.418225"><ele>51</ele></trkpt>
   <trkpt lat="52.536526" lon="13.418268"><ele>51</ele></trkpt>
   <trkpt lat="52.536603" lon="13.418347"><ele>51</ele></trkpt>
   <trkpt lat="52.536667" lon="13.418419"><ele>50.75</ele></trkpt>
   <trkpt lat="52.536701" lon="13.418457"><ele>51</ele></trkpt>
   <trkpt lat="52.536723" lon="13.418481"><ele>51</ele></trkpt>
   <trkpt lat="52.536868" lon="13.418644"><ele>51</ele></trkpt>
   <trkpt lat="52.537017" lon="13.418811"><ele>51</ele></trkpt>
   <trkpt lat="52.537155" lon="13.418966"><ele>51</ele></trkpt>
   <trkpt lat="52.53717" lon="13.418983"><ele>51</ele></trkpt>
   <trkpt lat="52.537304" lon="13.419133"><ele>51</ele></trkpt>
   <trkpt lat="52.53732" lon="13.419151"><ele>51</ele></trkpt>
   <trkpt lat="52.537391" lon="13.419231"><ele>51</ele></trkpt>
   <trkpt lat="52.537454" lon="13.419302"><ele>51</ele></trkpt>
   <trkpt lat="52.537467" lon="13.419316"><ele>51</ele></trkpt>
   <trkpt lat="52.537604" lon="13.41947"><ele>51</ele></trkpt>
   <trkpt lat="52.537614" lon="13.419481"><ele>51</ele></trkpt>
   <trkpt lat="52.537748" lon="13.419631"><ele>51</ele></trkpt>
   <trkpt lat="52.538024" lon="13.419941"><ele>51.25</ele></trkpt>
   <trkpt lat="52.538118" lon="13.420047"><ele>51.25</ele></trkpt>
   <trkpt lat="52.538193" lon="13.420134"><ele>51.5</ele></trkpt>
   <trkpt lat="52.538239" lon="13.420186"><ele>51.75</ele></trkpt>
   <trkpt lat="52.538298" lon="13.420257"><ele>51.75</ele></trkpt>
   <trkpt lat="52.538468" lon="13.420442"><ele>52</ele></trkpt>
   <trkpt lat="52.538543" lon="13.420523"><ele>52</ele></trkpt>
   <trkpt lat="52.538616" lon="13.420603"><ele>51.75</ele></trkpt>
   <trkpt lat="52.53878" lon="13.42078"><ele>52</ele></trkpt>
   <trkpt lat="52.538908" lon="13.420919"><ele>51.75</ele></trkpt>
   <trkpt lat="52.539031" lon="13.421052"><ele>52</ele></trkpt>
   <trkpt lat="52.539194" lon="13.421229"><ele>52</ele></trkpt>
   <trkpt lat="52.539386" lon="13.421434"><ele>51.75</ele></trkpt>
   <trkpt lat="52.539395" lon="13.421442"><ele>52</ele></trkpt>
   <trkpt lat="52.539415" lon="13.421459"><ele>52</ele></trkpt>
   <trkpt lat="52.539505" lon="13.421538"><ele>52</ele></trkpt>
   <trkpt lat="52.539579" lon="13.421603"><ele>52</ele></trkpt>
   <trkpt lat="52.539606" lon="13.421626"><ele>52</ele></trkpt>
   <trkpt lat="52.539675" lon="13.421686"><ele>52</ele></trkpt>
   <trkpt lat="52.539764" lon="13.421763"><ele>52</ele></trkpt>
   <trkpt lat="52.539788" lon="13.421783"><ele>52</ele></trkpt>
   <trkpt lat="52.5398" lon="13.421794"><ele>52</ele></trkpt>
   <trkpt lat="52.539916" lon="13.421872"><ele>52</ele></trkpt>
   <trkpt lat="52.540072" lon="13.421973"><ele>52</ele></trkpt>
   <trkpt lat="52.540216" lon="13.422072"><ele>52</ele></trkpt>
   <trkpt lat="52.540274" lon="13.42211"><ele>52</ele></trkpt>
   <trkpt lat="52.540493" lon="13.422257"><ele>52</ele></trkpt>
   <trkpt lat="52.540582" lon="13.422315"><ele>51.75</ele></trkpt>
   <trkpt lat="52.540606" lon="13.422331"><ele>52</ele></trkpt>
   <trkpt lat="52.540671" lon="13.422375"><ele>52</ele></trkpt>
   <trkpt lat="52.540876" lon="13.422513"><ele>52</ele></trkpt>
   <trkpt lat="52.541047" lon="13.422603"><ele>52</ele></trkpt>
   <trkpt lat="52.541428" lon="13.422786"><ele>51</ele></trkpt>
   <trkpt lat="52.541487" lon="13.422814"><ele>51.25</ele></trkpt>
   <trkpt lat="52.541577" lon="13.422853"><ele>51.25</ele></trkpt>
   <trkpt lat="52.542138" lon="13.423092"><ele>52</ele></trkpt>
   <trkpt lat="52.542213" lon="13.423121"><ele>52</ele></trkpt>
   <trkpt lat="52.542245" lon="13.423132"><ele>52</ele></trkpt>
   <trkpt lat="52.542288" lon="13.423151"><ele>52</ele></trkpt>
   <trkpt lat="52.542315" lon="13.423164"><ele>52</ele></trkpt>
   <trkpt lat="52.542867" lon="13.423396"><ele>52</ele></trkpt>
   <trkpt lat="52.542925" lon="13.423419"><ele>52</ele></trkpt>
   <trkpt lat="52.543011" lon="13.423455"><ele>52</ele></trkpt>
   <trkpt lat="52.543043" lon="13.42347"><ele>52</ele></trkpt>
   <trkpt lat="52.543252" lon="13.423563"><ele>52</ele></trkpt>
   <trkpt lat="52.543946" lon="13.423878"><ele>52</ele></trkpt>
   <trkpt lat="52.543982" lon="13.423922"><ele>51.75</ele></trkpt>
   <trkpt lat="52.544014" lon="13.423962"><ele>51.75</ele></trkpt>
   <trkpt lat="52.544076" lon="13.423831"><ele>52</ele></trkpt>
   <trkpt lat="52.544117" lon="13.423737"><ele>52</ele></trkpt>
   <trkpt lat="52.54454" lon="13.422773"><ele>52</ele></trkpt>
   <trkpt lat="52.544596" lon="13.422645"><ele>52</ele></trkpt>
   <trkpt lat="52.544632" lon="13.422679"><ele>52</ele></trkpt>
   <trkpt lat="52.544681" lon="13.422726"><ele>52</ele></trkpt>
   <trkpt lat="52.54519" lon="13.423201"><ele>52</ele></trkpt>
   <trkpt lat="52.54526" lon="13.423267"><ele>52</ele></trkpt>
   <trkpt lat="52.545322" lon="13.423325"><ele>52</ele></trkpt>
   <trkpt lat="52.545492" lon="13.423479"><ele>52</ele></trkpt>
   <trkpt lat="52.545617" lon="13.42359"><ele>50.5</ele></trkpt>
   <trkpt lat="52.54564" lon="13.423611"><ele>50</ele></trkpt>
   <trkpt lat="52.545992" lon="13.423905"><ele>49.5</ele></trkpt>
   <trkpt lat="52.546168" lon="13.424061"><ele>52</ele></trkpt>
   <trkpt lat="52.546213" lon="13.424103"><ele>52</ele></trkpt>
   <trkpt lat="52.546233" lon="13.424122"><ele>52</ele></trkpt>
   <trkpt lat="52.546298" lon="13.424181"><ele>52</ele></trkpt>
   <trkpt lat="52.546423" lon="13.424296"><ele>51.75</ele></trkpt>
   <trkpt lat="52.546793" lon="13.424636"><ele>51</ele></trkpt>
   <trkpt lat="52.546832" lon="13.424671"><ele>51</ele></trkpt>
   <trkpt lat="52.546843" lon="13.424681"><ele>50.75</ele></trkpt>
   <trkpt lat="52.546899" lon="13.424731"><ele>51</ele></trkpt>
   <trkpt lat="52.547019" lon="13.424838"><ele>51</ele></trkpt>
   <trkpt lat="52.547084" lon="13.424896"><ele>51</ele></trkpt>
   <trkpt lat="52.547104" lon="13.424915"><ele>51</ele></trkpt>
   <trkpt lat="52.547142" lon="13.424949"><ele>51</ele></trkpt>
   <trkpt lat="52.547418" lon="13.425192"><ele>51</ele></trkpt>
   <trkpt lat="52.547453" lon="13.425224"><ele>51</ele></trkpt>
   <trkpt lat="52.547639" lon="13.425394"><ele>51.25</ele></trkpt>
   <trkpt lat="52.547732" lon="13.425479"><ele>51</ele></trkpt>
   <trkpt lat="52.5478" lon="13.425542"><ele>51</ele></trkpt>
   <trkpt lat="52.548032" lon="13.425751"><ele>51</ele></trkpt>
   <trkpt lat="52.548539" lon="13.426194"><ele>50</ele></trkpt>
   <trkpt lat="52.548555" lon="13.426207"><ele>50</ele></trkpt>
   <trkpt lat="52.548633" lon="13.426274"><ele>50</ele></trkpt>
   <trkpt lat="52.548692" lon="13.426326"><ele>50.25</ele></trkpt>
   <trkpt lat="52.548719" lon="13.426349"><ele>50.25</ele></trkpt>
   <trkpt lat="52.549709" lon="13.427294"><ele>50.75</ele></trkpt>
   <trkpt lat="52.549722" lon="13.427306"><ele>50.5</ele></trkpt>
   <trkpt lat="52.549785" lon="13.427366"><ele>50.5</ele></trkpt>
   <trkpt lat="52.549849" lon="13.427428"><ele>50.5</ele></trkpt>
   <trkpt lat="52.549866" lon="13.427445"><ele>50.5</ele></trkpt>
   <trkpt lat="52.550073" lon="13.427641"><ele>51</ele></trkpt>
   <trkpt lat="52.550183" lon="13.427741"><ele>51</ele></trkpt>
   <trkpt lat="52.550221" lon="13.42793"><ele>51</ele></trkpt>
   <trkpt lat="52.550466" lon="13.429142"><ele>51</ele></trkpt>
   <trkpt lat="52.550509" lon="13.429358"><ele>51</ele></trkpt>
   <trkpt lat="52.550559" lon="13.429563"><ele>51</ele></trkpt>
   <trkpt lat="52.550574" lon="13.429627"><ele>51</ele></trkpt>
   <trkpt lat="52.550588" lon="13.429683"><ele>51</ele></trkpt>
   <trkpt lat="52.550653" lon="13.429731"><ele>51</ele></trkpt>
   <trkpt lat="52.550892" lon="13.429859"><ele>51</ele></trkpt>
   <trkpt lat="52.550914" lon="13.429868"><ele>51</ele></trkpt>
   <trkpt lat="52.550903" lon="13.429926"><ele>51</ele></trkpt>
   <trkpt lat="52.550896" lon="13.42997"><ele>51</ele></trkpt>
   <trkpt lat="52.550891" lon="13.429994"><ele>51</ele></trkpt>
   <trkpt lat="52.550889" lon="13.430009"><ele>51</ele></trkpt>
   <trkpt lat="52.550885" lon="13.43003"><ele>51</ele></trkpt>
   <trkpt lat="52.550878" lon="13.430069"><ele>51</ele></trkpt>
   <trkpt lat="52.550875" lon="13.430089"><ele>51</ele></trkpt>
   <trkpt lat="52.550871" lon="13.430113"><ele>51</ele></trkpt>
   <trkpt lat="52.550868" lon="13.430129"><ele>51</ele></trkpt>
   <trkpt lat="52.550856" lon="13.430197"><ele>51</ele></trkpt>
   <trkpt lat="52.550842" lon="13.430278"><ele>51</ele></trkpt>
   <trkpt lat="52.550923" lon="13.430316"><ele>51</ele></trkpt>
   <trkpt lat="52.551043" lon="13.430339"><ele>51</ele></trkpt>
   <trkpt lat="52.551104" lon="13.430358"><ele>51.25</ele></trkpt>
   <trkpt lat="52.551243" lon="13.430428"><ele>51.75</ele></trkpt>
   <trkpt lat="52.551291" lon="13.430447"><ele>51.75</ele></trkpt>
   <trkpt lat="52.55133" lon="13.430464"><ele>51.75</ele></trkpt>
   <trkpt lat="52.551447" lon="13.430514"><ele>52</ele></trkpt>
   <trkpt lat="52.551467" lon="13.430522"><ele>52</ele></trkpt>
   <trkpt lat="52.551685" lon="13.430578"><ele>51.75</ele></trkpt>
   <trkpt lat="52.551762" lon="13.430585"><ele>51.75</ele></trkpt>
   <trkpt lat="52.551785" lon="13.430638"><ele>51.75</ele></trkpt>
   <trkpt lat="52.55183" lon="13.430739"><ele>51.5</ele></trkpt>
   <trkpt lat="52.551899" lon="13.430839"><ele>51</ele></trkpt>
   <trkpt lat="52.551977" lon="13.431023"><ele>51</ele></trkpt>
   <trkpt lat="52.552055" lon="13.431199"><ele>51</ele></trkpt>
   <trkpt lat="52.552064" lon="13.43122"><ele>51</ele></trkpt>
   <trkpt lat="52.552212" lon="13.431554"><ele>51</ele></trkpt>
   <trkpt lat="52.552157" lon="13.431624"><ele>51</ele></trkpt>
   <trkpt lat="52.552146" lon="13.431636"><ele>50.75</ele></trkpt>
   <trkpt lat="52.551958" lon="13.432305"><ele>51</ele></trkpt>
   <trkpt lat="52.551917" lon="13.432453"><ele>51</ele></trkpt>
   <trkpt lat="52.551901" lon="13.432513"><ele>51</ele></trkpt>
   <trkpt lat="52.551857" lon="13.432673"><ele>51</ele></trkpt>
   <trkpt lat="52.551795" lon="13.432898"><ele>50.75</ele></trkpt>
   <trkpt lat="52.551771" lon="13.432983"><ele>50.5</ele></trkpt>
   <trkpt lat="52.551667" lon="13.433362"><ele>50</ele></trkpt>
   <trkpt lat="52.551589" lon="13.433645"><ele>50.25</ele></trkpt>
   <trkpt lat="52.551586" lon="13.433657"><ele>50.25</ele></trkpt>
   <trkpt lat="52.551566" lon="13.433729"><ele>50.5</ele></trkpt>
   <trkpt lat="52.551534" lon="13.433846"><ele>50.75</ele></trkpt>
   <trkpt lat="52.551383" lon="13.434394"><ele>50</ele></trkpt>
   <trkpt lat="52.551375" lon="13.434425"><ele>50</ele></trkpt>
   <trkpt lat="52.551235" lon="13.434931"><ele>50</ele></trkpt>
   <trkpt lat="52.55104" lon="13.435642"><ele>49</ele></trkpt>
   <trkpt lat="52.551015" lon="13.435734"><ele>49</ele></trkpt>
   <trkpt lat="52.550996" lon="13.435807"><ele>49</ele></trkpt>
   <trkpt lat="52.550904" lon="13.43615"><ele>49</ele></trkpt>
   <trkpt lat="52.550881" lon="13.436238"><ele>49</ele></trkpt>
   <trkpt lat="52.55078" lon="13.436598"><ele>49</ele></trkpt>
   <trkpt lat="52.550695" lon="13.436907"><ele>49</ele></trkpt>
   <trkpt lat="52.550623" lon="13.437165"><ele>48.75</ele></trkpt>
   <trkpt lat="52.550505" lon="13.437589"><ele>48</ele></trkpt>
   <trkpt lat="52.550502" lon="13.437603"><ele>48</ele></trkpt>
   <trkpt lat="52.55038" lon="13.438038"><ele>48.25</ele></trkpt>
   <trkpt lat="52.550248" lon="13.438511"><ele>48</ele></trkpt>
   <trkpt lat="52.550134" lon="13.438923"><ele>48</ele></trkpt>
   <trkpt lat="52.550098" lon="13.43905"><ele>48</ele></trkpt>
   <trkpt lat="52.54995" lon="13.439585"><ele>48</ele></trkpt>
   <trkpt lat="52.549908" lon="13.439737"><ele>48</ele></trkpt>
   <trkpt lat="52.549834" lon="13.440005"><ele>48</ele></trkpt>
   <trkpt lat="52.549673" lon="13.440587"><ele>48</ele></trkpt>
   <trkpt lat="52.549537" lon="13.441079"><ele>48</ele></trkpt>
   <trkpt lat="52.549528" lon="13.44111"><ele>48</ele></trkpt>
   <trkpt lat="52.549509" lon="13.441178"><ele>48</ele></trkpt>
   <trkpt lat="52.549485" lon="13.441255"><ele>48</ele></trkpt>
   <trkpt lat="52.549475" lon="13.441291"><ele>48</ele></trkpt>
   <trkpt lat="52.549446" lon="13.441382"><ele>48</ele></trkpt>
   <trkpt lat="52.549366" lon="13.441636"><ele>48</ele></trkpt>
   <trkpt lat="52.549172" lon="13.442253"><ele>48</ele></trkpt>
   <trkpt lat="52.549055" lon="13.442626"><ele>48</ele></trkpt>
   <trkpt lat="52.54897" lon="13.442894"><ele>48</ele></trkpt>
   <trkpt lat="52.548882" lon="13.443177"><ele>48</ele></trkpt>
   <trkpt lat="52.548811" lon="13.443403"><ele>48</ele></trkpt>
   <trkpt lat="52.548768" lon="13.443538"><ele>48</ele></trkpt>
   <trkpt lat="52.548661" lon="13.443879"><ele>48</ele></trkpt>
   <trkpt lat="52.548578" lon="13.444143"><ele>48</ele></trkpt>
   <trkpt lat="52.548507" lon="13.444367"><ele>48</ele></trkpt>
   <trkpt lat="52.548402" lon="13.444707"><ele>47.25</ele></trkpt>
   <trkpt lat="52.548367" lon="13.444812"><ele>47</ele></trkpt>
   <trkpt lat="52.548359" lon="13.444837"><ele>47</ele></trkpt>
   <trkpt lat="52.54833" lon="13.444922"><ele>47</ele></trkpt>
   <trkpt lat="52.5483" lon="13.445012"><ele>47</ele></trkpt>
   <trkpt lat="52.548244" lon="13.44518"><ele>47</ele></trkpt>
   <trkpt lat="52.548177" lon="13.445372"><ele>47</ele></trkpt>
   <trkpt lat="52.548095" lon="13.445612"><ele>46.75</ele></trkpt>
   <trkpt lat="52.548069" lon="13.445685"><ele>46.5</ele></trkpt>
   <trkpt lat="52.54802" lon="13.445828"><ele>46</ele></trkpt>
   <trkpt lat="52.547903" lon="13.446166"><ele>46.25</ele></trkpt>
   <trkpt lat="52.547806" lon="13.446445"><ele>46</ele></trkpt>
   <trkpt lat="52.547736" lon="13.446648"><ele>46</ele></trkpt>
   <trkpt lat="52.547706" lon="13.446736"><ele>46</ele></trkpt>
   <trkpt lat="52.547671" lon="13.446804"><ele>46</ele></trkpt>
   <trkpt lat="52.547659" lon="13.446829"><ele>46</ele></trkpt>
   <trkpt lat="52.547566" lon="13.447015"><ele>46</ele></trkpt>
   <trkpt lat="52.547507" lon="13.447133"><ele>46</ele></trkpt>
   <trkpt lat="52.54746" lon="13.447227"><ele>46</ele></trkpt>
   <trkpt lat="52.547392" lon="13.447362"><ele>46</ele></trkpt>
   <trkpt lat="52.547319" lon="13.447508"><ele>46</ele></trkpt>
   <trkpt lat="52.54722" lon="13.447704"><ele>45.75</ele></trkpt>
   <trkpt lat="52.547192" lon="13.44776"><ele>45.75</ele></trkpt>
   <trkpt lat="52.547191" lon="13.447763"><ele>45.75</ele></trkpt>
   <trkpt lat="52.547178" lon="13.447781"><ele>46</ele></trkpt>
   <trkpt lat="52.547159" lon="13.447808"><ele>46</ele></trkpt>
   <trkpt lat="52.547062" lon="13.447914"><ele>46</ele></trkpt>
   <trkpt lat="52.547005" lon="13.44797"><ele>46</ele></trkpt>
   <trkpt lat="52.54698" lon="13.447994"><ele>46</ele></trkpt>
   <trkpt lat="52.546918" lon="13.448054"><ele>46</ele></trkpt>
   <trkpt lat="52.546849" lon="13.448174"><ele>46</ele></trkpt>
   <trkpt lat="52.546836" lon="13.448206"><ele>46</ele></trkpt>
   <trkpt lat="52.546808" lon="13.448268"><ele>46</ele></trkpt>
   <trkpt lat="52.546781" lon="13.448335"><ele>46</ele></trkpt>
   <trkpt lat="52.546515" lon="13.448996"><ele>46</ele></trkpt>
   <trkpt lat="52.546375" lon="13.449323"><ele>46</ele></trkpt>
   <trkpt lat="52.546359" lon="13.44936"><ele>46</ele></trkpt>
   <trkpt lat="52.54633" lon="13.449429"><ele>46</ele></trkpt>
   <trkpt lat="52.546358" lon="13.449459"><ele>46</ele></trkpt>
   <trkpt lat="52.546371" lon="13.449474"><ele>46</ele></trkpt>
   <trkpt lat="52.546392" lon="13.449497"><ele>46</ele></trkpt>
   <trkpt lat="52.546518" lon="13.449639"><ele>46</ele></trkpt>
   <trkpt lat="52.546547" lon="13.449672"><ele>46</ele></trkpt>
   <trkpt lat="52.546835" lon="13.449997"><ele>46</ele></trkpt>
   <trkpt lat="52.546882" lon="13.450051"><ele>46</ele></trkpt>
   <trkpt lat="52.546886" lon="13.450055"><ele>46</ele></trkpt>
   <trkpt lat="52.546975" lon="13.450155"><ele>46</ele></trkpt>
   <trkpt lat="52.547007" lon="13.450208"><ele>46</ele></trkpt>
   <trkpt lat="52.547089" lon="13.450553"><ele>46</ele></trkpt>
   <trkpt lat="52.547102" lon="13.450613"><ele>46</ele></trkpt>
   <trkpt lat="52.547145" lon="13.450806"><ele>46</ele></trkpt>
   <trkpt lat="52.547156" lon="13.450857"><ele>46</ele></trkpt>
   <trkpt lat="52.547166" lon="13.450902"><ele>46</ele></trkpt>
   <trkpt lat="52.547185" lon="13.450986"><ele>46</ele></trkpt>
   <trkpt lat="52.547263" lon="13.451344"><ele>46</ele></trkpt>
   <trkpt lat="52.547305" lon="13.451537"><ele>46.25</ele></trkpt>
   <trkpt lat="52.547311" lon="13.451565"><ele>46.25</ele></trkpt>
   <trkpt lat="52.547331" lon="13.451659"><ele>46.5</ele></trkpt>
   <trkpt lat="52.547349" lon="13.451746"><ele>46.5</ele></trkpt>
   <trkpt lat="52.547374" lon="13.451864"><ele>46.75</ele></trkpt>
   <trkpt lat="52.547389" lon="13.451932"><ele>46.75</ele></trkpt>
   <trkpt lat="52.547393" lon="13.451949"><ele>47</ele></trkpt>
   <trkpt lat="52.54765" lon="13.453148"><ele>48</ele></trkpt>
   <trkpt lat="52.54768" lon="13.453282"><ele>48</ele></trkpt>
   <trkpt lat="52.547704" lon="13.4534"><ele>48</ele></trkpt>
   <trkpt lat="52.547851" lon="13.454093"><ele>48</ele></trkpt>
   <trkpt lat="52.547861" lon="13.454134"><ele>48</ele></trkpt>
   <trkpt lat="52.547916" lon="13.454385"><ele>48</ele></trkpt>
   <trkpt lat="52.547925" lon="13.454425"><ele>48</ele></trkpt>
   <trkpt lat="52.547955" lon="13.454558"><ele>48</ele></trkpt>
   <trkpt lat="52.547975" lon="13.454649"><ele>48</ele></trkpt>
   <trkpt lat="52.547986" lon="13.454697"><ele>48</ele></trkpt>
   <trkpt lat="52.548044" lon="13.454957"><ele>48</ele></trkpt>
   <trkpt lat="52.548106" lon="13.455236"><ele>48.75</ele></trkpt>
   <trkpt lat="52.548115" lon="13.455276"><ele>48.75</ele></trkpt>
   <trkpt lat="52.54812" lon="13.455303"><ele>48.75</ele></trkpt>
   <trkpt lat="52.54822" lon="13.455771"><ele>49</ele></trkpt>
   <trkpt lat="52.548287" lon="13.456087"><ele>49</ele></trkpt>
   <trkpt lat="52.548322" lon="13.456244"><ele>49</ele></trkpt>
   <trkpt lat="52.548345" lon="13.456356"><ele>48.75</ele></trkpt>
   <trkpt lat="52.548419" lon="13.456696"><ele>49</ele></trkpt>
   <trkpt lat="52.548452" lon="13.456848"><ele>49</ele></trkpt>
   <trkpt lat="52.548455" lon="13.456862"><ele>49</ele></trkpt>
   <trkpt lat="52.548518" lon="13.457154"><ele>49.25</ele></trkpt>
   <trkpt lat="52.548522" lon="13.457174"><ele>49.25</ele></trkpt>
   <trkpt lat="52.548528" lon="13.457199"><ele>49.25</ele></trkpt>
   <trkpt lat="52.548635" lon="13.457696"><ele>49.5</ele></trkpt>
   <trkpt lat="52.548684" lon="13.457925"><ele>49.75</ele></trkpt>
   <trkpt lat="52.548718" lon="13.458083"><ele>50</ele></trkpt>
   <trkpt lat="52.548738" lon="13.458175"><ele>50</ele></trkpt>
   <trkpt lat="52.548784" lon="13.45839"><ele>50.5</ele></trkpt>
   <trkpt lat="52.548797" lon="13.458449"><ele>50.75</ele></trkpt>
   <trkpt lat="52.548821" lon="13.458559"><ele>50.75</ele></trkpt>
   <trkpt lat="52.54888" lon="13.458832"><ele>51</ele></trkpt>
   <trkpt lat="52.548908" lon="13.458967"><ele>51</ele></trkpt>
   <trkpt lat="52.548938" lon="13.459099"><ele>51</ele></trkpt>
   <trkpt lat="52.549045" lon="13.459601"><ele>51</ele></trkpt>
   <trkpt lat="52.549133" lon="13.459999"><ele>51</ele></trkpt>
   <trkpt lat="52.549152" lon="13.460086"><ele>51</ele></trkpt>
   <trkpt lat="52.549197" lon="13.460295"><ele>51</ele></trkpt>
   <trkpt lat="52.549331" lon="13.460912"><ele>52</ele></trkpt>
   <trkpt lat="52.549471" lon="13.461556"><ele>52</ele></trkpt>
   <trkpt lat="52.549547" lon="13.461903"><ele>52</ele></trkpt>
   <trkpt lat="52.54956" lon="13.461967"><ele>52</ele></trkpt>
   <trkpt lat="52.549671" lon="13.462476"><ele>52</ele></trkpt>
   <trkpt lat="52.549697" lon="13.462594"><ele>52</ele></trkpt>
   <trkpt lat="52.54972" lon="13.462702"><ele>52</ele></trkpt>
   <trkpt lat="52.549847" lon="13.463291"><ele>52</ele></trkpt>
   <trkpt lat="52.549952" lon="13.463779"><ele>52</ele></trkpt>
   <trkpt lat="52.549991" lon="13.463959"><ele>52</ele></trkpt>
   <trkpt lat="52.550034" lon="13.464158"><ele>52</ele></trkpt>
   <trkpt lat="52.550171" lon="13.464795"><ele>52</ele></trkpt>
   <trkpt lat="52.550192" lon="13.464893"><ele>52</ele></trkpt>
   <trkpt lat="52.550233" lon="13.465082"><ele>52</ele></trkpt>
   <trkpt lat="52.550371" lon="13.465725"><ele>52</ele></trkpt>
   <trkpt lat="52.55046" lon="13.466137"><ele>52</ele></trkpt>
   <trkpt lat="52.550464" lon="13.466157"><ele>52</ele></trkpt>
   <trkpt lat="52.550497" lon="13.466309"><ele>52</ele></trkpt>
   <trkpt lat="52.55051" lon="13.466403"><ele>52</ele></trkpt>
   <trkpt lat="52.550516" lon="13.466448"><ele>52</ele></trkpt>
   <trkpt lat="52.550528" lon="13.466539"><ele>52</ele></trkpt>
   <trkpt lat="52.55064" lon="13.466513"><ele>52</ele></trkpt>
   <trkpt lat="52.550723" lon="13.46649"><ele>52</ele></trkpt>
   <trkpt lat="52.550972" lon="13.466397"><ele>52</ele></trkpt>
   <trkpt lat="52.5511" lon="13.466331"><ele>52</ele></trkpt>
   <trkpt lat="52.551122" lon="13.466318"><ele>52</ele></trkpt>
   <trkpt lat="52.551242" lon="13.466241"><ele>52</ele></trkpt>
   <trkpt lat="52.551271" lon="13.466353"><ele>52.5</ele></trkpt>
   <trkpt lat="52.551276" lon="13.466386"><ele>52.5</ele></trkpt>
   <trkpt lat="52.551279" lon="13.466427"><ele>52.5</ele></trkpt>
   <trkpt lat="52.551265" lon="13.466661"><ele>52.75</ele></trkpt>
   <trkpt lat="52.551262" lon="13.466697"><ele>53</ele></trkpt>
   <trkpt lat="52.551235" lon="13.467047"><ele>53</ele></trkpt>
   <trkpt lat="52.551221" lon="13.467278"><ele>53</ele></trkpt>
   <trkpt lat="52.551211" lon="13.467429"><ele>53</ele></trkpt>
   <trkpt lat="52.551207" lon="13.467471"><ele>53</ele></trkpt>
   <trkpt lat="52.551217" lon="13.467532"><ele>53</ele></trkpt>
   <trkpt lat="52.551246" lon="13.467592"><ele>53</ele></trkpt>
   <trkpt lat="52.551495" lon="13.467953"><ele>53</ele></trkpt>
   <trkpt lat="52.551513" lon="13.467979"><ele>53</ele></trkpt>
   <trkpt lat="52.551608" lon="13.468107"><ele>53</ele></trkpt>
   <trkpt lat="52.551682" lon="13.46821"><ele>52.75</ele></trkpt>
   <trkpt lat="52.551878" lon="13.468484"><ele>52.5</ele></trkpt>
   <trkpt lat="52.552153" lon="13.468887"><ele>52</ele></trkpt>
   <trkpt lat="52.552698" lon="13.469661"><ele>52</ele></trkpt>
   <trkpt lat="52.552766" lon="13.469752"><ele>52</ele></trkpt>
   <trkpt lat="52.55282" lon="13.469827"><ele>52</ele></trkpt>
   <trkpt lat="52.552914" lon="13.469961"><ele>52</ele></trkpt>
   <trkpt lat="52.552966" lon="13.470005"><ele>51.75</ele></trkpt>
   <trkpt lat="52.553065" lon="13.470044"><ele>52</ele></trkpt>
   <trkpt lat="52.553112" lon="13.470062"><ele>52</ele></trkpt>
   <trkpt lat="52.553225" lon="13.470109"><ele>52</ele></trkpt>
   <trkpt lat="52.553536" lon="13.470236"><ele>52</ele></trkpt>
   <trkpt lat="52.553553" lon="13.470243"><ele>52</ele></trkpt>
   <trkpt lat="52.553603" lon="13.470264"><ele>52</ele></trkpt>
   <trkpt lat="52.553652" lon="13.470285"><ele>52</ele></trkpt>
   <trkpt lat="52.553678" lon="13.470296"><ele>52</ele></trkpt>
   <trkpt lat="52.553725" lon="13.470316"><ele>52</ele></trkpt>
   <trkpt lat="52.553772" lon="13.470335"><ele>52</ele></trkpt>
   <trkpt lat="52.553792" lon="13.470344"><ele>52</ele></trkpt>
   <trkpt lat="52.553979" lon="13.470423"><ele>52.25</ele></trkpt>
   <trkpt lat="52.554054" lon="13.470455"><ele>52.5</ele></trkpt>
   <trkpt lat="52.554526" lon="13.470656"><ele>53</ele></trkpt>
   <trkpt lat="52.554778" lon="13.470762"><ele>53</ele></trkpt>
   <trkpt lat="52.554887" lon="13.470809"><ele>53.5</ele></trkpt>
   <trkpt lat="52.554931" lon="13.470814"><ele>53.75</ele></trkpt>
   <trkpt lat="52.555096" lon="13.470779"><ele>54</ele></trkpt>
   <trkpt lat="52.555112" lon="13.470776"><ele>54</ele></trkpt>
   <trkpt lat="52.555128" lon="13.470772"><ele>54</ele></trkpt>
   <trkpt lat="52.55516" lon="13.470766"><ele>54</ele></trkpt>
   <trkpt lat="52.555167" lon="13.470848"><ele>54</ele></trkpt>
   <trkpt lat="52.555303" lon="13.472561"><ele>53.25</ele></trkpt>
   <trkpt lat="52.55531" lon="13.472644"><ele>53.5</ele></trkpt>
   <trkpt lat="52.555316" lon="13.472715"><ele>53.75</ele></trkpt>
   <trkpt lat="52.555512" lon="13.475211"><ele>53</ele></trkpt>
   <trkpt lat="52.555562" lon="13.475826"><ele>53</ele></trkpt>
   <trkpt lat="52.555548" lon="13.475946"><ele>53.25</ele></trkpt>
   <trkpt lat="52.55557" lon="13.476209"><ele>54</ele></trkpt>
   <trkpt lat="52.555603" lon="13.47633"><ele>54</ele></trkpt>
   <trkpt lat="52.555614" lon="13.476471"><ele>54</ele></trkpt>
   <trkpt lat="52.555624" lon="13.476597"><ele>53.75</ele></trkpt>
   <trkpt lat="52.555628" lon="13.476651"><ele>54</ele></trkpt>
   <trkpt lat="52.555735" lon="13.478041"><ele>53.75</ele></trkpt>
   <trkpt lat="52.555774" lon="13.478524"><ele>54</ele></trkpt>
   <trkpt lat="52.555784" lon="13.47864"><ele>54</ele></trkpt>
   <trkpt lat="52.555794" lon="13.478764"><ele>54</ele></trkpt>
   <trkpt lat="52.555846" lon="13.479411"><ele>54</ele></trkpt>
   <trkpt lat="52.555852" lon="13.479487"><ele>54</ele></trkpt>
   <trkpt lat="52.555887" lon="13.479939"><ele>54</ele></trkpt>
   <trkpt lat="52.555907" lon="13.480183"><ele>54.5</ele></trkpt>
   <trkpt lat="52.555927" lon="13.480442"><ele>55</ele></trkpt>
   <trkpt lat="52.555958" lon="13.480824"><ele>55.25</ele></trkpt>
   <trkpt lat="52.555983" lon="13.48114"><ele>56</ele></trkpt>
   <trkpt lat="52.555986" lon="13.481174"><ele>56</ele></trkpt>
   <trkpt lat="52.556013" lon="13.481505"><ele>56.25</ele></trkpt>
   <trkpt lat="52.55602" lon="13.481594"><ele>56.25</ele></trkpt>
   <trkpt lat="52.556013" lon="13.481807"><ele>56.75</ele></trkpt>
   <trkpt lat="52.556018" lon="13.481874"><ele>56.75</ele></trkpt>
   <trkpt lat="52.556042" lon="13.482164"><ele>57</ele></trkpt>
   <trkpt lat="52.556052" lon="13.482217"><ele>56.75</ele></trkpt>
   <trkpt lat="52.556072" lon="13.482314"><ele>57</ele></trkpt>
   <trkpt lat="52.556095" lon="13.482531"><ele>57</ele></trkpt>
   <trkpt lat="52.556145" lon="13.482689"><ele>57</ele></trkpt>
   <trkpt lat="52.556156" lon="13.482797"><ele>57</ele></trkpt>
   <trkpt lat="52.556158" lon="13.482824"><ele>57.25</ele></trkpt>
   <trkpt lat="52.556193" lon="13.483292"><ele>58</ele></trkpt>
   <trkpt lat="52.556196" lon="13.483343"><ele>58</ele></trkpt>
   <trkpt lat="52.556198" lon="13.483358"><ele>58</ele></trkpt>
   <trkpt lat="52.556284" lon="13.484494"><ele>58</ele></trkpt>
   <trkpt lat="52.55629" lon="13.484567"><ele>58.25</ele></trkpt>
   <trkpt lat="52.55632" lon="13.484933"><ele>58</ele></trkpt>
   <trkpt lat="52.556344" lon="13.485222"><ele>58</ele></trkpt>
   <trkpt lat="52.556381" lon="13.485611"><ele>58</ele></trkpt>
   <trkpt lat="52.556398" lon="13.485688"><ele>58</ele></trkpt>
   <trkpt lat="52.556422" lon="13.485795"><ele>57.75</ele></trkpt>
   <trkpt lat="52.556429" lon="13.485832"><ele>58</ele></trkpt>
   <trkpt lat="52.556447" lon="13.485916"><ele>58</ele></trkpt>
   <trkpt lat="52.556513" lon="13.486229"><ele>58</ele></trkpt>
   <trkpt lat="52.556534" lon="13.486271"><ele>58</ele></trkpt>
   <trkpt lat="52.556586" lon="13.486493"><ele>58</ele></trkpt>
   <trkpt lat="52.556609" lon="13.486592"><ele>58</ele></trkpt>
   <trkpt lat="52.556598" lon="13.486614"><ele>58</ele></trkpt>
   <trkpt lat="52.556577" lon="13.486655"><ele>58</ele></trkpt>
   <trkpt lat="52.556505" lon="13.486539"><ele>58</ele></trkpt>
   <trkpt lat="52.55647" lon="13.4866"><ele>58</ele></trkpt>
   <trkpt lat="52.55645" lon="13.486636"><ele>58</ele></trkpt>
   <trkpt lat="52.556382" lon="13.486755"><ele>57.5</ele></trkpt>
   <trkpt lat="52.556523" lon="13.48698"><ele>57</ele></trkpt>
   <trkpt lat="52.556687" lon="13.487262"><ele>57</ele></trkpt>
   <trkpt lat="52.556818" lon="13.487517"><ele>56.75</ele></trkpt>
   <trkpt lat="52.55696" lon="13.487816"><ele>56</ele></trkpt>
   <trkpt lat="52.557164" lon="13.488302"><ele>55.75</ele></trkpt>
   <trkpt lat="52.557253" lon="13.488537"><ele>55.75</ele></trkpt>
   <trkpt lat="52.557469" lon="13.489134"><ele>55</ele></trkpt>
   <trkpt lat="52.557743" lon="13.489914"><ele>55</ele></trkpt>
   <trkpt lat="52.557763" lon="13.489972"><ele>55</ele></trkpt>
   <trkpt lat="52.557804" lon="13.49009"><ele>54.75</ele></trkpt>
   <trkpt lat="52.557872" lon="13.490273"><ele>54.75</ele></trkpt>
   <trkpt lat="52.558103" lon="13.490898"><ele>54.5</ele></trkpt>
   <trkpt lat="52.558331" lon="13.491522"><ele>54</ele></trkpt>
   <trkpt lat="52.558491" lon="13.491961"><ele>54</ele></trkpt>
   <trkpt lat="52.558508" lon="13.492005"><ele>54</ele></trkpt>
   <trkpt lat="52.558522" lon="13.492045"><ele>54</ele></trkpt>
   <trkpt lat="52.558765" lon="13.492727"><ele>54</ele></trkpt>
   <trkpt lat="52.558767" lon="13.492733"><ele>54</ele></trkpt>
   <trkpt lat="52.558805" lon="13.492837"><ele>54</ele></trkpt>
   <trkpt lat="52.558985" lon="13.49333"><ele>54.75</ele></trkpt>
   <trkpt lat="52.559003" lon="13.49338"><ele>55</ele></trkpt>
   <trkpt lat="52.559064" lon="13.493554"><ele>55</ele></trkpt>
   <trkpt lat="52.559103" lon="13.493664"><ele>55</ele></trkpt>
   <trkpt lat="52.559263" lon="13.494123"><ele>55</ele></trkpt>
   <trkpt lat="52.559348" lon="13.494368"><ele>55</ele></trkpt>
   <trkpt lat="52.559443" lon="13.494629"><ele>54.75</ele></trkpt>
   <trkpt lat="52.559533" lon="13.494877"><ele>55</ele></trkpt>
   <trkpt lat="52.559476" lon="13.494947"><ele>55</ele></trkpt>
   <trkpt lat="52.559523" lon="13.495077"><ele>54.75</ele></trkpt>
   <trkpt lat="52.559945" lon="13.496247"><ele>55</ele></trkpt>
   <trkpt lat="52.560063" lon="13.496571"><ele>55</ele></trkpt>
   <trkpt lat="52.560092" lon="13.496654"><ele>55</ele></trkpt>
   <trkpt lat="52.560113" lon="13.496713"><ele>55</ele></trkpt>
   <trkpt lat="52.560399" lon="13.4975"><ele>55</ele></trkpt>
   <trkpt lat="52.560449" lon="13.497625"><ele>55</ele></trkpt>
   <trkpt lat="52.560471" lon="13.49769"><ele>55</ele></trkpt>
   <trkpt lat="52.560508" lon="13.497807"><ele>54.75</ele></trkpt>
   <trkpt lat="52.56056" lon="13.497994"><ele>55</ele></trkpt>
   <trkpt lat="52.560972" lon="13.499324"><ele>55</ele></trkpt>
   <trkpt lat="52.561158" lon="13.499921"><ele>55</ele></trkpt>
   <trkpt lat="52.56124" lon="13.50002"><ele>55</ele></trkpt>
   <trkpt lat="52.561308" lon="13.500218"><ele>55</ele></trkpt>
   <trkpt lat="52.561325" lon="13.500253"><ele>55</ele></trkpt>
   <trkpt lat="52.561368" lon="13.500342"><ele>55</ele></trkpt>
   <trkpt lat="52.561394" lon="13.500394"><ele>55</ele></trkpt>
   <trkpt lat="52.561468" lon="13.500576"><ele>55</ele></trkpt>
   <trkpt lat="52.561486" lon="13.500628"><ele>55</ele></trkpt>
   <trkpt lat="52.561528" lon="13.500752"><ele>55</ele></trkpt>
   <trkpt lat="52.561624" lon="13.501035"><ele>55</ele></trkpt>
   <trkpt lat="52.561678" lon="13.501184"><ele>55</ele></trkpt>
   <trkpt lat="52.561986" lon="13.502026"><ele>55</ele></trkpt>
   <trkpt lat="52.562204" lon="13.502629"><ele>55</ele></trkpt>
   <trkpt lat="52.562377" lon="13.503114"><ele>55</ele></trkpt>
   <trkpt lat="52.562391" lon="13.503179"><ele>55</ele></trkpt>
   <trkpt lat="52.562406" lon="13.50325"><ele>55</ele></trkpt>
   <trkpt lat="52.562465" lon="13.503536"><ele>55</ele></trkpt>
   <trkpt lat="52.562559" lon="13.503819"><ele>55</ele></trkpt>
   <trkpt lat="52.562655" lon="13.504092"><ele>55</ele></trkpt>
   <trkpt lat="52.562664" lon="13.504118"><ele>55</ele></trkpt>
   <trkpt lat="52.562798" lon="13.504343"><ele>55</ele></trkpt>
   <trkpt lat="52.562844" lon="13.504479"><ele>55</ele></trkpt>
   <trkpt lat="52.562894" lon="13.504626"><ele>55.25</ele></trkpt>
   <trkpt lat="52.562907" lon="13.504707"><ele>55.25</ele></trkpt>
   <trkpt lat="52.562976" lon="13.504901"><ele>55.5</ele></trkpt>
   <trkpt lat="52.562988" lon="13.504935"><ele>55.75</ele></trkpt>
   <trkpt lat="52.562987" lon="13.50505"><ele>55.75</ele></trkpt>
   <trkpt lat="52.562972" lon="13.505101"><ele>55.5</ele></trkpt>
   <trkpt lat="52.562971" lon="13.505106"><ele>55.5</ele></trkpt>
   <trkpt lat="52.562997" lon="13.505157"><ele>55.75</ele></trkpt>
   <trkpt lat="52.563" lon="13.505165"><ele>55.75</ele></trkpt>
   <trkpt lat="52.563028" lon="13.505226"><ele>55.75</ele></trkpt>
   <trkpt lat="52.563066" lon="13.505303"><ele>56</ele></trkpt>
   <trkpt lat="52.56309" lon="13.505351"><ele>56</ele></trkpt>
   <trkpt lat="52.5631" lon="13.505371"><ele>56</ele></trkpt>
   <trkpt lat="52.563104" lon="13.50538"><ele>56</ele></trkpt>
   <trkpt lat="52.563112" lon="13.505395"><ele>56</ele></trkpt>
   <trkpt lat="52.563134" lon="13.505441"><ele>56</ele></trkpt>
   <trkpt lat="52.563137" lon="13.505448"><ele>56</ele></trkpt>
   <trkpt lat="52.563159" lon="13.505493"><ele>56</ele></trkpt>
   <trkpt lat="52.563179" lon="13.505534"><ele>56</ele></trkpt>
   <trkpt lat="52.56326" lon="13.505779"><ele>56</ele></trkpt>
   <trkpt lat="52.563278" lon="13.505914"><ele>55.75</ele></trkpt>
   <trkpt lat="52.563314" lon="13.506017"><ele>55.75</ele></trkpt>
   <trkpt lat="52.563405" lon="13.50627"><ele>55.5</ele></trkpt>
   <trkpt lat="52.563479" lon="13.506396"><ele>55.5</ele></trkpt>
   <trkpt lat="52.563538" lon="13.506544"><ele>55.5</ele></trkpt>
   <trkpt lat="52.563653" lon="13.506709"><ele>56</ele></trkpt>
   <trkpt lat="52.563679" lon="13.506778"><ele>55.75</ele></trkpt>
   <trkpt lat="52.56391" lon="13.507386"><ele>56</ele></trkpt>
   <trkpt lat="52.563931" lon="13.507461"><ele>56</ele></trkpt>
   <trkpt lat="52.563962" lon="13.507569"><ele>56</ele></trkpt>
   <trkpt lat="52.564381" lon="13.508674"><ele>56</ele></trkpt>
   <trkpt lat="52.564396" lon="13.508703"><ele>56</ele></trkpt>
   <trkpt lat="52.564503" lon="13.508949"><ele>56.25</ele></trkpt>
   <trkpt lat="52.564571" lon="13.509084"><ele>56.75</ele></trkpt>
   <trkpt lat="52.564632" lon="13.509239"><ele>57.25</ele></trkpt>
   <trkpt lat="52.565071" lon="13.51036"><ele>58.75</ele></trkpt>
   <trkpt lat="52.56529" lon="13.510954"><ele>60</ele></trkpt>
   <trkpt lat="52.565542" lon="13.511722"><ele>61.25</ele></trkpt>
   <trkpt lat="52.565589" lon="13.511846"><ele>60.25</ele></trkpt>
   <trkpt lat="52.565636" lon="13.511971"><ele>58.5</ele></trkpt>
   <trkpt lat="52.56607" lon="13.513083"><ele>58.5</ele></trkpt>
   <trkpt lat="52.56621" lon="13.513457"><ele>60.75</ele></trkpt>
   <trkpt lat="52.566249" lon="13.51365"><ele>60.25</ele></trkpt>
   <trkpt lat="52.566319" lon="13.513851"><ele>60.5</ele></trkpt>
   <trkpt lat="52.566464" lon="13.514199"><ele>59.75</ele></trkpt>
   <trkpt lat="52.566697" lon="13.514782"><ele>59</ele></trkpt>
   <trkpt lat="52.566787" lon="13.515016"><ele>58.75</ele></trkpt>
   <trkpt lat="52.566831" lon="13.515127"><ele>58.5</ele></trkpt>
   <trkpt lat="52.566841" lon="13.515151"><ele>58.5</ele></trkpt>
   <trkpt lat="52.56691" lon="13.515309"><ele>58</ele></trkpt>
   <trkpt lat="52.566951" lon="13.515395"><ele>58</ele></trkpt>
   <trkpt lat="52.566999" lon="13.515498"><ele>58</ele></trkpt>
   <trkpt lat="52.567042" lon="13.515457"><ele>58</ele></trkpt>
   <trkpt lat="52.56709" lon="13.515579"><ele>58</ele></trkpt>
   <trkpt lat="52.567522" lon="13.516678"><ele>58</ele></trkpt>
   <trkpt lat="52.567519" lon="13.516813"><ele>58</ele></trkpt>
   <trkpt lat="52.567909" lon="13.517832"><ele>58</ele></trkpt>
   <trkpt lat="52.56792" lon="13.517979"><ele>58</ele></trkpt>
   <trkpt lat="52.567971" lon="13.518132"><ele>58</ele></trkpt>
   <trkpt lat="52.568002" lon="13.518198"><ele>58</ele></trkpt>
   <trkpt lat="52.568057" lon="13.518314"><ele>58</ele></trkpt>
   <trkpt lat="52.568084" lon="13.518387"><ele>58</ele></trkpt>
   <trkpt lat="52.568188" lon="13.518797"><ele>58.25</ele></trkpt>
   <trkpt lat="52.568244" lon="13.519192"><ele>58.5</ele></trkpt>
   <trkpt lat="52.568316" lon="13.519639"><ele>59</ele></trkpt>
   <trkpt lat="52.568379" lon="13.520113"><ele>59.75</ele></trkpt>
   <trkpt lat="52.568389" lon="13.520223"><ele>60</ele></trkpt>
   <trkpt lat="52.568422" lon="13.520468"><ele>60</ele></trkpt>
   <trkpt lat="52.568429" lon="13.52051"><ele>60.25</ele></trkpt>
   <trkpt lat="52.568447" lon="13.520597"><ele>60.25</ele></trkpt>
   <trkpt lat="52.568468" lon="13.520709"><ele>60.25</ele></trkpt>
   <trkpt lat="52.568487" lon="13.520812"><ele>60.5</ele></trkpt>
   <trkpt lat="52.568499" lon="13.520885"><ele>60.5</ele></trkpt>
   <trkpt lat="52.568505" lon="13.520927"><ele>60.5</ele></trkpt>
   <trkpt lat="52.568507" lon="13.520995"><ele>60.75</ele></trkpt>
   <trkpt lat="52.568498" lon="13.521075"><ele>60.75</ele></trkpt>
   <trkpt lat="52.568523" lon="13.521314"><ele>60.75</ele></trkpt>
   <trkpt lat="52.568577" lon="13.521474"><ele>60.75</ele></trkpt>
   <trkpt lat="52.568751" lon="13.522866"><ele>60.25</ele></trkpt>
   <trkpt lat="52.568764" lon="13.522969"><ele>60</ele></trkpt>
   <trkpt lat="52.568775" lon="13.523051"><ele>60</ele></trkpt>
   <trkpt lat="52.568961" lon="13.524526"><ele>60</ele></trkpt>
   <trkpt lat="52.568974" lon="13.524631"><ele>60</ele></trkpt>
   <trkpt lat="52.568986" lon="13.524721"><ele>60</ele></trkpt>
   <trkpt lat="52.569004" lon="13.524866"><ele>60</ele></trkpt>
   <trkpt lat="52.569012" lon="13.525025"><ele>60</ele></trkpt>
   <trkpt lat="52.569018" lon="13.525184"><ele>60</ele></trkpt>
   <trkpt lat="52.569163" lon="13.526329"><ele>60</ele></trkpt>
   <trkpt lat="52.569167" lon="13.526366"><ele>60</ele></trkpt>
   <trkpt lat="52.569214" lon="13.526632"><ele>60</ele></trkpt>
   <trkpt lat="52.569244" lon="13.526794"><ele>60</ele></trkpt>
   <trkpt lat="52.569249" lon="13.526836"><ele>60</ele></trkpt>
   <trkpt lat="52.569294" lon="13.527204"><ele>60</ele></trkpt>
   <trkpt lat="52.569418" lon="13.527497"><ele>60</ele></trkpt>
   <trkpt lat="52.569483" lon="13.527675"><ele>60</ele></trkpt>
   <trkpt lat="52.569628" lon="13.528029"><ele>59.75</ele></trkpt>
   <trkpt lat="52.569702" lon="13.528518"><ele>60</ele></trkpt>
   <trkpt lat="52.569755" lon="13.528911"><ele>59.75</ele></trkpt>
   <trkpt lat="52.569767" lon="13.529111"><ele>59.75</ele></trkpt>
   <trkpt lat="52.569765" lon="13.529206"><ele>59.75</ele></trkpt>
   <trkpt lat="52.569775" lon="13.529292"><ele>59.75</ele></trkpt>
   <trkpt lat="52.56981" lon="13.529398"><ele>59.5</ele></trkpt>
   <trkpt lat="52.569837" lon="13.529622"><ele>59.75</ele></trkpt>
   <trkpt lat="52.569838" lon="13.529636"><ele>59.75</ele></trkpt>
   <trkpt lat="52.569852" lon="13.529751"><ele>59.75</ele></trkpt>
   <trkpt lat="52.569862" lon="13.52984"><ele>59.75</ele></trkpt>
   <trkpt lat="52.569908" lon="13.530236"><ele>59.25</ele></trkpt>
   <trkpt lat="52.570031" lon="13.531288"><ele>58</ele></trkpt>
   <trkpt lat="52.57009" lon="13.531761"><ele>58</ele></trkpt>
   <trkpt lat="52.570143" lon="13.531971"><ele>57.25</ele></trkpt>
   <trkpt lat="52.57017" lon="13.532156"><ele>56.75</ele></trkpt>
   <trkpt lat="52.570184" lon="13.532299"><ele>56.5</ele></trkpt>
   <trkpt lat="52.57022" lon="13.532469"><ele>56</ele></trkpt>
   <trkpt lat="52.570243" lon="13.53252"><ele>56</ele></trkpt>
   <trkpt lat="52.570316" lon="13.532886"><ele>55.75</ele></trkpt>
   <trkpt lat="52.570345" lon="13.533033"><ele>55.75</ele></trkpt>
   <trkpt lat="52.570387" lon="13.533304"><ele>55</ele></trkpt>
   <trkpt lat="52.570425" lon="13.533405"><ele>54.75</ele></trkpt>
   <trkpt lat="52.570489" lon="13.533684"><ele>54.75</ele></trkpt>
   <trkpt lat="52.57061" lon="13.534377"><ele>55</ele></trkpt>
   <trkpt lat="52.570625" lon="13.534527"><ele>55.25</ele></trkpt>
   <trkpt lat="52.570624" lon="13.534722"><ele>55</ele></trkpt>
   <trkpt lat="52.570608" lon="13.534874"><ele>55</ele></trkpt>
   <trkpt lat="52.57057" lon="13.535116"><ele>55</ele></trkpt>
   <trkpt lat="52.57052" lon="13.535331"><ele>54.75</ele></trkpt>
   <trkpt lat="52.570485" lon="13.535489"><ele>54.5</ele></trkpt>
   <trkpt lat="52.570305" lon="13.536285"><ele>55</ele></trkpt>
   <trkpt lat="52.570296" lon="13.536344"><ele>55</ele></trkpt>
   <trkpt lat="52.570284" lon="13.536429"><ele>55</ele></trkpt>
   <trkpt lat="52.570238" lon="13.536649"><ele>54.75</ele></trkpt>
   <trkpt lat="52.570206" lon="13.536807"><ele>55.25</ele></trkpt>
   <trkpt lat="52.570159" lon="13.537014"><ele>55.5</ele></trkpt>
   <trkpt lat="52.570041" lon="13.537552"><ele>56</ele></trkpt>
   <trkpt lat="52.570009" lon="13.537697"><ele>56</ele></trkpt>
   <trkpt lat="52.569966" lon="13.537819"><ele>56</ele></trkpt>
   <trkpt lat="52.56994" lon="13.53787"><ele>56</ele></trkpt>
   <trkpt lat="52.569904" lon="13.537939"><ele>56</ele></trkpt>
   <trkpt lat="52.569829" lon="13.538081"><ele>56</ele></trkpt>
   <trkpt lat="52.569803" lon="13.538129"><ele>56</ele></trkpt>
   <trkpt lat="52.5697" lon="13.538317"><ele>55.75</ele></trkpt>
   <trkpt lat="52.569647" lon="13.538414"><ele>55.75</ele></trkpt>
   <trkpt lat="52.569581" lon="13.538515"><ele>55.75</ele></trkpt>
   <trkpt lat="52.569544" lon="13.538617"><ele>56</ele></trkpt>
   <trkpt lat="52.5695" lon="13.53874"><ele>56</ele></trkpt>
   <trkpt lat="52.569459" lon="13.538854"><ele>56</ele></trkpt>
   <trkpt lat="52.569345" lon="13.539249"><ele>55.5</ele></trkpt>
   <trkpt lat="52.569243" lon="13.539606"><ele>56</ele></trkpt>
   <trkpt lat="52.569185" lon="13.5398"><ele>56</ele></trkpt>
   <trkpt lat="52.568904" lon="13.540744"><ele>56</ele></trkpt>
   <trkpt lat="52.568771" lon="13.541184"><ele>56.25</ele></trkpt>
   <trkpt lat="52.568751" lon="13.541254"><ele>56.5</ele></trkpt>
   <trkpt lat="52.568688" lon="13.541467"><ele>57</ele></trkpt>
   <trkpt lat="52.568532" lon="13.542035"><ele>56</ele></trkpt>
   <trkpt lat="52.568477" lon="13.542242"><ele>56.5</ele></trkpt>
   <trkpt lat="52.568442" lon="13.542491"><ele>56.25</ele></trkpt>
   <trkpt lat="52.568233" lon="13.54322"><ele>56.5</ele></trkpt>
   <trkpt lat="52.567949" lon="13.544188"><ele>57</ele></trkpt>
   <trkpt lat="52.567958" lon="13.544311"><ele>57.25</ele></trkpt>
   <trkpt lat="52.567924" lon="13.544479"><ele>57.5</ele></trkpt>
   <trkpt lat="52.567891" lon="13.544735"><ele>57.25</ele></trkpt>
   <trkpt lat="52.567879" lon="13.544838"><ele>57.25</ele></trkpt>
   <trkpt lat="52.56787" lon="13.54502"><ele>57.25</ele></trkpt>
   <trkpt lat="52.567865" lon="13.545441"><ele>57.25</ele></trkpt>
   <trkpt lat="52.567881" lon="13.545592"><ele>57</ele></trkpt>
   <trkpt lat="52.567925" lon="13.545895"><ele>57</ele></trkpt>
   <trkpt lat="52.567965" lon="13.546092"><ele>57.5</ele></trkpt>
   <trkpt lat="52.568302" lon="13.547523"><ele>56.75</ele></trkpt>
   <trkpt lat="52.568351" lon="13.547734"><ele>56.75</ele></trkpt>
   <trkpt lat="52.568619" lon="13.548874"><ele>56.75</ele></trkpt>
   <trkpt lat="52.568667" lon="13.549078"><ele>56.75</ele></trkpt>
   <trkpt lat="52.56877" lon="13.549511"><ele>57</ele></trkpt>
   <trkpt lat="52.568826" lon="13.549748"><ele>56.75</ele></trkpt>
   <trkpt lat="52.568912" lon="13.550118"><ele>56.75</ele></trkpt>
   <trkpt lat="52.568956" lon="13.550306"><ele>56.75</ele></trkpt>
   <trkpt lat="52.569049" lon="13.550702"><ele>57</ele></trkpt>
   <trkpt lat="52.569102" lon="13.550929"><ele>57</ele></trkpt>
   <trkpt lat="52.569191" lon="13.551311"><ele>57</ele></trkpt>
   <trkpt lat="52.56926" lon="13.551606"><ele>57</ele></trkpt>
   <trkpt lat="52.569409" lon="13.552244"><ele>57.75</ele></trkpt>
   <trkpt lat="52.569515" lon="13.552696"><ele>57.75</ele></trkpt>
   <trkpt lat="52.569592" lon="13.553024"><ele>57.5</ele></trkpt>
   <trkpt lat="52.569621" lon="13.553149"><ele>57.5</ele></trkpt>
   <trkpt lat="52.569733" lon="13.55363"><ele>58.75</ele></trkpt>
   <trkpt lat="52.569803" lon="13.553928"><ele>58.25</ele></trkpt>
   <trkpt lat="52.569817" lon="13.553988"><ele>58.25</ele></trkpt>
   <trkpt lat="52.569908" lon="13.554375"><ele>58.5</ele></trkpt>
   <trkpt lat="52.570045" lon="13.554959"><ele>60</ele></trkpt>
   <trkpt lat="52.570064" lon="13.555042"><ele>60</ele></trkpt>
   <trkpt lat="52.570111" lon="13.555245"><ele>60</ele></trkpt>
   <trkpt lat="52.570137" lon="13.555356"><ele>60</ele></trkpt>
   <trkpt lat="52.570151" lon="13.555414"><ele>60.25</ele></trkpt>
   <trkpt lat="52.570234" lon="13.555768"><ele>60.75</ele></trkpt>
   <trkpt lat="52.570237" lon="13.555782"><ele>60.75</ele></trkpt>
   <trkpt lat="52.570314" lon="13.556109"><ele>61</ele></trkpt>
   <trkpt lat="52.570336" lon="13.556204"><ele>60.75</ele></trkpt>
   <trkpt lat="52.57037" lon="13.55635"><ele>61</ele></trkpt>
   <trkpt lat="52.570466" lon="13.55676"><ele>61.5</ele></trkpt>
   <trkpt lat="52.570582" lon="13.557256"><ele>62</ele></trkpt>
   <trkpt lat="52.57059" lon="13.557291"><ele>62</ele></trkpt>
   <trkpt lat="52.570682" lon="13.557681"><ele>62</ele></trkpt>
   <trkpt lat="52.570725" lon="13.557867"><ele>62</ele></trkpt>
   <trkpt lat="52.570797" lon="13.558176"><ele>62</ele></trkpt>
   <trkpt lat="52.570821" lon="13.55828"><ele>62</ele></trkpt>
   <trkpt lat="52.57089" lon="13.558574"><ele>62</ele></trkpt>
   <trkpt lat="52.570929" lon="13.55874"><ele>62</ele></trkpt>
   <trkpt lat="52.570994" lon="13.559019"><ele>62</ele></trkpt>
   <trkpt lat="52.571036" lon="13.559196"><ele>62</ele></trkpt>
   <trkpt lat="52.571211" lon="13.559943"><ele>61.75</ele></trkpt>
   <trkpt lat="52.571393" lon="13.560725"><ele>61.75</ele></trkpt>
   <trkpt lat="52.571419" lon="13.560834"><ele>61.75</ele></trkpt>
   <trkpt lat="52.571971" lon="13.563191"><ele>61.75</ele></trkpt>
   <trkpt lat="52.572072" lon="13.563624"><ele>61.5</ele></trkpt>
   <trkpt lat="52.572215" lon="13.564073"><ele>61.75</ele></trkpt>
   <trkpt lat="52.572258" lon="13.564207"><ele>61.75</ele></trkpt>
   <trkpt lat="52.572282" lon="13.564282"><ele>61.75</ele></trkpt>
   <trkpt lat="52.57232" lon="13.564399"><ele>61.75</ele></trkpt>
   <trkpt lat="52.57236" lon="13.564516"><ele>62</ele></trkpt>
   <trkpt lat="52.572383" lon="13.564581"><ele>62</ele></trkpt>
   <trkpt lat="52.572459" lon="13.564799"><ele>62</ele></trkpt>
   <trkpt lat="52.572565" lon="13.565105"><ele>61.75</ele></trkpt>
   <trkpt lat="52.572583" lon="13.565157"><ele>61.5</ele></trkpt>
   <trkpt lat="52.572969" lon="13.566265"><ele>61</ele></trkpt>
   <trkpt lat="52.573139" lon="13.566729"><ele>61</ele></trkpt>
   <trkpt lat="52.573186" lon="13.566853"><ele>61.25</ele></trkpt>
   <trkpt lat="52.573373" lon="13.567378"><ele>60.75</ele></trkpt>
   <trkpt lat="52.573438" lon="13.567552"><ele>60.5</ele></trkpt>
   <trkpt lat="52.573516" lon="13.567772"><ele>60.25</ele></trkpt>
   <trkpt lat="52.573613" lon="13.568059"><ele>59.75</ele></trkpt>
   <trkpt lat="52.573625" lon="13.568095"><ele>59.75</ele></trkpt>
   <trkpt lat="52.573705" lon="13.568319"><ele>59.5</ele></trkpt>
   <trkpt lat="52.57374" lon="13.568412"><ele>59.5</ele></trkpt>
   <trkpt lat="52.573766" lon="13.568483"><ele>59.25</ele></trkpt>
   <trkpt lat="52.57372" lon="13.568527"><ele>59.5</ele></trkpt>
   <trkpt lat="52.573713" lon="13.568554"><ele>59.5</ele></trkpt>
   <trkpt lat="52.573808" lon="13.568803"><ele>59.75</ele></trkpt>
   <trkpt lat="52.573875" lon="13.568976"><ele>60</ele></trkpt>
   <trkpt lat="52.573958" lon="13.569192"><ele>59.5</ele></trkpt>
   <trkpt lat="52.573981" lon="13.569253"><ele>59.25</ele></trkpt>
   <trkpt lat="52.574202" lon="13.569913"><ele>58.75</ele></trkpt>
   <trkpt lat="52.574234" lon="13.570016"><ele>58.5</ele></trkpt>
   <trkpt lat="52.574287" lon="13.570237"><ele>58</ele></trkpt>
   <trkpt lat="52.574328" lon="13.570455"><ele>57.75</ele></trkpt>
   <trkpt lat="52.574602" lon="13.572272"><ele>57</ele></trkpt>
   <trkpt lat="52.574658" lon="13.572637"><ele>56.75</ele></trkpt>
   <trkpt lat="52.574678" lon="13.572775"><ele>56.75</ele></trkpt>
   <trkpt lat="52.574766" lon="13.573357"><ele>56</ele></trkpt>
   <trkpt lat="52.574859" lon="13.573977"><ele>56.75</ele></trkpt>
   <trkpt lat="52.574868" lon="13.574043"><ele>56.5</ele></trkpt>
   <trkpt lat="52.574863" lon="13.574067"><ele>56.5</ele></trkpt>
   <trkpt lat="52.574852" lon="13.574088"><ele>56.5</ele></trkpt>
   <trkpt lat="52.574826" lon="13.574107"><ele>56.5</ele></trkpt>
   <trkpt lat="52.574832" lon="13.574143"><ele>56.25</ele></trkpt>
   <trkpt lat="52.574843" lon="13.574219"><ele>56.25</ele></trkpt>
   <trkpt lat="52.574856" lon="13.574306"><ele>56.25</ele></trkpt>
   <trkpt lat="52.574861" lon="13.574338"><ele>56.25</ele></trkpt>
   <trkpt lat="52.574917" lon="13.574363"><ele>56.5</ele></trkpt>
   <trkpt lat="52.574925" lon="13.574414"><ele>56.5</ele></trkpt>
   <trkpt lat="52.575041" lon="13.57518"><ele>57</ele></trkpt>
   <trkpt lat="52.575056" lon="13.575289"><ele>56.75</ele></trkpt>
   <trkpt lat="52.575084" lon="13.57549"><ele>57</ele></trkpt>
   <trkpt lat="52.575108" lon="13.575664"><ele>56.75</ele></trkpt>
   <trkpt lat="52.575196" lon="13.576239"><ele>56.5</ele></trkpt>
   <trkpt lat="52.575212" lon="13.576329"><ele>56.75</ele></trkpt>
   <trkpt lat="52.575316" lon="13.576751"><ele>56.5</ele></trkpt>
   <trkpt lat="52.575432" lon="13.577091"><ele>56.25</ele></trkpt>
   <trkpt lat="52.575539" lon="13.577421"><ele>56.5</ele></trkpt>
   <trkpt lat="52.575739" lon="13.578032"><ele>56</ele></trkpt>
   <trkpt lat="52.575899" lon="13.578517"><ele>56</ele></trkpt>
   <trkpt lat="52.575959" lon="13.578701"><ele>56.25</ele></trkpt>
   <trkpt lat="52.576065" lon="13.579073"><ele>56</ele></trkpt>
   <trkpt lat="52.576155" lon="13.579484"><ele>56.5</ele></trkpt>
   <trkpt lat="52.576231" lon="13.579947"><ele>56.25</ele></trkpt>
   <trkpt lat="52.57623" lon="13.580026"><ele>56.25</ele></trkpt>
   <trkpt lat="52.576296" lon="13.580406"><ele>56.5</ele></trkpt>
   <trkpt lat="52.576406" lon="13.580913"><ele>57</ele></trkpt>
   <trkpt lat="52.57652" lon="13.581366"><ele>57</ele></trkpt>
   <trkpt lat="52.576713" lon="13.582067"><ele>57.5</ele></trkpt>
   <trkpt lat="52.576792" lon="13.58234"><ele>57.75</ele></trkpt>
   <trkpt lat="52.57685" lon="13.582483"><ele>57.5</ele></trkpt>
   <trkpt lat="52.576911" lon="13.582702"><ele>57.75</ele></trkpt>
   <trkpt lat="52.576946" lon="13.582834"><ele>58</ele></trkpt>
   <trkpt lat="52.576955" lon="13.582872"><ele>58</ele></trkpt>
   <trkpt lat="52.577003" lon="13.583073"><ele>58.25</ele></trkpt>
   <trkpt lat="52.577025" lon="13.583166"><ele>58.5</ele></trkpt>
   <trkpt lat="52.577035" lon="13.583258"><ele>59</ele></trkpt>
   <trkpt lat="52.577034" lon="13.583353"><ele>59.25</ele></trkpt>
   <trkpt lat="52.577085" lon="13.583377"><ele>59.5</ele></trkpt>
   <trkpt lat="52.577136" lon="13.583322"><ele>59.5</ele></trkpt>
   <trkpt lat="52.577208" lon="13.583248"><ele>59.5</ele></trkpt>
   <trkpt lat="52.57723" lon="13.583298"><ele>59.75</ele></trkpt>
   <trkpt lat="52.577266" lon="13.583383"><ele>60</ele></trkpt>
   <trkpt lat="52.577363" lon="13.583566"><ele>60</ele></trkpt>
   <trkpt lat="52.577536" lon="13.583795"><ele>60.5</ele></trkpt>
   <trkpt lat="52.577695" lon="13.583982"><ele>61.25</ele></trkpt>
   <trkpt lat="52.577827" lon="13.584094"><ele>61.75</ele></trkpt>
   <trkpt lat="52.578002" lon="13.584208"><ele>62</ele></trkpt>
   <trkpt lat="52.578307" lon="13.584453"><ele>63</ele></trkpt>
   <trkpt lat="52.578347" lon="13.584498"><ele>63</ele></trkpt>
   <trkpt lat="52.578419" lon="13.584559"><ele>63.5</ele></trkpt>
   <trkpt lat="52.57852" lon="13.584645"><ele>63.75</ele></trkpt>
   <trkpt lat="52.579107" lon="13.58508"><ele>65</ele></trkpt>
   <trkpt lat="52.581995" lon="13.587408"><ele>67.5</ele></trkpt>
   <trkpt lat="52.582063" lon="13.587468"><ele>67.5</ele></trkpt>
   <trkpt lat="52.582174" lon="13.587611"><ele>67.25</ele></trkpt>
   <trkpt lat="52.582843" lon="13.588147"><ele>68</ele></trkpt>
   <trkpt lat="52.582916" lon="13.588203"><ele>68</ele></trkpt>
   <trkpt lat="52.582987" lon="13.588231"><ele>68</ele></trkpt>
   <trkpt lat="52.583874" lon="13.588947"><ele>69</ele></trkpt>
   <trkpt lat="52.584782" lon="13.589647"><ele>71</ele></trkpt>
   <trkpt lat="52.585843" lon="13.590504"><ele>72.75</ele></trkpt>
   <trkpt lat="52.587161" lon="13.591532"><ele>69</ele></trkpt>
   <trkpt lat="52.587251" lon="13.591625"><ele>68.75</ele></trkpt>
   <trkpt lat="52.587302" lon="13.591681"><ele>68.25</ele></trkpt>
   <trkpt lat="52.588845" lon="13.592865"><ele>64.75</ele></trkpt>
   <trkpt lat="52.590768" lon="13.594313"><ele>64.25</ele></trkpt>
   <trkpt lat="52.593046" lon="13.596065"><ele>70</ele></trkpt>
   <trkpt lat="52.593097" lon="13.596106"><ele>70.25</ele></trkpt>
   <trkpt lat="52.593148" lon="13.596147"><ele>70.75</ele></trkpt>
   <trkpt lat="52.593558" lon="13.596732"><ele>72.75</ele></trkpt>
   <trkpt lat="52.593725" lon="13.597"><ele>73</ele></trkpt>
   <trkpt lat="52.595078" lon="13.598977"><ele>76</ele></trkpt>
   <trkpt lat="52.595502" lon="13.599582"><ele>76</ele></trkpt>
   <trkpt lat="52.595753" lon="13.59994"><ele>76</ele></trkpt>
   <trkpt lat="52.595898" lon="13.600058"><ele>75.75</ele></trkpt>
   <trkpt lat="52.595955" lon="13.600117"><ele>75.5</ele></trkpt>
   <trkpt lat="52.596001" lon="13.600187"><ele>75.75</ele></trkpt>
   <trkpt lat="52.596046" lon="13.600276"><ele>75.75</ele></trkpt>
   <trkpt lat="52.596098" lon="13.600401"><ele>76</ele></trkpt>
   <trkpt lat="52.59617" lon="13.600532"><ele>75.75</ele></trkpt>
   <trkpt lat="52.596212" lon="13.600529"><ele>75.75</ele></trkpt>
   <trkpt lat="52.596249" lon="13.600528"><ele>75.75</ele></trkpt>
   <trkpt lat="52.596266" lon="13.600527"><ele>75.75</ele></trkpt>
   <trkpt lat="52.596326" lon="13.600619"><ele>75.75</ele></trkpt>
   <trkpt lat="52.596408" lon="13.600778"><ele>75</ele></trkpt>
   <trkpt lat="52.596624" lon="13.601111"><ele>75</ele></trkpt>
   <trkpt lat="52.596707" lon="13.601301"><ele>74.75</ele></trkpt>
   <trkpt lat="52.597773" lon="13.602843"><ele>71.75</ele></trkpt>
   <trkpt lat="52.597848" lon="13.602945"><ele>71</ele></trkpt>
   <trkpt lat="52.598065" lon="13.603147"><ele>69.75</ele></trkpt>
   <trkpt lat="52.598095" lon="13.6032"><ele>69.75</ele></trkpt>
   <trkpt lat="52.598586" lon="13.603796"><ele>69</ele></trkpt>
   <trkpt lat="52.598939" lon="13.604207"><ele>68</ele></trkpt>
   <trkpt lat="52.599501" lon="13.60482"><ele>68</ele></trkpt>
   <trkpt lat="52.600114" lon="13.605473"><ele>70.25</ele></trkpt>
   <trkpt lat="52.600261" lon="13.605647"><ele>71.5</ele></trkpt>
   <trkpt lat="52.600316" lon="13.605668"><ele>71.5</ele></trkpt>
   <trkpt lat="52.600329" lon="13.605745"><ele>71.75</ele></trkpt>
   <trkpt lat="52.600342" lon="13.605813"><ele>72</ele></trkpt>
   <trkpt lat="52.600371" lon="13.605861"><ele>72</ele></trkpt>
   <trkpt lat="52.600579" lon="13.60616"><ele>71.75</ele></trkpt>
   <trkpt lat="52.600734" lon="13.606398"><ele>70.5</ele></trkpt>
   <trkpt lat="52.601187" lon="13.607086"><ele>71</ele></trkpt>
   <trkpt lat="52.602115" lon="13.6085"><ele>73.75</ele></trkpt>
   <trkpt lat="52.602178" lon="13.608606"><ele>73.75</ele></trkpt>
   <trkpt lat="52.602244" lon="13.608726"><ele>73.75</ele></trkpt>
   <trkpt lat="52.602301" lon="13.608921"><ele>73</ele></trkpt>
   <trkpt lat="52.602519" lon="13.609324"><ele>73</ele></trkpt>
   <trkpt lat="52.602832" lon="13.609872"><ele>73.5</ele></trkpt>
   <trkpt lat="52.603009" lon="13.610133"><ele>74</ele></trkpt>
   <trkpt lat="52.603071" lon="13.610221"><ele>74</ele></trkpt>
   <trkpt lat="52.603161" lon="13.610311"><ele>74.25</ele></trkpt>
   <trkpt lat="52.603251" lon="13.610433"><ele>75.25</ele></trkpt>
   <trkpt lat="52.603405" lon="13.610672"><ele>75.75</ele></trkpt>
   <trkpt lat="52.603571" lon="13.610961"><ele>76.25</ele></trkpt>
   <trkpt lat="52.604503" lon="13.612735"><ele>77</ele></trkpt>
   <trkpt lat="52.60456" lon="13.612908"><ele>77</ele></trkpt>
   <trkpt lat="52.604636" lon="13.61306"><ele>77</ele></trkpt>
   <trkpt lat="52.60474" lon="13.613262"><ele>77</ele></trkpt>
   <trkpt lat="52.604702" lon="13.613318"><ele>77</ele></trkpt>
   <trkpt lat="52.604667" lon="13.613366"><ele>77</ele></trkpt>
   <trkpt lat="52.605077" lon="13.614138"><ele>76.75</ele></trkpt>
   <trkpt lat="52.605283" lon="13.614579"><ele>75.5</ele></trkpt>
   <trkpt lat="52.605429" lon="13.614941"><ele>76</ele></trkpt>
   <trkpt lat="52.605513" lon="13.615203"><ele>74.5</ele></trkpt>
   <trkpt lat="52.605606" lon="13.615568"><ele>74.75</ele></trkpt>
   <trkpt lat="52.605668" lon="13.615892"><ele>73.25</ele></trkpt>
   <trkpt lat="52.605693" lon="13.616076"><ele>72.5</ele></trkpt>
   <trkpt lat="52.605858" lon="13.617338"><ele>71.25</ele></trkpt>
   <trkpt lat="52.6059" lon="13.617658"><ele>70.75</ele></trkpt>
   <trkpt lat="52.605928" lon="13.617877"><ele>70.25</ele></trkpt>
   <trkpt lat="52.606161" lon="13.618444"><ele>69.5</ele></trkpt>
   <trkpt lat="52.606378" lon="13.618921"><ele>68.75</ele></trkpt>
   <trkpt lat="52.606955" lon="13.620255"><ele>69</ele></trkpt>
   <trkpt lat="52.607149" lon="13.620708"><ele>68.75</ele></trkpt>
   <trkpt lat="52.60722" lon="13.62097"><ele>68.75</ele></trkpt>
   <trkpt lat="52.607261" lon="13.621195"><ele>68.5</ele></trkpt>
   <trkpt lat="52.607285" lon="13.621366"><ele>68.25</ele></trkpt>
   <trkpt lat="52.607294" lon="13.621593"><ele>68.25</ele></trkpt>
   <trkpt lat="52.607295" lon="13.621847"><ele>68.25</ele></trkpt>
   <trkpt lat="52.607192" lon="13.6239"><ele>68.5</ele></trkpt>
   <trkpt lat="52.607139" lon="13.625111"><ele>68.5</ele></trkpt>
   <trkpt lat="52.607115" lon="13.625839"><ele>68.75</ele></trkpt>
   <trkpt lat="52.607123" lon="13.626122"><ele>68.5</ele></trkpt>
   <trkpt lat="52.607168" lon="13.626413"><ele>68.75</ele></trkpt>
   <trkpt lat="52.607317" lon="13.627026"><ele>67.5</ele></trkpt>
   <trkpt lat="52.607582" lon="13.628037"><ele>68</ele></trkpt>
   <trkpt lat="52.607629" lon="13.628268"><ele>68.25</ele></trkpt>
   <trkpt lat="52.607694" lon="13.628524"><ele>68.5</ele></trkpt>
   <trkpt lat="52.608012" lon="13.629765"><ele>69.75</ele></trkpt>
   <trkpt lat="52.608606" lon="13.632014"><ele>75</ele></trkpt>
   <trkpt lat="52.608655" lon="13.632262"><ele>76</ele></trkpt>
   <trkpt lat="52.608712" lon="13.63261"><ele>76</ele></trkpt>
   <trkpt lat="52.608742" lon="13.632717"><ele>76.25</ele></trkpt>
   <trkpt lat="52.60877" lon="13.632934"><ele>76.5</ele></trkpt>
   <trkpt lat="52.608806" lon="13.633189"><ele>76.75</ele></trkpt>
   <trkpt lat="52.60881" lon="13.633317"><ele>76.75</ele></trkpt>
   <trkpt lat="52.608933" lon="13.634354"><ele>77.75</ele></trkpt>
   <trkpt lat="52.608941" lon="13.634417"><ele>77.75</ele></trkpt>
   <trkpt lat="52.608943" lon="13.634501"><ele>77.75</ele></trkpt>
   <trkpt lat="52.60904" lon="13.63537"><ele>77.75</ele></trkpt>
   <trkpt lat="52.609335" lon="13.637682"><ele>78.5</ele></trkpt>
   <trkpt lat="52.609513" lon="13.639193"><ele>79</ele></trkpt>
   <trkpt lat="52.609859" lon="13.642087"><ele>78.5</ele></trkpt>
   <trkpt lat="52.609886" lon="13.64245"><ele>78.5</ele></trkpt>
   <trkpt lat="52.610545" lon="13.647763"><ele>74</ele></trkpt>
   <trkpt lat="52.610593" lon="13.647977"><ele>73.75</ele></trkpt>
   <trkpt lat="52.610625" lon="13.648254"><ele>73.5</ele></trkpt>
   <trkpt lat="52.610661" lon="13.648577"><ele>73.25</ele></trkpt>
   <trkpt lat="52.610668" lon="13.648768"><ele>73.25</ele></trkpt>
   <trkpt lat="52.610743" lon="13.649319"><ele>73.5</ele></trkpt>
   <trkpt lat="52.61084" lon="13.649927"><ele>72.75</ele></trkpt>
   <trkpt lat="52.610841" lon="13.650121"><ele>72.75</ele></trkpt>
   <trkpt lat="52.610939" lon="13.650529"><ele>73.25</ele></trkpt>
   <trkpt lat="52.611012" lon="13.650728"><ele>74</ele></trkpt>
   <trkpt lat="52.611078" lon="13.650864"><ele>74.5</ele></trkpt>
   <trkpt lat="52.611135" lon="13.650928"><ele>74.5</ele></trkpt>
   <trkpt lat="52.611251" lon="13.651145"><ele>74.5</ele></trkpt>
   <trkpt lat="52.611278" lon="13.651157"><ele>74.5</ele></trkpt>
   <trkpt lat="52.61132" lon="13.651178"><ele>74.75</ele></trkpt>
   <trkpt lat="52.611345" lon="13.651203"><ele>74.75</ele></trkpt>
   <trkpt lat="52.611458" lon="13.651396"><ele>74.25</ele></trkpt>
   <trkpt lat="52.611782" lon="13.651835"><ele>73.75</ele></trkpt>
   <trkpt lat="52.611824" lon="13.651954"><ele>73.75</ele></trkpt>
   <trkpt lat="52.611873" lon="13.652051"><ele>73.75</ele></trkpt>
   <trkpt lat="52.612333" lon="13.652702"><ele>73.25</ele></trkpt>
   <trkpt lat="52.613075" lon="13.65374"><ele>75</ele></trkpt>
   <trkpt lat="52.613211" lon="13.653823"><ele>75.25</ele></trkpt>
   <trkpt lat="52.613855" lon="13.654752"><ele>78</ele></trkpt>
   <trkpt lat="52.613912" lon="13.654926"><ele>78</ele></trkpt>
   <trkpt lat="52.614335" lon="13.655705"><ele>77.5</ele></trkpt>
   <trkpt lat="52.615866" lon="13.659032"><ele>78.5</ele></trkpt>
   <trkpt lat="52.616901" lon="13.661252"><ele>79.25</ele></trkpt>
   <trkpt lat="52.617092" lon="13.66174"><ele>79.5</ele></trkpt>
   <trkpt lat="52.617234" lon="13.662127"><ele>79.25</ele></trkpt>
   <trkpt lat="52.617275" lon="13.662265"><ele>79</ele></trkpt>
   <trkpt lat="52.617317" lon="13.662275"><ele>79.25</ele></trkpt>
   <trkpt lat="52.617358" lon="13.662319"><ele>79.25</ele></trkpt>
   <trkpt lat="52.617415" lon="13.662432"><ele>79</ele></trkpt>
   <trkpt lat="52.617436" lon="13.662524"><ele>79</ele></trkpt>
   <trkpt lat="52.617457" lon="13.662572"><ele>79</ele></trkpt>
   <trkpt lat="52.617742" lon="13.663165"><ele>79</ele></trkpt>
   <trkpt lat="52.619505" lon="13.66691"><ele>79.75</ele></trkpt>
   <trkpt lat="52.620881" lon="13.669908"><ele>77.75</ele></trkpt>
   <trkpt lat="52.621063" lon="13.670461"><ele>76.5</ele></trkpt>
   <trkpt lat="52.621395" lon="13.672001"><ele>74.75</ele></trkpt>
   <trkpt lat="52.621468" lon="13.672345"><ele>74.5</ele></trkpt>
   <trkpt lat="52.621694" lon="13.673402"><ele>74.75</ele></trkpt>
   <trkpt lat="52.621765" lon="13.673738"><ele>74.5</ele></trkpt>
   <trkpt lat="52.621814" lon="13.673883"><ele>74.25</ele></trkpt>
   <trkpt lat="52.62185" lon="13.67396"><ele>74.5</ele></trkpt>
   <trkpt lat="52.621866" lon="13.673988"><ele>74.5</ele></trkpt>
   <trkpt lat="52.621988" lon="13.674257"><ele>74.5</ele></trkpt>
   <trkpt lat="52.622064" lon="13.674651"><ele>74.25</ele></trkpt>
   <trkpt lat="52.622121" lon="13.674928"><ele>74</ele></trkpt>
   <trkpt lat="52.622172" lon="13.675246"><ele>74.5</ele></trkpt>
   <trkpt lat="52.62223" lon="13.675756"><ele>74</ele></trkpt>
   <trkpt lat="52.622252" lon="13.676033"><ele>74.5</ele></trkpt>
   <trkpt lat="52.622262" lon="13.676177"><ele>74.75</ele></trkpt>
   <trkpt lat="52.622266" lon="13.676256"><ele>74.75</ele></trkpt>
   <trkpt lat="52.622293" lon="13.676747"><ele>75</ele></trkpt>
   <trkpt lat="52.622329" lon="13.677351"><ele>75</ele></trkpt>
   <trkpt lat="52.622377" lon="13.67826"><ele>75</ele></trkpt>
   <trkpt lat="52.62239" lon="13.678515"><ele>75</ele></trkpt>
   <trkpt lat="52.622401" lon="13.678713"><ele>75</ele></trkpt>
   <trkpt lat="52.622437" lon="13.679386"><ele>75</ele></trkpt>
   <trkpt lat="52.622449" lon="13.67958"><ele>75</ele></trkpt>
   <trkpt lat="52.622474" lon="13.680076"><ele>75</ele></trkpt>
   <trkpt lat="52.622505" lon="13.680607"><ele>75</ele></trkpt>
   <trkpt lat="52.622506" lon="13.68063"><ele>75</ele></trkpt>
   <trkpt lat="52.622517" lon="13.680861"><ele>75</ele></trkpt>
   <trkpt lat="52.622523" lon="13.681008"><ele>75</ele></trkpt>
   <trkpt lat="52.622523" lon="13.681283"><ele>75</ele></trkpt>
   <trkpt lat="52.62252" lon="13.681544"><ele>75</ele></trkpt>
   <trkpt lat="52.622517" lon="13.681639"><ele>75</ele></trkpt>
   <trkpt lat="52.622499" lon="13.682008"><ele>75</ele></trkpt>
   <trkpt lat="52.622476" lon="13.682414"><ele>75</ele></trkpt>
   <trkpt lat="52.622454" lon="13.68274"><ele>75</ele></trkpt>
   <trkpt lat="52.622429" lon="13.683164"><ele>75</ele></trkpt>
   <trkpt lat="52.622407" lon="13.683533"><ele>75.25</ele></trkpt>
   <trkpt lat="52.622401" lon="13.683619"><ele>75.25</ele></trkpt>
   <trkpt lat="52.622386" lon="13.683847"><ele>75.25</ele></trkpt>
   <trkpt lat="52.622359" lon="13.68424"><ele>75.5</ele></trkpt>
   <trkpt lat="52.622354" lon="13.684336"><ele>75.75</ele></trkpt>
   <trkpt lat="52.622352" lon="13.684363"><ele>75.75</ele></trkpt>
   <trkpt lat="52.62234" lon="13.684555"><ele>75.75</ele></trkpt>
   <trkpt lat="52.622322" lon="13.684802"><ele>75.5</ele></trkpt>
   <trkpt lat="52.62231" lon="13.685008"><ele>76</ele></trkpt>
   <trkpt lat="52.622304" lon="13.685133"><ele>76</ele></trkpt>
   <trkpt lat="52.622302" lon="13.685161"><ele>76</ele></trkpt>
   <trkpt lat="52.622289" lon="13.685377"><ele>76</ele></trkpt>
   <trkpt lat="52.622279" lon="13.685522"><ele>76</ele></trkpt>
   <trkpt lat="52.622268" lon="13.685721"><ele>76</ele></trkpt>
   <trkpt lat="52.622249" lon="13.686008"><ele>76</ele></trkpt>
   <trkpt lat="52.622222" lon="13.686308"><ele>76</ele></trkpt>
   <trkpt lat="52.6223" lon="13.686325"><ele>76</ele></trkpt>
   <trkpt lat="52.622263" lon="13.686666"><ele>76</ele></trkpt>
   <trkpt lat="52.622197" lon="13.686981"><ele>76</ele></trkpt>
   <trkpt lat="52.622114" lon="13.687292"><ele>76.25</ele></trkpt>
   <trkpt lat="52.622111" lon="13.687342"><ele>76.25</ele></trkpt>
   <trkpt lat="52.622135" lon="13.687506"><ele>76.25</ele></trkpt>
   <trkpt lat="52.622135" lon="13.687554"><ele>76.25</ele></trkpt>
   <trkpt lat="52.622124" lon="13.687608"><ele>76.25</ele></trkpt>
   <trkpt lat="52.6221" lon="13.687645"><ele>76.25</ele></trkpt>
   <trkpt lat="52.622065" lon="13.687679"><ele>76.5</ele></trkpt>
   <trkpt lat="52.622022" lon="13.687758"><ele>76.5</ele></trkpt>
   <trkpt lat="52.622003" lon="13.687825"><ele>76.75</ele></trkpt>
   <trkpt lat="52.621958" lon="13.688025"><ele>76.75</ele></trkpt>
   <trkpt lat="52.621946" lon="13.688115"><ele>77</ele></trkpt>
   <trkpt lat="52.621901" lon="13.68843"><ele>78</ele></trkpt>
   <trkpt lat="52.621884" lon="13.688759"><ele>78</ele></trkpt>
   <trkpt lat="52.6217" lon="13.689652"><ele>78</ele></trkpt>
   <trkpt lat="52.621675" lon="13.689814"><ele>77.75</ele></trkpt>
   <trkpt lat="52.621612" lon="13.690852"><ele>79</ele></trkpt>
   <trkpt lat="52.62161" lon="13.691012"><ele>79</ele></trkpt>
   <trkpt lat="52.62163" lon="13.691297"><ele>79</ele></trkpt>
   <trkpt lat="52.62168" lon="13.691614"><ele>78.75</ele></trkpt>
   <trkpt lat="52.621745" lon="13.69195"><ele>79.5</ele></trkpt>
   <trkpt lat="52.621806" lon="13.69222"><ele>79</ele></trkpt>
   <trkpt lat="52.621955" lon="13.692864"><ele>79.25</ele></trkpt>
   <trkpt lat="52.622046" lon="13.693243"><ele>79.5</ele></trkpt>
   <trkpt lat="52.62211" lon="13.693496"><ele>79.25</ele></trkpt>
   <trkpt lat="52.622119" lon="13.693535"><ele>79.25</ele></trkpt>
   <trkpt lat="52.622201" lon="13.69386"><ele>79</ele></trkpt>
   <trkpt lat="52.622276" lon="13.694157"><ele>79.75</ele></trkpt>
   <trkpt lat="52.622349" lon="13.694449"><ele>79.5</ele></trkpt>
   <trkpt lat="52.622484" lon="13.69498"><ele>79.75</ele></trkpt>
   <trkpt lat="52.622638" lon="13.695568"><ele>79.5</ele></trkpt>
   <trkpt lat="52.623055" lon="13.697168"><ele>79.75</ele></trkpt>
   <trkpt lat="52.623237" lon="13.697864"><ele>79.25</ele></trkpt>
   <trkpt lat="52.623245" lon="13.697917"><ele>79.5</ele></trkpt>
   <trkpt lat="52.623255" lon="13.697988"><ele>79.5</ele></trkpt>
   <trkpt lat="52.62342" lon="13.698641"><ele>79.5</ele></trkpt>
   <trkpt lat="52.62354" lon="13.698984"><ele>78.75</ele></trkpt>
   <trkpt lat="52.623614" lon="13.699156"><ele>78.75</ele></trkpt>
   <trkpt lat="52.625056" lon="13.704761"><ele>79.5</ele></trkpt>
   <trkpt lat="52.625339" lon="13.705854"><ele>79.75</ele></trkpt>
   <trkpt lat="52.625539" lon="13.706456"><ele>79.25</ele></trkpt>
   <trkpt lat="52.625667" lon="13.706913"><ele>80</ele></trkpt>
   <trkpt lat="52.62634" lon="13.708814"><ele>80.75</ele></trkpt>
   <trkpt lat="52.629992" lon="13.719129"><ele>85</ele></trkpt>
   <trkpt lat="52.630227" lon="13.719802"><ele>85</ele></trkpt>
   <trkpt lat="52.630291" lon="13.720031"><ele>84.75</ele></trkpt>
   <trkpt lat="52.630463" lon="13.720518"><ele>84</ele></trkpt>
   <trkpt lat="52.630578" lon="13.720846"><ele>83.75</ele></trkpt>
   <trkpt lat="52.630972" lon="13.722062"><ele>82</ele></trkpt>
   <trkpt lat="52.63117" lon="13.722637"><ele>81</ele></trkpt>
   <trkpt lat="52.631228" lon="13.722852"><ele>80.75</ele></trkpt>
   <trkpt lat="52.631371" lon="13.7235"><ele>80</ele></trkpt>
   <trkpt lat="52.631428" lon="13.723839"><ele>79.75</ele></trkpt>
   <trkpt lat="52.631497" lon="13.72448"><ele>78.5</ele></trkpt>
   <trkpt lat="52.631516" lon="13.724798"><ele>78.5</ele></trkpt>
   <trkpt lat="52.631511" lon="13.724925"><ele>78.5</ele></trkpt>
   <trkpt lat="52.631497" lon="13.72505"><ele>78.5</ele></trkpt>
   <trkpt lat="52.631518" lon="13.725276"><ele>78</ele></trkpt>
   <trkpt lat="52.631451" lon="13.725288"><ele>78</ele></trkpt>
   <trkpt lat="52.63146" lon="13.72542"><ele>78</ele></trkpt>
   <trkpt lat="52.631468" lon="13.725534"><ele>78</ele></trkpt>
   <trkpt lat="52.63151" lon="13.726097"><ele>78</ele></trkpt>
   <trkpt lat="52.631511" lon="13.726116"><ele>77.75</ele></trkpt>
   <trkpt lat="52.631524" lon="13.726288"><ele>77.5</ele></trkpt>
   <trkpt lat="52.631542" lon="13.726564"><ele>77.5</ele></trkpt>
   <trkpt lat="52.631558" lon="13.726864"><ele>77</ele></trkpt>
   <trkpt lat="52.63156" lon="13.727102"><ele>77</ele></trkpt>
   <trkpt lat="52.63155" lon="13.727347"><ele>77</ele></trkpt>
   <trkpt lat="52.631524" lon="13.727679"><ele>76.5</ele></trkpt>
   <trkpt lat="52.631464" lon="13.728075"><ele>76.25</ele></trkpt>
   <trkpt lat="52.631452" lon="13.728146"><ele>76</ele></trkpt>
   <trkpt lat="52.631501" lon="13.728166"><ele>76.25</ele></trkpt>
   <trkpt lat="52.631514" lon="13.728171"><ele>76.25</ele></trkpt>
   <trkpt lat="52.631873" lon="13.728311"><ele>77</ele></trkpt>
   <trkpt lat="52.631923" lon="13.728314"><ele>77</ele></trkpt>
   <trkpt lat="52.631974" lon="13.728292"><ele>77</ele></trkpt>
   <trkpt lat="52.632078" lon="13.728205"><ele>77.5</ele></trkpt>
   <trkpt lat="52.632245" lon="13.728047"><ele>78</ele></trkpt>
   <trkpt lat="52.632591" lon="13.727778"><ele>78</ele></trkpt>
   <trkpt lat="52.632627" lon="13.727759"><ele>78</ele></trkpt>
   <trkpt lat="52.633057" lon="13.727575"><ele>77.75</ele></trkpt>
   <trkpt lat="52.633917" lon="13.727117"><ele>75.75</ele></trkpt>
   <trkpt lat="52.634232" lon="13.7269"><ele>74.75</ele></trkpt>
   <trkpt lat="52.634322" lon="13.726855"><ele>74.75</ele></trkpt>
   <trkpt lat="52.634384" lon="13.726822"><ele>75</ele></trkpt>
   <trkpt lat="52.634465" lon="13.726719"><ele>75.25</ele></trkpt>
   <trkpt lat="52.634486" lon="13.726635"><ele>75.25</ele></trkpt>
   <trkpt lat="52.634499" lon="13.726533"><ele>75.25</ele></trkpt>
   <trkpt lat="52.634543" lon="13.726493"><ele>75.25</ele></trkpt>
   <trkpt lat="52.634628" lon="13.726471"><ele>75.75</ele></trkpt>
   <trkpt lat="52.634768" lon="13.726371"><ele>76</ele></trkpt>
   <trkpt lat="52.635133" lon="13.726064"><ele>77.25</ele></trkpt>
   <trkpt lat="52.63519" lon="13.726026"><ele>77.5</ele></trkpt>
   <trkpt lat="52.635201" lon="13.726019"><ele>77.5</ele></trkpt>
   <trkpt lat="52.635214" lon="13.72601"><ele>77.75</ele></trkpt>
   <trkpt lat="52.635313" lon="13.72594"><ele>78</ele></trkpt>
   <trkpt lat="52.636265" lon="13.724934"><ele>80</ele></trkpt>
   <trkpt lat="52.63678" lon="13.724354"><ele>80.75</ele></trkpt>
   <trkpt lat="52.636715" lon="13.72427"><ele>80.25</ele></trkpt>
   <trkpt lat="52.636673" lon="13.724128"><ele>80</ele></trkpt>
   <trkpt lat="52.636412" lon="13.722979"><ele>78</ele></trkpt>
   <trkpt lat="52.636381" lon="13.722792"><ele>77.75</ele></trkpt>
   <trkpt lat="52.63637" lon="13.722656"><ele>77.75</ele></trkpt>
   <trkpt lat="52.636382" lon="13.722463"><ele>77.75</ele></trkpt>
   <trkpt lat="52.636492" lon="13.721447"><ele>77.25</ele></trkpt>
   <trkpt lat="52.636715" lon="13.719492"><ele>78</ele></trkpt>
   <trkpt lat="52.636902" lon="13.717696"><ele>77.75</ele></trkpt>
   <trkpt lat="52.636931" lon="13.717444"><ele>76.25</ele></trkpt>
   <trkpt lat="52.636902" lon="13.717696"><ele>77.75</ele></trkpt>
   <trkpt lat="52.636715" lon="13.719492"><ele>78</ele></trkpt>
   <trkpt lat="52.637708" lon="13.719884"><ele>80.75</ele></trkpt>
   <trkpt lat="52.637559" lon="13.72102"><ele>80.75</ele></trkpt>
   <trkpt lat="52.637529" lon="13.721393"><ele>81</ele></trkpt>
   <trkpt lat="52.637514" lon="13.721856"><ele>81</ele></trkpt>
   <trkpt lat="52.637528" lon="13.722037"><ele>81</ele></trkpt>
   <trkpt lat="52.637576" lon="13.722659"><ele>81</ele></trkpt>
   <trkpt lat="52.637709" lon="13.723395"><ele>82</ele></trkpt>
   <trkpt lat="52.637808" lon="13.723808"><ele>82</ele></trkpt>
   <trkpt lat="52.637921" lon="13.724408"><ele>82</ele></trkpt>
   <trkpt lat="52.637962" lon="13.724717"><ele>82</ele></trkpt>
   <trkpt lat="52.637963" lon="13.725124"><ele>82</ele></trkpt>
   <trkpt lat="52.637914" lon="13.725803"><ele>81</ele></trkpt>
   <trkpt lat="52.637839" lon="13.726492"><ele>80.25</ele></trkpt>
   <trkpt lat="52.637672" lon="13.727812"><ele>79</ele></trkpt>
   <trkpt lat="52.637224" lon="13.730911"><ele>79</ele></trkpt>
   <trkpt lat="52.63717" lon="13.731298"><ele>79</ele></trkpt>
   <trkpt lat="52.636982" lon="13.732585"><ele>79.5</ele></trkpt>
   <trkpt lat="52.636976" lon="13.732666"><ele>79.25</ele></trkpt>
   <trkpt lat="52.636992" lon="13.732787"><ele>79</ele></trkpt>
   <trkpt lat="52.636607" lon="13.73295"><ele>78.25</ele></trkpt>
   <trkpt lat="52.636567" lon="13.732966"><ele>78</ele></trkpt>
   <trkpt lat="52.636515" lon="13.732988"><ele>78</ele></trkpt>
   <trkpt lat="52.636226" lon="13.733101"><ele>78.5</ele></trkpt>
   <trkpt lat="52.636186" lon="13.733117"><ele>78.5</ele></trkpt>
   <trkpt lat="52.636103" lon="13.733151"><ele>79</ele></trkpt>
   <trkpt lat="52.636024" lon="13.733181"><ele>79</ele></trkpt>
   <trkpt lat="52.635653" lon="13.733331"><ele>79</ele></trkpt>
   <trkpt lat="52.635319" lon="13.733466"><ele>78.75</ele></trkpt>
   <trkpt lat="52.635134" lon="13.733526"><ele>78.75</ele></trkpt>
   <trkpt lat="52.634994" lon="13.733559"><ele>78.25</ele></trkpt>
   <trkpt lat="52.634833" lon="13.73357"><ele>78</ele></trkpt>
   <trkpt lat="52.634743" lon="13.733564"><ele>78</ele></trkpt>
   <trkpt lat="52.634726" lon="13.733563"><ele>78</ele></trkpt>
   <trkpt lat="52.634692" lon="13.733562"><ele>78</ele></trkpt>
   <trkpt lat="52.634598" lon="13.733559"><ele>77.5</ele></trkpt>
   <trkpt lat="52.63455" lon="13.733575"><ele>77.5</ele></trkpt>
   <trkpt lat="52.634506" lon="13.733611"><ele>77</ele></trkpt>
   <trkpt lat="52.634453" lon="13.733554"><ele>77</ele></trkpt>
   <trkpt lat="52.634312" lon="13.733482"><ele>76.75</ele></trkpt>
   <trkpt lat="52.634147" lon="13.733443"><ele>76.5</ele></trkpt>
   <trkpt lat="52.634007" lon="13.733439"><ele>76.25</ele></trkpt>
   <trkpt lat="52.633903" lon="13.733444"><ele>76</ele></trkpt>
   <trkpt lat="52.633808" lon="13.733466"><ele>75.75</ele></trkpt>
   <trkpt lat="52.633682" lon="13.733537"><ele>75.75</ele></trkpt>
   <trkpt lat="52.633613" lon="13.733617"><ele>76</ele></trkpt>
   <trkpt lat="52.633526" lon="13.733754"><ele>76</ele></trkpt>
   <trkpt lat="52.633335" lon="13.734101"><ele>75</ele></trkpt>
   <trkpt lat="52.633264" lon="13.734177"><ele>75</ele></trkpt>
   <trkpt lat="52.633159" lon="13.734256"><ele>75</ele></trkpt>
   <trkpt lat="52.632536" lon="13.734624"><ele>74</ele></trkpt>
   <trkpt lat="52.632492" lon="13.734653"><ele>73.75</ele></trkpt>
   <trkpt lat="52.632422" lon="13.734424"><ele>73.5</ele></trkpt>
   <trkpt lat="52.632375" lon="13.734271"><ele>73</ele></trkpt>
   <trkpt lat="52.632352" lon="13.734198"><ele>73</ele></trkpt>
   <trkpt lat="52.632325" lon="13.73411"><ele>73</ele></trkpt>
   <trkpt lat="52.632169" lon="13.733703"><ele>73</ele></trkpt>
   <trkpt lat="52.632133" lon="13.733628"><ele>73</ele></trkpt>
   <trkpt lat="52.63208" lon="13.733543"><ele>73</ele></trkpt>
   <trkpt lat="52.631846" lon="13.733199"><ele>74</ele></trkpt>
   <trkpt lat="52.631771" lon="13.733087"><ele>74</ele></trkpt>
   <trkpt lat="52.631673" lon="13.73294"><ele>74</ele></trkpt>
   <trkpt lat="52.631622" lon="13.732862"><ele>74</ele></trkpt>
   <trkpt lat="52.631548" lon="13.732764"><ele>74.25</ele></trkpt>
   <trkpt lat="52.631524" lon="13.732801"><ele>74.25</ele></trkpt>
   <trkpt lat="52.631514" lon="13.732816"><ele>74.25</ele></trkpt>
   <trkpt lat="52.631394" lon="13.732997"><ele>74</ele></trkpt>
   <trkpt lat="52.631277" lon="13.73317"><ele>74</ele></trkpt>
   <trkpt lat="52.631222" lon="13.7332"><ele>74</ele></trkpt>
   <trkpt lat="52.631166" lon="13.7332"><ele>74</ele></trkpt>
   <trkpt lat="52.631087" lon="13.733137"><ele>74</ele></trkpt>
   <trkpt lat="52.630979" lon="13.733063"><ele>74</ele></trkpt>
   <trkpt lat="52.630894" lon="13.732999"><ele>74</ele></trkpt>
   <trkpt lat="52.630494" lon="13.732699"><ele>74</ele></trkpt>
   <trkpt lat="52.630421" lon="13.732645"><ele>74</ele></trkpt>
   <trkpt lat="52.630368" lon="13.732484"><ele>74</ele></trkpt>
   <trkpt lat="52.630337" lon="13.732431"><ele>74</ele></trkpt>
   <trkpt lat="52.630307" lon="13.732383"><ele>74</ele></trkpt>
   <trkpt lat="52.630271" lon="13.732446"><ele>74</ele></trkpt>
   <trkpt lat="52.630245" lon="13.732446"><ele>74</ele></trkpt>
   <trkpt lat="52.630198" lon="13.73254"><ele>74</ele></trkpt>
   <trkpt lat="52.63015" lon="13.732629"><ele>74</ele></trkpt>
   <trkpt lat="52.630128" lon="13.732698"><ele>74</ele></trkpt>
   <trkpt lat="52.630033" lon="13.733038"><ele>73</ele></trkpt>
   <trkpt lat="52.629991" lon="13.733196"><ele>73</ele></trkpt>
   <trkpt lat="52.62999" lon="13.733294"><ele>73</ele></trkpt>
   <trkpt lat="52.629765" lon="13.734123"><ele>72.75</ele></trkpt>
   <trkpt lat="52.629651" lon="13.734567"><ele>73</ele></trkpt>
   <trkpt lat="52.629623" lon="13.73474"><ele>73</ele></trkpt>
   <trkpt lat="52.629601" lon="13.734978"><ele>73</ele></trkpt>
   <trkpt lat="52.629588" lon="13.735191"><ele>73</ele></trkpt>
   <trkpt lat="52.629588" lon="13.735438"><ele>73</ele></trkpt>
   <trkpt lat="52.629618" lon="13.735964"><ele>73</ele></trkpt>
   <trkpt lat="52.629628" lon="13.736061"><ele>73</ele></trkpt>
   <trkpt lat="52.629605" lon="13.736068"><ele>73</ele></trkpt>
   <trkpt lat="52.62953" lon="13.736013"><ele>73</ele></trkpt>
   <trkpt lat="52.629446" lon="13.736104"><ele>73</ele></trkpt>
   <trkpt lat="52.629411" lon="13.736004"><ele>73</ele></trkpt>
   <trkpt lat="52.629021" lon="13.735689"><ele>73</ele></trkpt>
   <trkpt lat="52.62874" lon="13.73551"><ele>73.5</ele></trkpt>
   <trkpt lat="52.627435" lon="13.734686"><ele>73.75</ele></trkpt>
   <trkpt lat="52.626753" lon="13.734257"><ele>73.75</ele></trkpt>
   <trkpt lat="52.626241" lon="13.733954"><ele>74</ele></trkpt>
   <trkpt lat="52.625975" lon="13.733788"><ele>73.75</ele></trkpt>
   <trkpt lat="52.625889" lon="13.733734"><ele>73.75</ele></trkpt>
   <trkpt lat="52.625804" lon="13.733684"><ele>74</ele></trkpt>
   <trkpt lat="52.625498" lon="13.733493"><ele>73.25</ele></trkpt>
   <trkpt lat="52.625389" lon="13.733434"><ele>73</ele></trkpt>
   <trkpt lat="52.624949" lon="13.733195"><ele>73.25</ele></trkpt>
   <trkpt lat="52.624731" lon="13.733072"><ele>73</ele></trkpt>
   <trkpt lat="52.624509" lon="13.732936"><ele>73</ele></trkpt>
   <trkpt lat="52.623501" lon="13.732227"><ele>73</ele></trkpt>
   <trkpt lat="52.623205" lon="13.732039"><ele>73</ele></trkpt>
   <trkpt lat="52.623108" lon="13.731991"><ele>73</ele></trkpt>
   <trkpt lat="52.622946" lon="13.731918"><ele>72.75</ele></trkpt>
   <trkpt lat="52.622818" lon="13.731886"><ele>72.75</ele></trkpt>
   <trkpt lat="52.622144" lon="13.731882"><ele>72</ele></trkpt>
   <trkpt lat="52.621682" lon="13.73188"><ele>71.75</ele></trkpt>
   <trkpt lat="52.619991" lon="13.731933"><ele>71</ele></trkpt>
   <trkpt lat="52.619899" lon="13.731944"><ele>71.25</ele></trkpt>
   <trkpt lat="52.619688" lon="13.731909"><ele>71.75</ele></trkpt>
   <trkpt lat="52.619089" lon="13.731759"><ele>71.5</ele></trkpt>
   <trkpt lat="52.618141" lon="13.731503"><ele>73</ele></trkpt>
   <trkpt lat="52.618049" lon="13.731489"><ele>73.25</ele></trkpt>
   <trkpt lat="52.616181" lon="13.731037"><ele>76.5</ele></trkpt>
   <trkpt lat="52.616001" lon="13.731005"><ele>76.25</ele></trkpt>
   <trkpt lat="52.615058" lon="13.730784"><ele>77</ele></trkpt>
   <trkpt lat="52.614282" lon="13.730578"><ele>77.5</ele></trkpt>
   <trkpt lat="52.614157" lon="13.730519"><ele>77.75</ele></trkpt>
   <trkpt lat="52.614027" lon="13.730494"><ele>77.75</ele></trkpt>
   <trkpt lat="52.613682" lon="13.730457"><ele>78</ele></trkpt>
   <trkpt lat="52.613408" lon="13.730387"><ele>78</ele></trkpt>
   <trkpt lat="52.61331" lon="13.730329"><ele>78</ele></trkpt>
   <trkpt lat="52.613036" lon="13.730111"><ele>78</ele></trkpt>
   <trkpt lat="52.612633" lon="13.729774"><ele>76</ele></trkpt>
   <trkpt lat="52.612423" lon="13.729579"><ele>74.5</ele></trkpt>
   <trkpt lat="52.612319" lon="13.729471"><ele>74.5</ele></trkpt>
   <trkpt lat="52.612028" lon="13.7294"><ele>75.5</ele></trkpt>
   <trkpt lat="52.611134" lon="13.729286"><ele>79</ele></trkpt>
   <trkpt lat="52.609966" lon="13.72913"><ele>78.75</ele></trkpt>
   <trkpt lat="52.607879" lon="13.728891"><ele>76</ele></trkpt>
   <trkpt lat="52.606671" lon="13.728728"><ele>77.25</ele></trkpt>
   <trkpt lat="52.605642" lon="13.728616"><ele>79</ele></trkpt>
   <trkpt lat="52.604979" lon="13.72855"><ele>79</ele></trkpt>
   <trkpt lat="52.604703" lon="13.728505"><ele>78.75</ele></trkpt>
   <trkpt lat="52.604177" lon="13.728453"><ele>78</ele></trkpt>
   <trkpt lat="52.603854" lon="13.728402"><ele>77</ele></trkpt>
   <trkpt lat="52.602314" lon="13.728242"><ele>75.25</ele></trkpt>
   <trkpt lat="52.601654" lon="13.728159"><ele>74.25</ele></trkpt>
   <trkpt lat="52.601509" lon="13.728155"><ele>74</ele></trkpt>
   <trkpt lat="52.601451" lon="13.728188"><ele>74</ele></trkpt>
   <trkpt lat="52.601393" lon="13.728126"><ele>74</ele></trkpt>
   <trkpt lat="52.600385" lon="13.728037"><ele>73.25</ele></trkpt>
   <trkpt lat="52.599101" lon="13.72787"><ele>73.5</ele></trkpt>
   <trkpt lat="52.598444" lon="13.727794"><ele>72.25</ele></trkpt>
   <trkpt lat="52.598198" lon="13.727767"><ele>72</ele></trkpt>
   <trkpt lat="52.59805" lon="13.727748"><ele>72</ele></trkpt>
   <trkpt lat="52.597831" lon="13.727719"><ele>72</ele></trkpt>
   <trkpt lat="52.59732" lon="13.727653"><ele>72</ele></trkpt>
   <trkpt lat="52.596771" lon="13.727588"><ele>71.25</ele></trkpt>
   <trkpt lat="52.596128" lon="13.727531"><ele>69.75</ele></trkpt>
   <trkpt lat="52.595557" lon="13.727463"><ele>69.75</ele></trkpt>
   <trkpt lat="52.590556" lon="13.726857"><ele>72.75</ele></trkpt>
   <trkpt lat="52.590188" lon="13.726791"><ele>73</ele></trkpt>
   <trkpt lat="52.589245" lon="13.726649"><ele>72.25</ele></trkpt>
   <trkpt lat="52.58907" lon="13.726615"><ele>72</ele></trkpt>
   <trkpt lat="52.588899" lon="13.72661"><ele>71.75</ele></trkpt>
   <trkpt lat="52.588258" lon="13.726513"><ele>72</ele></trkpt>
   <trkpt lat="52.587989" lon="13.726448"><ele>71.75</ele></trkpt>
   <trkpt lat="52.587392" lon="13.726365"><ele>70.5</ele></trkpt>
   <trkpt lat="52.583477" lon="13.725764"><ele>64</ele></trkpt>
   <trkpt lat="52.583145" lon="13.725733"><ele>64</ele></trkpt>
   <trkpt lat="52.582945" lon="13.725704"><ele>63.75</ele></trkpt>
   <trkpt lat="52.582784" lon="13.725664"><ele>63.5</ele></trkpt>
   <trkpt lat="52.582644" lon="13.725643"><ele>63.75</ele></trkpt>
   <trkpt lat="52.58242" lon="13.725607"><ele>64</ele></trkpt>
   <trkpt lat="52.582316" lon="13.725591"><ele>64</ele></trkpt>
   <trkpt lat="52.581984" lon="13.725544"><ele>63.75</ele></trkpt>
   <trkpt lat="52.581837" lon="13.725513"><ele>63.5</ele></trkpt>
   <trkpt lat="52.581514" lon="13.725466"><ele>63</ele></trkpt>
   <trkpt lat="52.581334" lon="13.725451"><ele>63</ele></trkpt>
   <trkpt lat="52.58117" lon="13.725432"><ele>63</ele></trkpt>
   <trkpt lat="52.580199" lon="13.725238"><ele>62.75</ele></trkpt>
   <trkpt lat="52.57998" lon="13.725201"><ele>63</ele></trkpt>
   <trkpt lat="52.579792" lon="13.725169"><ele>63</ele></trkpt>
   <trkpt lat="52.579409" lon="13.725131"><ele>63</ele></trkpt>
   <trkpt lat="52.579277" lon="13.725116"><ele>63.25</ele></trkpt>
   <trkpt lat="52.579229" lon="13.72511"><ele>63.25</ele></trkpt>
   <trkpt lat="52.578974" lon="13.725077"><ele>63.25</ele></trkpt>
   <trkpt lat="52.578083" lon="13.724962"><ele>61.75</ele></trkpt>
   <trkpt lat="52.577883" lon="13.724965"><ele>62</ele></trkpt>
   <trkpt lat="52.577716" lon="13.72499"><ele>61.75</ele></trkpt>
   <trkpt lat="52.57765" lon="13.725017"><ele>61.75</ele></trkpt>
   <trkpt lat="52.577566" lon="13.725061"><ele>61.75</ele></trkpt>
   <trkpt lat="52.577396" lon="13.725156"><ele>61.25</ele></trkpt>
   <trkpt lat="52.577196" lon="13.725297"><ele>60.75</ele></trkpt>
   <trkpt lat="52.576696" lon="13.725709"><ele>60.25</ele></trkpt>
   <trkpt lat="52.575122" lon="13.726956"><ele>59.25</ele></trkpt>
   <trkpt lat="52.574992" lon="13.727063"><ele>59.25</ele></trkpt>
   <trkpt lat="52.573471" lon="13.728363"><ele>58.25</ele></trkpt>
   <trkpt lat="52.573372" lon="13.72844"><ele>58</ele></trkpt>
   <trkpt lat="52.573265" lon="13.728481"><ele>58</ele></trkpt>
   <trkpt lat="52.573165" lon="13.72849"><ele>58</ele></trkpt>
   <trkpt lat="52.572795" lon="13.728392"><ele>57</ele></trkpt>
   <trkpt lat="52.572683" lon="13.72837"><ele>57.25</ele></trkpt>
   <trkpt lat="52.572201" lon="13.728289"><ele>58</ele></trkpt>
   <trkpt lat="52.571534" lon="13.728217"><ele>60</ele></trkpt>
   <trkpt lat="52.571418" lon="13.728215"><ele>60.25</ele></trkpt>
   <trkpt lat="52.571325" lon="13.728229"><ele>60.25</ele></trkpt>
   <trkpt lat="52.571261" lon="13.728274"><ele>60.25</ele></trkpt>
   <trkpt lat="52.571205" lon="13.728325"><ele>60.25</ele></trkpt>
   <trkpt lat="52.571134" lon="13.728415"><ele>60</ele></trkpt>
   <trkpt lat="52.571027" lon="13.728593"><ele>60</ele></trkpt>
   <trkpt lat="52.571" lon="13.728642"><ele>60</ele></trkpt>
   <trkpt lat="52.570968" lon="13.728778"><ele>60</ele></trkpt>
   <trkpt lat="52.570803" lon="13.728693"><ele>60</ele></trkpt>
   <trkpt lat="52.570679" lon="13.728668"><ele>60</ele></trkpt>
   <trkpt lat="52.570577" lon="13.728662"><ele>60</ele></trkpt>
   <trkpt lat="52.569943" lon="13.728605"><ele>60</ele></trkpt>
   <trkpt lat="52.569882" lon="13.728599"><ele>59.75</ele></trkpt>
   <trkpt lat="52.569863" lon="13.728598"><ele>60</ele></trkpt>
   <trkpt lat="52.569732" lon="13.728586"><ele>60</ele></trkpt>
   <trkpt lat="52.569668" lon="13.728581"><ele>60</ele></trkpt>
   <trkpt lat="52.569601" lon="13.728575"><ele>60</ele></trkpt>
   <trkpt lat="52.569586" lon="13.728574"><ele>60</ele></trkpt>
   <trkpt lat="52.569441" lon="13.728563"><ele>60</ele></trkpt>
   <trkpt lat="52.569345" lon="13.728554"><ele>60</ele></trkpt>
   <trkpt lat="52.569154" lon="13.728536"><ele>60</ele></trkpt>
   <trkpt lat="52.569008" lon="13.728523"><ele>60</ele></trkpt>
   <trkpt lat="52.568941" lon="13.728519"><ele>60</ele></trkpt>
   <trkpt lat="52.568481" lon="13.728485"><ele>60</ele></trkpt>
   <trkpt lat="52.568478" lon="13.728611"><ele>60</ele></trkpt>
   <trkpt lat="52.568477" lon="13.728634"><ele>60</ele></trkpt>
   <trkpt lat="52.568468" lon="13.728805"><ele>60</ele></trkpt>
   <trkpt lat="52.568467" lon="13.72883"><ele>60</ele></trkpt>
   <trkpt lat="52.568462" lon="13.728898"><ele>60</ele></trkpt>
   <trkpt lat="52.568427" lon="13.729004"><ele>60</ele></trkpt>
   <trkpt lat="52.568395" lon="13.729059"><ele>60</ele></trkpt>
   <trkpt lat="52.568357" lon="13.729096"><ele>60</ele></trkpt>
   <trkpt lat="52.568324" lon="13.729127"><ele>60</ele></trkpt>
   <trkpt lat="52.568291" lon="13.729158"><ele>60</ele></trkpt>
   <trkpt lat="52.568252" lon="13.729195"><ele>60</ele></trkpt>
   <trkpt lat="52.568238" lon="13.729208"><ele>60</ele></trkpt>
   <trkpt lat="52.568174" lon="13.729264"><ele>60</ele></trkpt>
   <trkpt lat="52.567907" lon="13.729529"><ele>59.25</ele></trkpt>
   <trkpt lat="52.567824" lon="13.729633"><ele>59</ele></trkpt>
   <trkpt lat="52.567711" lon="13.729713"><ele>59</ele></trkpt>
   <trkpt lat="52.567689" lon="13.72973"><ele>58.75</ele></trkpt>
   <trkpt lat="52.567533" lon="13.729831"><ele>58.5</ele></trkpt>
   <trkpt lat="52.567455" lon="13.729849"><ele>58.5</ele></trkpt>
   <trkpt lat="52.567352" lon="13.729849"><ele>58.5</ele></trkpt>
   <trkpt lat="52.567108" lon="13.729799"><ele>58.25</ele></trkpt>
   <trkpt lat="52.565566" lon="13.729559"><ele>57.5</ele></trkpt>
   <trkpt lat="52.565544" lon="13.729554"><ele>57.5</ele></trkpt>
   <trkpt lat="52.565526" lon="13.72955"><ele>57.5</ele></trkpt>
   <trkpt lat="52.565365" lon="13.729504"><ele>57.75</ele></trkpt>
   <trkpt lat="52.565234" lon="13.729471"><ele>57.75</ele></trkpt>
   <trkpt lat="52.565064" lon="13.729453"><ele>57.75</ele></trkpt>
   <trkpt lat="52.564865" lon="13.729443"><ele>58</ele></trkpt>
   <trkpt lat="52.564853" lon="13.729443"><ele>58</ele></trkpt>
   <trkpt lat="52.56481" lon="13.729442"><ele>58</ele></trkpt>
   <trkpt lat="52.564763" lon="13.729484"><ele>57.75</ele></trkpt>
   <trkpt lat="52.564674" lon="13.729445"><ele>57.75</ele></trkpt>
   <trkpt lat="52.56459" lon="13.729377"><ele>57.5</ele></trkpt>
   <trkpt lat="52.564454" lon="13.72925"><ele>57</ele></trkpt>
   <trkpt lat="52.564264" lon="13.72904"><ele>57</ele></trkpt>
   <trkpt lat="52.562789" lon="13.727737"><ele>56</ele></trkpt>
   <trkpt lat="52.562562" lon="13.727506"><ele>56</ele></trkpt>
   <trkpt lat="52.562438" lon="13.727379"><ele>56.25</ele></trkpt>
   <trkpt lat="52.562322" lon="13.727238"><ele>56.25</ele></trkpt>
   <trkpt lat="52.562215" lon="13.727088"><ele>55.75</ele></trkpt>
   <trkpt lat="52.56213" lon="13.726914"><ele>55.75</ele></trkpt>
   <trkpt lat="52.561868" lon="13.726317"><ele>56.25</ele></trkpt>
   <trkpt lat="52.561836" lon="13.726287"><ele>56.25</ele></trkpt>
   <trkpt lat="52.561751" lon="13.726301"><ele>56.25</ele></trkpt>
   <trkpt lat="52.561678" lon="13.726328"><ele>56</ele></trkpt>
   <trkpt lat="52.561628" lon="13.726329"><ele>56</ele></trkpt>
   <trkpt lat="52.561586" lon="13.726316"><ele>55.75</ele></trkpt>
   <trkpt lat="52.561479" lon="13.726241"><ele>55.75</ele></trkpt>
   <trkpt lat="52.561379" lon="13.726205"><ele>55.5</ele></trkpt>
   <trkpt lat="52.56126" lon="13.726136"><ele>55.75</ele></trkpt>
   <trkpt lat="52.561065" lon="13.726046"><ele>56</ele></trkpt>
   <trkpt lat="52.560896" lon="13.726024"><ele>55.75</ele></trkpt>
   <trkpt lat="52.560737" lon="13.725938"><ele>56</ele></trkpt>
   <trkpt lat="52.560406" lon="13.725733"><ele>57</ele></trkpt>
   <trkpt lat="52.560292" lon="13.725634"><ele>57</ele></trkpt>
   <trkpt lat="52.560056" lon="13.725436"><ele>56.5</ele></trkpt>
   <trkpt lat="52.559766" lon="13.725147"><ele>56</ele></trkpt>
   <trkpt lat="52.559659" lon="13.72505"><ele>55.75</ele></trkpt>
   <trkpt lat="52.559586" lon="13.724941"><ele>55.5</ele></trkpt>
   <trkpt lat="52.558718" lon="13.722439"><ele>54.75</ele></trkpt>
   <trkpt lat="52.558541" lon="13.721891"><ele>54.5</ele></trkpt>
   <trkpt lat="52.558509" lon="13.721791"><ele>54.5</ele></trkpt>
   <trkpt lat="52.558847" lon="13.721618"><ele>55</ele></trkpt>
   <trkpt lat="52.558958" lon="13.721563"><ele>55</ele></trkpt>
   <trkpt lat="52.55898" lon="13.721551"><ele>55.25</ele></trkpt>
   <trkpt lat="52.559025" lon="13.721527"><ele>55.25</ele></trkpt>
   <trkpt lat="52.55905" lon="13.721513"><ele>55.5</ele></trkpt>
   <trkpt lat="52.559091" lon="13.721481"><ele>55.5</ele></trkpt>
   <trkpt lat="52.559067" lon="13.721378"><ele>55.5</ele></trkpt>
   <trkpt lat="52.558981" lon="13.720955"><ele>55.5</ele></trkpt>
   <trkpt lat="52.5589" lon="13.720554"><ele>55.75</ele></trkpt>
   <trkpt lat="52.558835" lon="13.720244"><ele>56</ele></trkpt>
   <trkpt lat="52.558748" lon="13.719898"><ele>56</ele></trkpt>
   <trkpt lat="52.558645" lon="13.719556"><ele>56</ele></trkpt>
   <trkpt lat="52.558615" lon="13.71946"><ele>56</ele></trkpt>
   <trkpt lat="52.558494" lon="13.71908"><ele>56</ele></trkpt>
   <trkpt lat="52.558461" lon="13.718975"><ele>56.25</ele></trkpt>
   <trkpt lat="52.55838" lon="13.718719"><ele>56.5</ele></trkpt>
   <trkpt lat="52.558341" lon="13.718598"><ele>57</ele></trkpt>
   <trkpt lat="52.55827" lon="13.71837"><ele>56.75</ele></trkpt>
   <trkpt lat="52.558207" lon="13.718161"><ele>57.25</ele></trkpt>
   <trkpt lat="52.558114" lon="13.71785"><ele>57</ele></trkpt>
   <trkpt lat="52.558082" lon="13.717727"><ele>57</ele></trkpt>
   <trkpt lat="52.557991" lon="13.717367"><ele>57</ele></trkpt>
   <trkpt lat="52.557955" lon="13.717211"><ele>57</ele></trkpt>
   <trkpt lat="52.557899" lon="13.716982"><ele>57.25</ele></trkpt>
   <trkpt lat="52.557821" lon="13.716663"><ele>56</ele></trkpt>
   <trkpt lat="52.557735" lon="13.716316"><ele>55.75</ele></trkpt>
   <trkpt lat="52.557615" lon="13.715948"><ele>55</ele></trkpt>
   <trkpt lat="52.557497" lon="13.715637"><ele>55.5</ele></trkpt>
   <trkpt lat="52.55747" lon="13.715667"><ele>55.5</ele></trkpt>
   <trkpt lat="52.557414" lon="13.715528"><ele>55.75</ele></trkpt>
   <trkpt lat="52.557317" lon="13.715583"><ele>55.75</ele></trkpt>
   <trkpt lat="52.557197" lon="13.715594"><ele>55.75</ele></trkpt>
   <trkpt lat="52.557157" lon="13.715598"><ele>56</ele></trkpt>
   <trkpt lat="52.556862" lon="13.715559"><ele>57.25</ele></trkpt>
   <trkpt lat="52.556408" lon="13.71545"><ele>57.75</ele></trkpt>
   <trkpt lat="52.5556" lon="13.71519"><ele>57.25</ele></trkpt>
   <trkpt lat="52.555426" lon="13.715125"><ele>57.5</ele></trkpt>
   <trkpt lat="52.554741" lon="13.71475"><ele>58</ele></trkpt>
   <trkpt lat="52.554508" lon="13.714622"><ele>58</ele></trkpt>
   <trkpt lat="52.554213" lon="13.714456"><ele>58</ele></trkpt>
   <trkpt lat="52.553598" lon="13.714117"><ele>58</ele></trkpt>
   <trkpt lat="52.553444" lon="13.714032"><ele>58</ele></trkpt>
   <trkpt lat="52.553263" lon="13.713932"><ele>58</ele></trkpt>
   <trkpt lat="52.553076" lon="13.71383"><ele>58</ele></trkpt>
   <trkpt lat="52.553002" lon="13.713789"><ele>58</ele></trkpt>
   <trkpt lat="52.552977" lon="13.713775"><ele>58</ele></trkpt>
   <trkpt lat="52.552779" lon="13.713667"><ele>58</ele></trkpt>
   <trkpt lat="52.552725" lon="13.713666"><ele>57.75</ele></trkpt>
   <trkpt lat="52.552673" lon="13.713644"><ele>58</ele></trkpt>
   <trkpt lat="52.552599" lon="13.713605"><ele>58</ele></trkpt>
   <trkpt lat="52.552588" lon="13.713587"><ele>58</ele></trkpt>
   <trkpt lat="52.552533" lon="13.713526"><ele>57.75</ele></trkpt>
   <trkpt lat="52.552131" lon="13.713301"><ele>57.5</ele></trkpt>
   <trkpt lat="52.552077" lon="13.71327"><ele>57.25</ele></trkpt>
   <trkpt lat="52.551782" lon="13.713102"><ele>57.25</ele></trkpt>
   <trkpt lat="52.551574" lon="13.712983"><ele>57</ele></trkpt>
   <trkpt lat="52.551531" lon="13.712959"><ele>57</ele></trkpt>
   <trkpt lat="52.551255" lon="13.712807"><ele>57.25</ele></trkpt>
   <trkpt lat="52.551207" lon="13.712781"><ele>57.25</ele></trkpt>
   <trkpt lat="52.551011" lon="13.712678"><ele>57</ele></trkpt>
   <trkpt lat="52.550767" lon="13.712544"><ele>57</ele></trkpt>
   <trkpt lat="52.550741" lon="13.712529"><ele>57</ele></trkpt>
   <trkpt lat="52.550593" lon="13.712448"><ele>57</ele></trkpt>
   <trkpt lat="52.550373" lon="13.712331"><ele>57</ele></trkpt>
   <trkpt lat="52.550154" lon="13.712206"><ele>57</ele></trkpt>
   <trkpt lat="52.550099" lon="13.712174"><ele>57</ele></trkpt>
   <trkpt lat="52.549835" lon="13.712023"><ele>57.25</ele></trkpt>
   <trkpt lat="52.54977" lon="13.711988"><ele>57.5</ele></trkpt>
   <trkpt lat="52.548745" lon="13.711416"><ele>59.75</ele></trkpt>
   <trkpt lat="52.548667" lon="13.711391"><ele>59.75</ele></trkpt>
   <trkpt lat="52.548445" lon="13.711229"><ele>60.5</ele></trkpt>
   <trkpt lat="52.547837" lon="13.710667"><ele>61.25</ele></trkpt>
   <trkpt lat="52.547757" lon="13.710594"><ele>61</ele></trkpt>
   <trkpt lat="52.547677" lon="13.710525"><ele>61.25</ele></trkpt>
   <trkpt lat="52.547482" lon="13.710345"><ele>61.75</ele></trkpt>
   <trkpt lat="52.547271" lon="13.710155"><ele>61.25</ele></trkpt>
   <trkpt lat="52.547061" lon="13.709967"><ele>61.25</ele></trkpt>
   <trkpt lat="52.547001" lon="13.709913"><ele>61</ele></trkpt>
   <trkpt lat="52.546791" lon="13.709725"><ele>61</ele></trkpt>
   <trkpt lat="52.546624" lon="13.709576"><ele>61.5</ele></trkpt>
   <trkpt lat="52.546473" lon="13.70944"><ele>61.75</ele></trkpt>
   <trkpt lat="52.546315" lon="13.709297"><ele>61.75</ele></trkpt>
   <trkpt lat="52.546211" lon="13.709204"><ele>61.75</ele></trkpt>
   <trkpt lat="52.546139" lon="13.709019"><ele>62</ele></trkpt>
   <trkpt lat="52.546055" lon="13.708836"><ele>62</ele></trkpt>
   <trkpt lat="52.546014" lon="13.708761"><ele>62</ele></trkpt>
   <trkpt lat="52.545957" lon="13.708653"><ele>62</ele></trkpt>
   <trkpt lat="52.545819" lon="13.708451"><ele>61.25</ele></trkpt>
   <trkpt lat="52.545693" lon="13.708349"><ele>61</ele></trkpt>
   <trkpt lat="52.545584" lon="13.708299"><ele>61</ele></trkpt>
   <trkpt lat="52.545531" lon="13.708224"><ele>61.25</ele></trkpt>
   <trkpt lat="52.545463" lon="13.708156"><ele>61.25</ele></trkpt>
   <trkpt lat="52.545157" lon="13.707873"><ele>61.25</ele></trkpt>
   <trkpt lat="52.54494" lon="13.707756"><ele>61</ele></trkpt>
   <trkpt lat="52.544809" lon="13.707684"><ele>61</ele></trkpt>
   <trkpt lat="52.544526" lon="13.70758"><ele>61</ele></trkpt>
   <trkpt lat="52.54446" lon="13.707544"><ele>61</ele></trkpt>
   <trkpt lat="52.544365" lon="13.707501"><ele>61.25</ele></trkpt>
   <trkpt lat="52.544345" lon="13.707508"><ele>61.25</ele></trkpt>
   <trkpt lat="52.544302" lon="13.707576"><ele>61.25</ele></trkpt>
   <trkpt lat="52.544263" lon="13.707584"><ele>61.25</ele></trkpt>
   <trkpt lat="52.544168" lon="13.707482"><ele>61.75</ele></trkpt>
   <trkpt lat="52.543831" lon="13.707185"><ele>61.5</ele></trkpt>
   <trkpt lat="52.543438" lon="13.706786"><ele>60.25</ele></trkpt>
   <trkpt lat="52.543254" lon="13.706581"><ele>60</ele></trkpt>
   <trkpt lat="52.542795" lon="13.70616"><ele>59.75</ele></trkpt>
   <trkpt lat="52.541986" lon="13.70543"><ele>59.5</ele></trkpt>
   <trkpt lat="52.541537" lon="13.705045"><ele>59</ele></trkpt>
   <trkpt lat="52.541261" lon="13.704715"><ele>59</ele></trkpt>
   <trkpt lat="52.54099" lon="13.704371"><ele>59</ele></trkpt>
   <trkpt lat="52.540305" lon="13.703481"><ele>58</ele></trkpt>
   <trkpt lat="52.539178" lon="13.702043"><ele>58</ele></trkpt>
   <trkpt lat="52.539144" lon="13.701969"><ele>58</ele></trkpt>
   <trkpt lat="52.538916" lon="13.70167"><ele>57.75</ele></trkpt>
   <trkpt lat="52.538858" lon="13.701596"><ele>57.75</ele></trkpt>
   <trkpt lat="52.538703" lon="13.7014"><ele>57.75</ele></trkpt>
   <trkpt lat="52.538652" lon="13.701368"><ele>58</ele></trkpt>
   <trkpt lat="52.538406" lon="13.701095"><ele>58</ele></trkpt>
   <trkpt lat="52.53829" lon="13.700957"><ele>57.75</ele></trkpt>
   <trkpt lat="52.538221" lon="13.70086"><ele>57.5</ele></trkpt>
   <trkpt lat="52.538118" lon="13.700686"><ele>57.5</ele></trkpt>
   <trkpt lat="52.53768" lon="13.700132"><ele>58.5</ele></trkpt>
   <trkpt lat="52.537637" lon="13.700049"><ele>58.75</ele></trkpt>
   <trkpt lat="52.537547" lon="13.699936"><ele>59.25</ele></trkpt>
   <trkpt lat="52.537267" lon="13.699576"><ele>59.5</ele></trkpt>
   <trkpt lat="52.537212" lon="13.699532"><ele>58.5</ele></trkpt>
   <trkpt lat="52.536814" lon="13.699027"><ele>57</ele></trkpt>
   <trkpt lat="52.536356" lon="13.698446"><ele>57</ele></trkpt>
   <trkpt lat="52.536213" lon="13.698233"><ele>57</ele></trkpt>
   <trkpt lat="52.536092" lon="13.698077"><ele>57</ele></trkpt>
   <trkpt lat="52.535999" lon="13.697994"><ele>57</ele></trkpt>
   <trkpt lat="52.535794" lon="13.697738"><ele>57</ele></trkpt>
   <trkpt lat="52.535708" lon="13.69763"><ele>57</ele></trkpt>
   <trkpt lat="52.535556" lon="13.697461"><ele>57</ele></trkpt>
   <trkpt lat="52.535485" lon="13.697414"><ele>57</ele></trkpt>
   <trkpt lat="52.535448" lon="13.697418"><ele>57</ele></trkpt>
   <trkpt lat="52.535366" lon="13.697438"><ele>56.75</ele></trkpt>
   <trkpt lat="52.535295" lon="13.697363"><ele>57</ele></trkpt>
   <trkpt lat="52.535232" lon="13.697278"><ele>56.75</ele></trkpt>
   <trkpt lat="52.535225" lon="13.697112"><ele>57</ele></trkpt>
   <trkpt lat="52.5352" lon="13.697003"><ele>57</ele></trkpt>
   <trkpt lat="52.535151" lon="13.696939"><ele>57</ele></trkpt>
   <trkpt lat="52.535026" lon="13.696758"><ele>57</ele></trkpt>
   <trkpt lat="52.534815" lon="13.696478"><ele>57.5</ele></trkpt>
   <trkpt lat="52.534761" lon="13.696406"><ele>57.75</ele></trkpt>
   <trkpt lat="52.534647" lon="13.696254"><ele>58</ele></trkpt>
   <trkpt lat="52.534501" lon="13.696074"><ele>58</ele></trkpt>
   <trkpt lat="52.534474" lon="13.69604"><ele>58</ele></trkpt>
   <trkpt lat="52.534306" lon="13.695818"><ele>58</ele></trkpt>
   <trkpt lat="52.534167" lon="13.695643"><ele>58</ele></trkpt>
   <trkpt lat="52.534145" lon="13.695614"><ele>57.75</ele></trkpt>
   <trkpt lat="52.533934" lon="13.695348"><ele>58</ele></trkpt>
   <trkpt lat="52.533899" lon="13.695303"><ele>57.75</ele></trkpt>
   <trkpt lat="52.533742" lon="13.695109"><ele>58</ele></trkpt>
   <trkpt lat="52.533571" lon="13.694899"><ele>57.75</ele></trkpt>
   <trkpt lat="52.533451" lon="13.69475"><ele>57.75</ele></trkpt>
   <trkpt lat="52.533225" lon="13.694471"><ele>58</ele></trkpt>
   <trkpt lat="52.533082" lon="13.694245"><ele>58</ele></trkpt>
   <trkpt lat="52.532898" lon="13.693953"><ele>58</ele></trkpt>
   <trkpt lat="52.532869" lon="13.693908"><ele>58</ele></trkpt>
   <trkpt lat="52.532629" lon="13.693526"><ele>58</ele></trkpt>
   <trkpt lat="52.532534" lon="13.693379"><ele>58</ele></trkpt>
   <trkpt lat="52.532215" lon="13.692883"><ele>58</ele></trkpt>
   <trkpt lat="52.532166" lon="13.692806"><ele>58</ele></trkpt>
   <trkpt lat="52.532048" lon="13.692621"><ele>58</ele></trkpt>
   <trkpt lat="52.531938" lon="13.692447"><ele>58</ele></trkpt>
   <trkpt lat="52.531749" lon="13.692158"><ele>58</ele></trkpt>
   <trkpt lat="52.531537" lon="13.691831"><ele>58</ele></trkpt>
   <trkpt lat="52.531514" lon="13.691796"><ele>58</ele></trkpt>
   <trkpt lat="52.531492" lon="13.691761"><ele>58</ele></trkpt>
   <trkpt lat="52.531307" lon="13.691478"><ele>58</ele></trkpt>
   <trkpt lat="52.531185" lon="13.691291"><ele>58</ele></trkpt>
   <trkpt lat="52.531143" lon="13.691225"><ele>58</ele></trkpt>
   <trkpt lat="52.531083" lon="13.691131"><ele>58</ele></trkpt>
   <trkpt lat="52.53094" lon="13.690907"><ele>58</ele></trkpt>
   <trkpt lat="52.530839" lon="13.69075"><ele>57.75</ele></trkpt>
   <trkpt lat="52.530711" lon="13.690551"><ele>58</ele></trkpt>
   <trkpt lat="52.530692" lon="13.690522"><ele>58</ele></trkpt>
   <trkpt lat="52.530524" lon="13.690256"><ele>58</ele></trkpt>
   <trkpt lat="52.530499" lon="13.690216"><ele>58</ele></trkpt>
   <trkpt lat="52.530223" lon="13.68979"><ele>58</ele></trkpt>
   <trkpt lat="52.530103" lon="13.689598"><ele>57.75</ele></trkpt>
   <trkpt lat="52.530081" lon="13.689574"><ele>57.75</ele></trkpt>
   <trkpt lat="52.530016" lon="13.689518"><ele>57.75</ele></trkpt>
   <trkpt lat="52.529878" lon="13.689564"><ele>57.5</ele></trkpt>
   <trkpt lat="52.529799" lon="13.6896"><ele>57.5</ele></trkpt>
   <trkpt lat="52.529757" lon="13.689474"><ele>57</ele></trkpt>
   <trkpt lat="52.529725" lon="13.689397"><ele>57</ele></trkpt>
   <trkpt lat="52.529671" lon="13.689268"><ele>57</ele></trkpt>
   <trkpt lat="52.52965" lon="13.689298"><ele>57</ele></trkpt>
   <trkpt lat="52.529405" lon="13.689644"><ele>57</ele></trkpt>
   <trkpt lat="52.529373" lon="13.689701"><ele>57</ele></trkpt>
   <trkpt lat="52.529335" lon="13.689769"><ele>57</ele></trkpt>
   <trkpt lat="52.52909" lon="13.690111"><ele>57</ele></trkpt>
   <trkpt lat="52.529016" lon="13.690193"><ele>57</ele></trkpt>
   <trkpt lat="52.528799" lon="13.690501"><ele>57.25</ele></trkpt>
   <trkpt lat="52.528754" lon="13.690566"><ele>57.25</ele></trkpt>
   <trkpt lat="52.528594" lon="13.690792"><ele>57.75</ele></trkpt>
   <trkpt lat="52.528415" lon="13.691039"><ele>57.5</ele></trkpt>
   <trkpt lat="52.52838" lon="13.691087"><ele>57.75</ele></trkpt>
   <trkpt lat="52.52813" lon="13.691441"><ele>58.5</ele></trkpt>
   <trkpt lat="52.527872" lon="13.691804"><ele>58.5</ele></trkpt>
   <trkpt lat="52.527229" lon="13.692714"><ele>59</ele></trkpt>
   <trkpt lat="52.526963" lon="13.693091"><ele>60</ele></trkpt>
   <trkpt lat="52.526801" lon="13.693322"><ele>60.5</ele></trkpt>
   <trkpt lat="52.526667" lon="13.693512"><ele>60.25</ele></trkpt>
   <trkpt lat="52.526496" lon="13.693755"><ele>60</ele></trkpt>
   <trkpt lat="52.526315" lon="13.694058"><ele>59.75</ele></trkpt>
   <trkpt lat="52.526277" lon="13.694128"><ele>59.5</ele></trkpt>
   <trkpt lat="52.526168" lon="13.694339"><ele>59</ele></trkpt>
   <trkpt lat="52.526064" lon="13.694547"><ele>58.75</ele></trkpt>
   <trkpt lat="52.52581" lon="13.695044"><ele>57.75</ele></trkpt>
   <trkpt lat="52.525751" lon="13.695159"><ele>57.5</ele></trkpt>
   <trkpt lat="52.525653" lon="13.695349"><ele>57.5</ele></trkpt>
   <trkpt lat="52.525456" lon="13.695728"><ele>56.5</ele></trkpt>
   <trkpt lat="52.52535" lon="13.695932"><ele>56.25</ele></trkpt>
   <trkpt lat="52.525238" lon="13.696147"><ele>56.25</ele></trkpt>
   <trkpt lat="52.525165" lon="13.696289"><ele>55.5</ele></trkpt>
   <trkpt lat="52.525005" lon="13.696596"><ele>55.5</ele></trkpt>
   <trkpt lat="52.52497" lon="13.696664"><ele>55.75</ele></trkpt>
   <trkpt lat="52.524932" lon="13.696739"><ele>55.25</ele></trkpt>
   <trkpt lat="52.524762" lon="13.697075"><ele>53.75</ele></trkpt>
   <trkpt lat="52.524575" lon="13.697442"><ele>54.75</ele></trkpt>
   <trkpt lat="52.524542" lon="13.697509"><ele>54.75</ele></trkpt>
   <trkpt lat="52.524404" lon="13.69778"><ele>54.75</ele></trkpt>
   <trkpt lat="52.524299" lon="13.697985"><ele>54.75</ele></trkpt>
   <trkpt lat="52.524169" lon="13.698237"><ele>55</ele></trkpt>
   <trkpt lat="52.524164" lon="13.698247"><ele>55</ele></trkpt>
   <trkpt lat="52.524124" lon="13.698325"><ele>55</ele></trkpt>
   <trkpt lat="52.524086" lon="13.6984"><ele>55</ele></trkpt>
   <trkpt lat="52.524078" lon="13.698415"><ele>55</ele></trkpt>
   <trkpt lat="52.523805" lon="13.698951"><ele>54.25</ele></trkpt>
   <trkpt lat="52.523733" lon="13.699093"><ele>54.75</ele></trkpt>
   <trkpt lat="52.52351" lon="13.699532"><ele>53.75</ele></trkpt>
   <trkpt lat="52.52339" lon="13.699766"><ele>53</ele></trkpt>
   <trkpt lat="52.523355" lon="13.699836"><ele>53</ele></trkpt>
   <trkpt lat="52.523211" lon="13.700116"><ele>52.5</ele></trkpt>
   <trkpt lat="52.523099" lon="13.700333"><ele>52</ele></trkpt>
   <trkpt lat="52.522903" lon="13.700723"><ele>51.75</ele></trkpt>
   <trkpt lat="52.522868" lon="13.700792"><ele>51.75</ele></trkpt>
   <trkpt lat="52.522504" lon="13.701513"><ele>51.5</ele></trkpt>
   <trkpt lat="52.522407" lon="13.701696"><ele>51</ele></trkpt>
   <trkpt lat="52.52232" lon="13.701861"><ele>51</ele></trkpt>
   <trkpt lat="52.522257" lon="13.701982"><ele>50.75</ele></trkpt>
   <trkpt lat="52.522133" lon="13.702226"><ele>51</ele></trkpt>
   <trkpt lat="52.522102" lon="13.702285"><ele>51</ele></trkpt>
   <trkpt lat="52.521897" lon="13.702687"><ele>50.75</ele></trkpt>
   <trkpt lat="52.521798" lon="13.70288"><ele>50.75</ele></trkpt>
   <trkpt lat="52.521634" lon="13.703199"><ele>50</ele></trkpt>
   <trkpt lat="52.521582" lon="13.703299"><ele>50</ele></trkpt>
   <trkpt lat="52.521552" lon="13.703358"><ele>50</ele></trkpt>
   <trkpt lat="52.521432" lon="13.703602"><ele>49.75</ele></trkpt>
   <trkpt lat="52.521306" lon="13.703849"><ele>50</ele></trkpt>
   <trkpt lat="52.521115" lon="13.704242"><ele>50</ele></trkpt>
   <trkpt lat="52.521074" lon="13.704289"><ele>50</ele></trkpt>
   <trkpt lat="52.52101" lon="13.704419"><ele>50</ele></trkpt>
   <trkpt lat="52.520876" lon="13.704697"><ele>50</ele></trkpt>
   <trkpt lat="52.520749" lon="13.704971"><ele>49.25</ele></trkpt>
   <trkpt lat="52.520672" lon="13.705187"><ele>48.5</ele></trkpt>
   <trkpt lat="52.520589" lon="13.705392"><ele>48</ele></trkpt>
   <trkpt lat="52.520522" lon="13.705546"><ele>47.75</ele></trkpt>
   <trkpt lat="52.520456" lon="13.705678"><ele>47.25</ele></trkpt>
   <trkpt lat="52.520362" lon="13.705811"><ele>46.5</ele></trkpt>
   <trkpt lat="52.520269" lon="13.7059"><ele>46</ele></trkpt>
   <trkpt lat="52.519977" lon="13.706076"><ele>46</ele></trkpt>
   <trkpt lat="52.519891" lon="13.706126"><ele>46.25</ele></trkpt>
   <trkpt lat="52.519864" lon="13.706143"><ele>46.25</ele></trkpt>
   <trkpt lat="52.519671" lon="13.706258"><ele>47</ele></trkpt>
   <trkpt lat="52.519532" lon="13.706343"><ele>47</ele></trkpt>
   <trkpt lat="52.519469" lon="13.706386"><ele>47</ele></trkpt>
   <trkpt lat="52.519281" lon="13.706522"><ele>47</ele></trkpt>
   <trkpt lat="52.519267" lon="13.706534"><ele>47</ele></trkpt>
   <trkpt lat="52.519224" lon="13.706571"><ele>47</ele></trkpt>
   <trkpt lat="52.51917" lon="13.706625"><ele>47</ele></trkpt>
   <trkpt lat="52.518919" lon="13.706879"><ele>47.5</ele></trkpt>
   <trkpt lat="52.518904" lon="13.706894"><ele>47.75</ele></trkpt>
   <trkpt lat="52.518784" lon="13.7071"><ele>48</ele></trkpt>
   <trkpt lat="52.51876" lon="13.707141"><ele>48</ele></trkpt>
   <trkpt lat="52.518628" lon="13.707374"><ele>48</ele></trkpt>
   <trkpt lat="52.51852" lon="13.707575"><ele>48</ele></trkpt>
   <trkpt lat="52.51848" lon="13.707649"><ele>48</ele></trkpt>
   <trkpt lat="52.518397" lon="13.707804"><ele>48</ele></trkpt>
   <trkpt lat="52.518212" lon="13.708152"><ele>48.5</ele></trkpt>
   <trkpt lat="52.518187" lon="13.708198"><ele>48.5</ele></trkpt>
   <trkpt lat="52.518014" lon="13.708521"><ele>49</ele></trkpt>
   <trkpt lat="52.517917" lon="13.708701"><ele>49.25</ele></trkpt>
   <trkpt lat="52.517707" lon="13.709093"><ele>50</ele></trkpt>
   <trkpt lat="52.517669" lon="13.709073"><ele>50</ele></trkpt>
   <trkpt lat="52.517629" lon="13.709094"><ele>50</ele></trkpt>
   <trkpt lat="52.517474" lon="13.709177"><ele>50</ele></trkpt>
   <trkpt lat="52.517387" lon="13.709207"><ele>50.25</ele></trkpt>
   <trkpt lat="52.517338" lon="13.70922"><ele>50.5</ele></trkpt>
   <trkpt lat="52.517194" lon="13.709228"><ele>50.75</ele></trkpt>
   <trkpt lat="52.51713" lon="13.709218"><ele>50.75</ele></trkpt>
   <trkpt lat="52.517023" lon="13.709191"><ele>50.75</ele></trkpt>
   <trkpt lat="52.516935" lon="13.709157"><ele>50.75</ele></trkpt>
   <trkpt lat="52.516844" lon="13.709109"><ele>50.75</ele></trkpt>
   <trkpt lat="52.516692" lon="13.709031"><ele>50.75</ele></trkpt>
   <trkpt lat="52.516439" lon="13.708884"><ele>50</ele></trkpt>
   <trkpt lat="52.516415" lon="13.708885"><ele>50</ele></trkpt>
   <trkpt lat="52.516372" lon="13.70886"><ele>50</ele></trkpt>
   <trkpt lat="52.516331" lon="13.708831"><ele>50</ele></trkpt>
   <trkpt lat="52.516314" lon="13.708806"><ele>50</ele></trkpt>
   <trkpt lat="52.516078" lon="13.708668"><ele>50</ele></trkpt>
   <trkpt lat="52.515907" lon="13.708565"><ele>50</ele></trkpt>
   <trkpt lat="52.515742" lon="13.708466"><ele>50</ele></trkpt>
   <trkpt lat="52.51571" lon="13.708447"><ele>50</ele></trkpt>
   <trkpt lat="52.515599" lon="13.70838"><ele>50</ele></trkpt>
   <trkpt lat="52.515566" lon="13.708379"><ele>50</ele></trkpt>
   <trkpt lat="52.515535" lon="13.708358"><ele>50</ele></trkpt>
   <trkpt lat="52.515498" lon="13.708335"><ele>50</ele></trkpt>
   <trkpt lat="52.515484" lon="13.70831"><ele>50</ele></trkpt>
   <trkpt lat="52.515038" lon="13.708055"><ele>49.75</ele></trkpt>
   <trkpt lat="52.514688" lon="13.707905"><ele>50</ele></trkpt>
   <trkpt lat="52.51453" lon="13.707838"><ele>50</ele></trkpt>
   <trkpt lat="52.514084" lon="13.707675"><ele>50</ele></trkpt>
   <trkpt lat="52.513927" lon="13.707617"><ele>50</ele></trkpt>
   <trkpt lat="52.513823" lon="13.707589"><ele>50</ele></trkpt>
   <trkpt lat="52.513544" lon="13.707514"><ele>50</ele></trkpt>
   <trkpt lat="52.513311" lon="13.70747"><ele>50</ele></trkpt>
   <trkpt lat="52.513105" lon="13.70743"><ele>50</ele></trkpt>
   <trkpt lat="52.512703" lon="13.707351"><ele>49.25</ele></trkpt>
   <trkpt lat="52.512507" lon="13.70732"><ele>49</ele></trkpt>
   <trkpt lat="52.511596" lon="13.707142"><ele>49.25</ele></trkpt>
   <trkpt lat="52.509676" lon="13.70679"><ele>51.5</ele></trkpt>
   <trkpt lat="52.509655" lon="13.706801"><ele>51.5</ele></trkpt>
   <trkpt lat="52.509547" lon="13.706782"><ele>52</ele></trkpt>
   <trkpt lat="52.509476" lon="13.706769"><ele>52.25</ele></trkpt>
   <trkpt lat="52.509449" lon="13.706764"><ele>52.25</ele></trkpt>
   <trkpt lat="52.509383" lon="13.706735"><ele>52.25</ele></trkpt>
   <trkpt lat="52.509011" lon="13.706658"><ele>53.5</ele></trkpt>
   <trkpt lat="52.508768" lon="13.706617"><ele>53.75</ele></trkpt>
   <trkpt lat="52.508523" lon="13.706574"><ele>54</ele></trkpt>
   <trkpt lat="52.50836" lon="13.706546"><ele>54</ele></trkpt>
   <trkpt lat="52.508203" lon="13.706516"><ele>54</ele></trkpt>
   <trkpt lat="52.507693" lon="13.706419"><ele>53</ele></trkpt>
   <trkpt lat="52.50746" lon="13.706376"><ele>52.75</ele></trkpt>
   <trkpt lat="52.507395" lon="13.706374"><ele>52.75</ele></trkpt>
   <trkpt lat="52.507216" lon="13.706369"><ele>52.75</ele></trkpt>
   <trkpt lat="52.507216" lon="13.706396"><ele>52.75</ele></trkpt>
   <trkpt lat="52.507219" lon="13.706507"><ele>52.75</ele></trkpt>
   <trkpt lat="52.507223" lon="13.706667"><ele>53</ele></trkpt>
   <trkpt lat="52.506641" lon="13.706757"><ele>53</ele></trkpt>
   <trkpt lat="52.506453" lon="13.706762"><ele>53</ele></trkpt>
   <trkpt lat="52.50627" lon="13.706738"><ele>52.5</ele></trkpt>
   <trkpt lat="52.506129" lon="13.706706"><ele>52</ele></trkpt>
   <trkpt lat="52.50602" lon="13.706669"><ele>52</ele></trkpt>
   <trkpt lat="52.50585" lon="13.706591"><ele>52</ele></trkpt>
   <trkpt lat="52.505713" lon="13.706512"><ele>52</ele></trkpt>
   <trkpt lat="52.505557" lon="13.706391"><ele>51.75</ele></trkpt>
   <trkpt lat="52.504897" lon="13.705817"><ele>50.75</ele></trkpt>
   <trkpt lat="52.502845" lon="13.703976"><ele>49.5</ele></trkpt>
   <trkpt lat="52.501607" lon="13.70288"><ele>49.75</ele></trkpt>
   <trkpt lat="52.501027" lon="13.702354"><ele>49.5</ele></trkpt>
   <trkpt lat="52.500944" lon="13.70234"><ele>49.75</ele></trkpt>
   <trkpt lat="52.500834" lon="13.702336"><ele>49.75</ele></trkpt>
   <trkpt lat="52.500717" lon="13.702333"><ele>50</ele></trkpt>
   <trkpt lat="52.500621" lon="13.702328"><ele>50</ele></trkpt>
   <trkpt lat="52.500565" lon="13.702276"><ele>50</ele></trkpt>
   <trkpt lat="52.500473" lon="13.702045"><ele>50</ele></trkpt>
   <trkpt lat="52.500377" lon="13.701956"><ele>50</ele></trkpt>
   <trkpt lat="52.49991" lon="13.701609"><ele>50</ele></trkpt>
   <trkpt lat="52.499756" lon="13.701472"><ele>50</ele></trkpt>
   <trkpt lat="52.499666" lon="13.701367"><ele>50</ele></trkpt>
   <trkpt lat="52.499431" lon="13.701184"><ele>50.75</ele></trkpt>
   <trkpt lat="52.498882" lon="13.700755"><ele>51.5</ele></trkpt>
   <trkpt lat="52.498283" lon="13.700313"><ele>53.25</ele></trkpt>
   <trkpt lat="52.498131" lon="13.700232"><ele>53.75</ele></trkpt>
   <trkpt lat="52.498046" lon="13.700179"><ele>53.75</ele></trkpt>
   <trkpt lat="52.497382" lon="13.69976"><ele>52.75</ele></trkpt>
   <trkpt lat="52.496557" lon="13.699294"><ele>51</ele></trkpt>
   <trkpt lat="52.496049" lon="13.699131"><ele>50.75</ele></trkpt>
   <trkpt lat="52.495587" lon="13.699008"><ele>49.5</ele></trkpt>
   <trkpt lat="52.493292" lon="13.698362"><ele>47.75</ele></trkpt>
   <trkpt lat="52.49319" lon="13.698362"><ele>47.25</ele></trkpt>
   <trkpt lat="52.493136" lon="13.698328"><ele>47.25</ele></trkpt>
   <trkpt lat="52.493086" lon="13.69831"><ele>47</ele></trkpt>
   <trkpt lat="52.493049" lon="13.698325"><ele>47</ele></trkpt>
   <trkpt lat="52.492997" lon="13.6983"><ele>46.75</ele></trkpt>
   <trkpt lat="52.49261" lon="13.698004"><ele>47</ele></trkpt>
   <trkpt lat="52.492538" lon="13.697939"><ele>46.75</ele></trkpt>
   <trkpt lat="52.492437" lon="13.697783"><ele>46.75</ele></trkpt>
   <trkpt lat="52.491785" lon="13.697264"><ele>46.75</ele></trkpt>
   <trkpt lat="52.491513" lon="13.697061"><ele>46.5</ele></trkpt>
   <trkpt lat="52.490357" lon="13.696138"><ele>47</ele></trkpt>
   <trkpt lat="52.489666" lon="13.695644"><ele>47</ele></trkpt>
   <trkpt lat="52.488189" lon="13.694843"><ele>47</ele></trkpt>
   <trkpt lat="52.486631" lon="13.694381"><ele>45.75</ele></trkpt>
   <trkpt lat="52.486507" lon="13.694377"><ele>45.75</ele></trkpt>
   <trkpt lat="52.486021" lon="13.694273"><ele>46</ele></trkpt>
   <trkpt lat="52.485915" lon="13.694207"><ele>46</ele></trkpt>
   <trkpt lat="52.485769" lon="13.694182"><ele>46</ele></trkpt>
   <trkpt lat="52.485451" lon="13.694161"><ele>45.5</ele></trkpt>
   <trkpt lat="52.484909" lon="13.694183"><ele>45</ele></trkpt>
   <trkpt lat="52.484707" lon="13.694172"><ele>45</ele></trkpt>
   <trkpt lat="52.483353" lon="13.693986"><ele>45</ele></trkpt>
   <trkpt lat="52.482744" lon="13.693887"><ele>45</ele></trkpt>
   <trkpt lat="52.482679" lon="13.693861"><ele>45</ele></trkpt>
   <trkpt lat="52.482602" lon="13.693867"><ele>45</ele></trkpt>
   <trkpt lat="52.481189" lon="13.694143"><ele>45</ele></trkpt>
   <trkpt lat="52.480891" lon="13.694204"><ele>45</ele></trkpt>
   <trkpt lat="52.480798" lon="13.694237"><ele>45</ele></trkpt>
   <trkpt lat="52.480735" lon="13.694288"><ele>45</ele></trkpt>
   <trkpt lat="52.480593" lon="13.694433"><ele>45</ele></trkpt>
   <trkpt lat="52.48055" lon="13.694476"><ele>45</ele></trkpt>
   <trkpt lat="52.480381" lon="13.694649"><ele>44.75</ele></trkpt>
   <trkpt lat="52.480347" lon="13.694686"><ele>45</ele></trkpt>
   <trkpt lat="52.48032" lon="13.694718"><ele>45</ele></trkpt>
   <trkpt lat="52.480162" lon="13.694904"><ele>45</ele></trkpt>
   <trkpt lat="52.480135" lon="13.694936"><ele>45</ele></trkpt>
   <trkpt lat="52.479924" lon="13.695192"><ele>44.25</ele></trkpt>
   <trkpt lat="52.479859" lon="13.695298"><ele>44.5</ele></trkpt>
   <trkpt lat="52.479728" lon="13.695551"><ele>44.75</ele></trkpt>
   <trkpt lat="52.479671" lon="13.695441"><ele>45</ele></trkpt>
   <trkpt lat="52.479627" lon="13.695371"><ele>45</ele></trkpt>
   <trkpt lat="52.479394" lon="13.695418"><ele>45</ele></trkpt>
   <trkpt lat="52.479225" lon="13.695319"><ele>45</ele></trkpt>
   <trkpt lat="52.479184" lon="13.695293"><ele>44.75</ele></trkpt>
   <trkpt lat="52.479058" lon="13.69521"><ele>45</ele></trkpt>
   <trkpt lat="52.478911" lon="13.695104"><ele>45</ele></trkpt>
   <trkpt lat="52.478347" lon="13.694709"><ele>44.75</ele></trkpt>
   <trkpt lat="52.478241" lon="13.694629"><ele>44.75</ele></trkpt>
   <trkpt lat="52.478116" lon="13.694549"><ele>44.75</ele></trkpt>
   <trkpt lat="52.477689" lon="13.694275"><ele>44.5</ele></trkpt>
   <trkpt lat="52.476717" lon="13.693589"><ele>44</ele></trkpt>
   <trkpt lat="52.47651" lon="13.693445"><ele>44</ele></trkpt>
   <trkpt lat="52.476332" lon="13.693321"><ele>43.75</ele></trkpt>
   <trkpt lat="52.476263" lon="13.693245"><ele>43.75</ele></trkpt>
   <trkpt lat="52.47591" lon="13.692986"><ele>43.5</ele></trkpt>
   <trkpt lat="52.47586" lon="13.692949"><ele>43.5</ele></trkpt>
   <trkpt lat="52.475759" lon="13.692873"><ele>43.5</ele></trkpt>
   <trkpt lat="52.475711" lon="13.692796"><ele>43.25</ele></trkpt>
   <trkpt lat="52.475624" lon="13.692646"><ele>43.75</ele></trkpt>
   <trkpt lat="52.47559" lon="13.692577"><ele>43.75</ele></trkpt>
   <trkpt lat="52.4755" lon="13.692404"><ele>44</ele></trkpt>
   <trkpt lat="52.475433" lon="13.69249"><ele>44</ele></trkpt>
   <trkpt lat="52.475377" lon="13.692574"><ele>44</ele></trkpt>
   <trkpt lat="52.475316" lon="13.692667"><ele>44</ele></trkpt>
   <trkpt lat="52.475309" lon="13.692725"><ele>44</ele></trkpt>
   <trkpt lat="52.475304" lon="13.692766"><ele>44</ele></trkpt>
   <trkpt lat="52.475317" lon="13.693097"><ele>43.75</ele></trkpt>
   <trkpt lat="52.475234" lon="13.693124"><ele>44</ele></trkpt>
   <trkpt lat="52.475034" lon="13.693188"><ele>44</ele></trkpt>
   <trkpt lat="52.474869" lon="13.69324"><ele>44</ele></trkpt>
   <trkpt lat="52.473504" lon="13.693686"><ele>43</ele></trkpt>
   <trkpt lat="52.472418" lon="13.694029"><ele>42</ele></trkpt>
   <trkpt lat="52.472309" lon="13.694054"><ele>42.25</ele></trkpt>
   <trkpt lat="52.472182" lon="13.694076"><ele>42.25</ele></trkpt>
   <trkpt lat="52.472177" lon="13.694077"><ele>42.25</ele></trkpt>
   <trkpt lat="52.472061" lon="13.694097"><ele>42</ele></trkpt>
   <trkpt lat="52.472023" lon="13.694105"><ele>42</ele></trkpt>
   <trkpt lat="52.471937" lon="13.694121"><ele>42</ele></trkpt>
   <trkpt lat="52.471764" lon="13.694179"><ele>42</ele></trkpt>
   <trkpt lat="52.470634" lon="13.694538"><ele>41.75</ele></trkpt>
   <trkpt lat="52.469032" lon="13.695046"><ele>41</ele></trkpt>
   <trkpt lat="52.468968" lon="13.695067"><ele>41</ele></trkpt>
   <trkpt lat="52.468922" lon="13.695082"><ele>41</ele></trkpt>
   <trkpt lat="52.46721" lon="13.695658"><ele>41</ele></trkpt>
   <trkpt lat="52.467185" lon="13.695668"><ele>41</ele></trkpt>
   <trkpt lat="52.466963" lon="13.69574"><ele>40.75</ele></trkpt>
   <trkpt lat="52.466871" lon="13.69577"><ele>41</ele></trkpt>
   <trkpt lat="52.466087" lon="13.696021"><ele>41</ele></trkpt>
   <trkpt lat="52.465947" lon="13.696"><ele>41</ele></trkpt>
   <trkpt lat="52.465875" lon="13.695981"><ele>41</ele></trkpt>
   <trkpt lat="52.465725" lon="13.695944"><ele>40.75</ele></trkpt>
   <trkpt lat="52.465167" lon="13.695803"><ele>40.75</ele></trkpt>
   <trkpt lat="52.465119" lon="13.695786"><ele>40.75</ele></trkpt>
   <trkpt lat="52.464769" lon="13.695633"><ele>40</ele></trkpt>
   <trkpt lat="52.464208" lon="13.695386"><ele>40</ele></trkpt>
   <trkpt lat="52.464218" lon="13.695324"><ele>40</ele></trkpt>
   <trkpt lat="52.464149" lon="13.695264"><ele>40</ele></trkpt>
   <trkpt lat="52.462884" lon="13.694673"><ele>40</ele></trkpt>
   <trkpt lat="52.461719" lon="13.694176"><ele>40</ele></trkpt>
   <trkpt lat="52.460529" lon="13.693847"><ele>40</ele></trkpt>
   <trkpt lat="52.460252" lon="13.693779"><ele>40</ele></trkpt>
   <trkpt lat="52.458236" lon="13.693232"><ele>39</ele></trkpt>
   <trkpt lat="52.457923" lon="13.693122"><ele>39</ele></trkpt>
   <trkpt lat="52.457428" lon="13.69298"><ele>39</ele></trkpt>
   <trkpt lat="52.457207" lon="13.692951"><ele>39</ele></trkpt>
   <trkpt lat="52.456093" lon="13.692643"><ele>39</ele></trkpt>
   <trkpt lat="52.452367" lon="13.691707"><ele>38</ele></trkpt>
   <trkpt lat="52.452243" lon="13.691676"><ele>38</ele></trkpt>
   <trkpt lat="52.452186" lon="13.691662"><ele>38</ele></trkpt>
   <trkpt lat="52.452178" lon="13.691741"><ele>38</ele></trkpt>
   <trkpt lat="52.451817" lon="13.691649"><ele>37.5</ele></trkpt>
   <trkpt lat="52.451811" lon="13.691647"><ele>37.5</ele></trkpt>
   <trkpt lat="52.451699" lon="13.691635"><ele>37</ele></trkpt>
   <trkpt lat="52.451653" lon="13.691627"><ele>37</ele></trkpt>
   <trkpt lat="52.451612" lon="13.691615"><ele>37.5</ele></trkpt>
   <trkpt lat="52.451209" lon="13.691492"><ele>38.25</ele></trkpt>
   <trkpt lat="52.451182" lon="13.691559"><ele>38</ele></trkpt>
   <trkpt lat="52.451152" lon="13.691547"><ele>37.75</ele></trkpt>
   <trkpt lat="52.451084" lon="13.691457"><ele>37.25</ele></trkpt>
   <trkpt lat="52.451022" lon="13.691389"><ele>37.25</ele></trkpt>
   <trkpt lat="52.450601" lon="13.691409"><ele>38</ele></trkpt>
   <trkpt lat="52.449726" lon="13.691442"><ele>37</ele></trkpt>
   <trkpt lat="52.449663" lon="13.691443"><ele>36.75</ele></trkpt>
   <trkpt lat="52.449634" lon="13.691443"><ele>36.5</ele></trkpt>
   <trkpt lat="52.449431" lon="13.691453"><ele>36.25</ele></trkpt>
   <trkpt lat="52.446072" lon="13.691592"><ele>37</ele></trkpt>
   <trkpt lat="52.445247" lon="13.691619"><ele>37</ele></trkpt>
   <trkpt lat="52.445051" lon="13.691626"><ele>37</ele></trkpt>
   <trkpt lat="52.444686" lon="13.691443"><ele>37</ele></trkpt>
   <trkpt lat="52.444652" lon="13.691395"><ele>37</ele></trkpt>
   <trkpt lat="52.444613" lon="13.691426"><ele>37.25</ele></trkpt>
   <trkpt lat="52.444124" lon="13.6908"><ele>37</ele></trkpt>
   <trkpt lat="52.443745" lon="13.690316"><ele>37</ele></trkpt>
   <trkpt lat="52.443359" lon="13.689818"><ele>37</ele></trkpt>
   <trkpt lat="52.443011" lon="13.689352"><ele>37</ele></trkpt>
   <trkpt lat="52.442881" lon="13.689178"><ele>37</ele></trkpt>
   <trkpt lat="52.442699" lon="13.688938"><ele>37</ele></trkpt>
   <trkpt lat="52.441879" lon="13.687787"><ele>36</ele></trkpt>
   <trkpt lat="52.441868" lon="13.687772"><ele>36</ele></trkpt>
   <trkpt lat="52.44161" lon="13.687406"><ele>36</ele></trkpt>
   <trkpt lat="52.441584" lon="13.687369"><ele>36</ele></trkpt>
   <trkpt lat="52.441562" lon="13.687338"><ele>36</ele></trkpt>
   <trkpt lat="52.441548" lon="13.687318"><ele>36</ele></trkpt>
   <trkpt lat="52.441501" lon="13.68725"><ele>36</ele></trkpt>
   <trkpt lat="52.441412" lon="13.68741"><ele>36</ele></trkpt>
   <trkpt lat="52.441325" lon="13.687601"><ele>36</ele></trkpt>
   <trkpt lat="52.441253" lon="13.68779"><ele>36</ele></trkpt>
   <trkpt lat="52.441203" lon="13.687746"><ele>36</ele></trkpt>
   <trkpt lat="52.44119" lon="13.687735"><ele>36</ele></trkpt>
   <trkpt lat="52.441163" lon="13.687718"><ele>36</ele></trkpt>
   <trkpt lat="52.441093" lon="13.687714"><ele>36</ele></trkpt>
   <trkpt lat="52.441035" lon="13.687737"><ele>36</ele></trkpt>
   <trkpt lat="52.440817" lon="13.687837"><ele>36</ele></trkpt>
   <trkpt lat="52.440699" lon="13.687895"><ele>36.25</ele></trkpt>
   <trkpt lat="52.440404" lon="13.687969"><ele>36.5</ele></trkpt>
   <trkpt lat="52.440101" lon="13.688035"><ele>36</ele></trkpt>
   <trkpt lat="52.439732" lon="13.688119"><ele>36</ele></trkpt>
   <trkpt lat="52.439663" lon="13.688156"><ele>36</ele></trkpt>
   <trkpt lat="52.439572" lon="13.688242"><ele>36</ele></trkpt>
   <trkpt lat="52.439576" lon="13.68844"><ele>36</ele></trkpt>
   <trkpt lat="52.439461" lon="13.68886"><ele>36</ele></trkpt>
   <trkpt lat="52.439384" lon="13.689135"><ele>35.75</ele></trkpt>
   <trkpt lat="52.439291" lon="13.689469"><ele>35.25</ele></trkpt>
   <trkpt lat="52.439238" lon="13.689659"><ele>35.25</ele></trkpt>
   <trkpt lat="52.439197" lon="13.689807"><ele>35</ele></trkpt>
   <trkpt lat="52.439163" lon="13.689928"><ele>34.75</ele></trkpt>
   <trkpt lat="52.439119" lon="13.690094"><ele>34.75</ele></trkpt>
   <trkpt lat="52.438963" lon="13.690668"><ele>35.25</ele></trkpt>
   <trkpt lat="52.438894" lon="13.690922"><ele>35</ele></trkpt>
   <trkpt lat="52.438808" lon="13.691238"><ele>34.75</ele></trkpt>
   <trkpt lat="52.438767" lon="13.691392"><ele>35</ele></trkpt>
   <trkpt lat="52.438605" lon="13.691998"><ele>35</ele></trkpt>
   <trkpt lat="52.438532" lon="13.692158"><ele>35.25</ele></trkpt>
   <trkpt lat="52.438446" lon="13.692295"><ele>35.25</ele></trkpt>
   <trkpt lat="52.438338" lon="13.69243"><ele>35</ele></trkpt>
   <trkpt lat="52.438172" lon="13.692637"><ele>35</ele></trkpt>
   <trkpt lat="52.437813" lon="13.693081"><ele>35</ele></trkpt>
   <trkpt lat="52.437729" lon="13.693177"><ele>35.25</ele></trkpt>
   <trkpt lat="52.437478" lon="13.693452"><ele>35.25</ele></trkpt>
   <trkpt lat="52.437354" lon="13.693566"><ele>35.25</ele></trkpt>
   <trkpt lat="52.436884" lon="13.693964"><ele>35</ele></trkpt>
   <trkpt lat="52.436806" lon="13.694019"><ele>35</ele></trkpt>
   <trkpt lat="52.436583" lon="13.694175"><ele>35</ele></trkpt>
   <trkpt lat="52.436517" lon="13.69421"><ele>35</ele></trkpt>
   <trkpt lat="52.436444" lon="13.694259"><ele>35</ele></trkpt>
   <trkpt lat="52.436432" lon="13.694266"><ele>35</ele></trkpt>
   <trkpt lat="52.436416" lon="13.694275"><ele>35</ele></trkpt>
   <trkpt lat="52.436385" lon="13.694291"><ele>35</ele></trkpt>
   <trkpt lat="52.436178" lon="13.694403"><ele>35</ele></trkpt>
   <trkpt lat="52.435957" lon="13.69453"><ele>35</ele></trkpt>
   <trkpt lat="52.435738" lon="13.694669"><ele>34.75</ele></trkpt>
   <trkpt lat="52.435658" lon="13.694725"><ele>35</ele></trkpt>
   <trkpt lat="52.435626" lon="13.694753"><ele>35</ele></trkpt>
   <trkpt lat="52.435567" lon="13.694893"><ele>35</ele></trkpt>
   <trkpt lat="52.435646" lon="13.695025"><ele>35</ele></trkpt>
   <trkpt lat="52.435677" lon="13.695083"><ele>35</ele></trkpt>
   <trkpt lat="52.435726" lon="13.695177"><ele>35.25</ele></trkpt>
   <trkpt lat="52.435698" lon="13.69523"><ele>35.25</ele></trkpt>
   <trkpt lat="52.43568" lon="13.695262"><ele>35.25</ele></trkpt>
   <trkpt lat="52.435657" lon="13.695332"><ele>35.25</ele></trkpt>
   <trkpt lat="52.435635" lon="13.6955"><ele>35.25</ele></trkpt>
   <trkpt lat="52.435632" lon="13.695609"><ele>35.25</ele></trkpt>
   <trkpt lat="52.43563" lon="13.695668"><ele>35.25</ele></trkpt>
   <trkpt lat="52.435625" lon="13.695702"><ele>35</ele></trkpt>
   <trkpt lat="52.435599" lon="13.695828"><ele>35</ele></trkpt>
   <trkpt lat="52.435588" lon="13.695884"><ele>35</ele></trkpt>
   <trkpt lat="52.435568" lon="13.696008"><ele>35</ele></trkpt>
   <trkpt lat="52.435537" lon="13.696179"><ele>34.75</ele></trkpt>
   <trkpt lat="52.435497" lon="13.696343"><ele>34.75</ele></trkpt>
   <trkpt lat="52.435493" lon="13.69636"><ele>34.75</ele></trkpt>
   <trkpt lat="52.43541" lon="13.696684"><ele>35</ele></trkpt>
   <trkpt lat="52.435384" lon="13.69678"><ele>35</ele></trkpt>
   <trkpt lat="52.435361" lon="13.696861"><ele>35</ele></trkpt>
   <trkpt lat="52.435325" lon="13.696988"><ele>35</ele></trkpt>
   <trkpt lat="52.435284" lon="13.69715"><ele>35</ele></trkpt>
   <trkpt lat="52.435252" lon="13.697365"><ele>34.75</ele></trkpt>
   <trkpt lat="52.435242" lon="13.697527"><ele>34.75</ele></trkpt>
   <trkpt lat="52.435241" lon="13.697558"><ele>34.75</ele></trkpt>
   <trkpt lat="52.435232" lon="13.697758"><ele>34.75</ele></trkpt>
   <trkpt lat="52.435216" lon="13.69799"><ele>34.75</ele></trkpt>
   <trkpt lat="52.43521" lon="13.698055"><ele>34.75</ele></trkpt>
   <trkpt lat="52.435177" lon="13.698371"><ele>34.5</ele></trkpt>
   <trkpt lat="52.435171" lon="13.698408"><ele>34.75</ele></trkpt>
   <trkpt lat="52.43514" lon="13.698574"><ele>34.75</ele></trkpt>
   <trkpt lat="52.43511" lon="13.698719"><ele>34.75</ele></trkpt>
   <trkpt lat="52.435076" lon="13.698836"><ele>34.5</ele></trkpt>
   <trkpt lat="52.435069" lon="13.698861"><ele>34.25</ele></trkpt>
   <trkpt lat="52.435023" lon="13.698967"><ele>34.25</ele></trkpt>
   <trkpt lat="52.434971" lon="13.699051"><ele>34.5</ele></trkpt>
   <trkpt lat="52.434853" lon="13.699224"><ele>34.5</ele></trkpt>
   <trkpt lat="52.434797" lon="13.699305"><ele>34.75</ele></trkpt>
   <trkpt lat="52.434675" lon="13.699493"><ele>35</ele></trkpt>
   <trkpt lat="52.434586" lon="13.699635"><ele>35</ele></trkpt>
   <trkpt lat="52.434572" lon="13.699656"><ele>35</ele></trkpt>
   <trkpt lat="52.434555" lon="13.699682"><ele>35.25</ele></trkpt>
   <trkpt lat="52.434502" lon="13.699762"><ele>35.25</ele></trkpt>
   <trkpt lat="52.434486" lon="13.699785"><ele>35.25</ele></trkpt>
   <trkpt lat="52.434345" lon="13.699993"><ele>35.25</ele></trkpt>
   <trkpt lat="52.43427" lon="13.700103"><ele>35</ele></trkpt>
   <trkpt lat="52.434191" lon="13.70023"><ele>35</ele></trkpt>
   <trkpt lat="52.434078" lon="13.700413"><ele>35</ele></trkpt>
   <trkpt lat="52.434015" lon="13.700495"><ele>35</ele></trkpt>
   <trkpt lat="52.433941" lon="13.700576"><ele>35.25</ele></trkpt>
   <trkpt lat="52.433864" lon="13.700634"><ele>35</ele></trkpt>
   <trkpt lat="52.43382" lon="13.700658"><ele>35</ele></trkpt>
   <trkpt lat="52.433788" lon="13.70067"><ele>34.75</ele></trkpt>
   <trkpt lat="52.433752" lon="13.700735"><ele>34.75</ele></trkpt>
   <trkpt lat="52.433523" lon="13.701147"><ele>34.75</ele></trkpt>
   <trkpt lat="52.43333" lon="13.701556"><ele>33.75</ele></trkpt>
   <trkpt lat="52.433287" lon="13.701664"><ele>33.75</ele></trkpt>
   <trkpt lat="52.433253" lon="13.701772"><ele>34.25</ele></trkpt>
   <trkpt lat="52.433143" lon="13.702767"><ele>35</ele></trkpt>
   <trkpt lat="52.432953" lon="13.70375"><ele>35.75</ele></trkpt>
   <trkpt lat="52.432947" lon="13.703838"><ele>36</ele></trkpt>
   <trkpt lat="52.432968" lon="13.703908"><ele>36.75</ele></trkpt>
   <trkpt lat="52.432926" lon="13.704432"><ele>36.5</ele></trkpt>
   <trkpt lat="52.432766" lon="13.705623"><ele>36.75</ele></trkpt>
   <trkpt lat="52.432758" lon="13.705668"><ele>36.75</ele></trkpt>
   <trkpt lat="52.433434" lon="13.706128"><ele>38.25</ele></trkpt>
   <trkpt lat="52.433469" lon="13.706152"><ele>38.5</ele></trkpt>
   <trkpt lat="52.433847" lon="13.706424"><ele>39</ele></trkpt>
   <trkpt lat="52.433878" lon="13.70645"><ele>39</ele></trkpt>
   <trkpt lat="52.433868" lon="13.706488"><ele>39</ele></trkpt>
   <trkpt lat="52.433586" lon="13.707544"><ele>39</ele></trkpt>
   <trkpt lat="52.433391" lon="13.708303"><ele>39.5</ele></trkpt>
   <trkpt lat="52.433234" lon="13.708903"><ele>39.5</ele></trkpt>
   <trkpt lat="52.432999" lon="13.709797"><ele>39.5</ele></trkpt>
   <trkpt lat="52.432843" lon="13.710397"><ele>39</ele></trkpt>
   <trkpt lat="52.432755" lon="13.710737"><ele>39.5</ele></trkpt>
   <trkpt lat="52.43265" lon="13.711142"><ele>39</ele></trkpt>
   <trkpt lat="52.432616" lon="13.711274"><ele>39</ele></trkpt>
   <trkpt lat="52.432471" lon="13.711831"><ele>38.75</ele></trkpt>
   <trkpt lat="52.432332" lon="13.712365"><ele>39</ele></trkpt>
   <trkpt lat="52.432235" lon="13.712737"><ele>39</ele></trkpt>
   <trkpt lat="52.432036" lon="13.713499"><ele>38.25</ele></trkpt>
   <trkpt lat="52.431987" lon="13.713708"><ele>38.25</ele></trkpt>
   <trkpt lat="52.431943" lon="13.713878"><ele>38.75</ele></trkpt>
   <trkpt lat="52.431933" lon="13.713917"><ele>38.75</ele></trkpt>
   <trkpt lat="52.43187" lon="13.714146"><ele>38.5</ele></trkpt>
   <trkpt lat="52.431763" lon="13.715033"><ele>38.25</ele></trkpt>
   <trkpt lat="52.431729" lon="13.71532"><ele>38.25</ele></trkpt>
   <trkpt lat="52.431675" lon="13.715827"><ele>39</ele></trkpt>
   <trkpt lat="52.4316" lon="13.71654"><ele>38.75</ele></trkpt>
   <trkpt lat="52.431557" lon="13.716944"><ele>38.5</ele></trkpt>
   <trkpt lat="52.431512" lon="13.717375"><ele>39</ele></trkpt>
   <trkpt lat="52.431488" lon="13.717598"><ele>39</ele></trkpt>
   <trkpt lat="52.431463" lon="13.717676"><ele>39</ele></trkpt>
   <trkpt lat="52.431442" lon="13.717807"><ele>39</ele></trkpt>
   <trkpt lat="52.431454" lon="13.717974"><ele>39</ele></trkpt>
   <trkpt lat="52.431443" lon="13.71808"><ele>39</ele></trkpt>
   <trkpt lat="52.43143" lon="13.71821"><ele>38.75</ele></trkpt>
   <trkpt lat="52.431422" lon="13.718292"><ele>39</ele></trkpt>
   <trkpt lat="52.431427" lon="13.718367"><ele>39</ele></trkpt>
   <trkpt lat="52.43141" lon="13.718554"><ele>39</ele></trkpt>
   <trkpt lat="52.43145" lon="13.718705"><ele>39</ele></trkpt>
   <trkpt lat="52.431398" lon="13.719203"><ele>39</ele></trkpt>
   <trkpt lat="52.431392" lon="13.719262"><ele>39</ele></trkpt>
   <trkpt lat="52.431362" lon="13.719309"><ele>39</ele></trkpt>
   <trkpt lat="52.431317" lon="13.719384"><ele>39.25</ele></trkpt>
   <trkpt lat="52.431291" lon="13.719491"><ele>39.25</ele></trkpt>
   <trkpt lat="52.431201" lon="13.72038"><ele>39</ele></trkpt>
   <trkpt lat="52.431152" lon="13.720839"><ele>39</ele></trkpt>
   <trkpt lat="52.43101" lon="13.722161"><ele>39</ele></trkpt>
   <trkpt lat="52.430889" lon="13.723296"><ele>39.5</ele></trkpt>
   <trkpt lat="52.430654" lon="13.725494"><ele>39</ele></trkpt>
   <trkpt lat="52.430627" lon="13.725769"><ele>39</ele></trkpt>
   <trkpt lat="52.430595" lon="13.726062"><ele>40</ele></trkpt>
  </trkseg>
 </trk>
</gpx>