<?xml version="1.0" encoding="UTF-8"?>
<!-- track-length = 460384 filtered ascend = 873 plain-ascend = 4 cost=1069956 energy=2.2kwh time=22h 23m 40s -->
<gpx 
 xmlns="http://www.topografix.com/GPX/1/1" 
 xmlns:xsi="http://www.w3.org/2001/XMLSchema-instance" 
 xsi:schemaLocation="http://www.topografix.com/GPX/1/1 http://www.topografix.com/GPX/1/1/gpx.xsd" 
 version="1.1" 
 creator="bikerouter.de 2026.9">
 <trk>
  <name>Berlin - 460.4 km, 873 hm</name>
  <link href="https://bikerouter.de/?lng=de#map=9/52.2034/13.9925/osm-mapnik-german_style&amp;lonlats=13.390274,52.517761;14.135452,53.142998;14.595997,52.75658;14.595997,52.278942;14.135452,51.892524;13.390274,52.517761&amp;profile=cxb-gravel">
   <text>bikerouter.de</text>
  </link>
  <trkseg>
   <trkpt lat="52.517772" lon="13.390498"><ele>34</ele></trkpt>
   <trkpt lat="52.518091" lon="13.390453"><ele>34</ele></trkpt>
   <trkpt lat="52.518112" lon="13.39045"><ele>34</ele></trkpt>
   <trkpt lat="52.518153" lon="13.390443"><ele>34</ele></trkpt>
   <trkpt lat="52.518161" lon="13.390573"><ele>34</ele></trkpt>
   <trkpt lat="52.518212" lon="13.390565"><ele>34</ele></trkpt>
   <trkpt lat="52.51853" lon="13.390515"><ele>34</ele></trkpt>
   <trkpt lat="52.518802" lon="13.390469"><ele>33.25</ele></trkpt>
   <trkpt lat="52.518902" lon="13.390447"><ele>33</ele></trkpt>
   <trkpt lat="52.518924" lon="13.390442"><ele>33</ele></trkpt>
   <trkpt lat="52.519013" lon="13.390589"><ele>33</ele></trkpt>
   <trkpt lat="52.519027" lon="13.390632"><ele>33</ele></trkpt>
   <trkpt lat="52.519044" lon="13.390727"><ele>33.25</ele></trkpt>
   <trkpt lat="52.519085" lon="13.391177"><ele>34</ele></trkpt>
   <trkpt lat="52.519133" lon="13.39199"><ele>34</ele></trkpt>
   <trkpt lat="52.519136" lon="13.392064"><ele>34</ele></trkpt>
   <trkpt lat="52.519141" lon="13.392228"><ele>34</ele></trkpt>
   <trkpt lat="52.519143" lon="13.392288"><ele>34</ele></trkpt>
   <trkpt lat="52.519146" lon="13.392366"><ele>34</ele></trkpt>
   <trkpt lat="52.519147" lon="13.392407"><ele>34</ele></trkpt>
   <trkpt lat="52.519186" lon="13.393044"><ele>34</ele></trkpt>
   <trkpt lat="52.519189" lon="13.393091"><ele>34</ele></trkpt>
   <trkpt lat="52.519196" lon="13.393204"><ele>34</ele></trkpt>
   <trkpt lat="52.519216" lon="13.393505"><ele>34</ele></trkpt>
   <trkpt lat="52.519221" lon="13.393587"><ele>34</ele></trkpt>
   <trkpt lat="52.519229" lon="13.393707"><ele>34</ele></trkpt>
   <trkpt lat="52.519245" lon="13.393702"><ele>34</ele></trkpt>
   <trkpt lat="52.519359" lon="13.39368"><ele>34</ele></trkpt>
   <trkpt lat="52.519412" lon="13.39367"><ele>34</ele></trkpt>
   <trkpt lat="52.519436" lon="13.393659"><ele>34</ele></trkpt>
   <trkpt lat="52.519471" lon="13.393641"><ele>34</ele></trkpt>
   <trkpt lat="52.519727" lon="13.393594"><ele>34</ele></trkpt>
   <trkpt lat="52.519745" lon="13.393603"><ele>34</ele></trkpt>
   <trkpt lat="52.519753" lon="13.393633"><ele>34</ele></trkpt>
   <trkpt lat="52.519758" lon="13.393683"><ele>34</ele></trkpt>
   <trkpt lat="52.519875" lon="13.394612"><ele>34</ele></trkpt>
   <trkpt lat="52.519969" lon="13.395386"><ele>33</ele></trkpt>
   <trkpt lat="52.520069" lon="13.395597"><ele>32.75</ele></trkpt>
   <trkpt lat="52.520113" lon="13.395689"><ele>32.5</ele></trkpt>
   <trkpt lat="52.519966" lon="13.395898"><ele>32.75</ele></trkpt>
   <trkpt lat="52.519846" lon="13.396066"><ele>33</ele></trkpt>
   <trkpt lat="52.519829" lon="13.396083"><ele>33.25</ele></trkpt>
   <trkpt lat="52.519799" lon="13.396113"><ele>33.25</ele></trkpt>
   <trkpt lat="52.519749" lon="13.396138"><ele>33.75</ele></trkpt>
   <trkpt lat="52.519713" lon="13.396334"><ele>34</ele></trkpt>
   <trkpt lat="52.519671" lon="13.396554"><ele>33</ele></trkpt>
   <trkpt lat="52.519506" lon="13.396985"><ele>33.75</ele></trkpt>
   <trkpt lat="52.519493" lon="13.397019"><ele>33.5</ele></trkpt>
   <trkpt lat="52.51935" lon="13.397166"><ele>33.25</ele></trkpt>
   <trkpt lat="52.519279" lon="13.397239"><ele>33.5</ele></trkpt>
   <trkpt lat="52.519296" lon="13.397282"><ele>33.25</ele></trkpt>
   <trkpt lat="52.519301" lon="13.397295"><ele>33</ele></trkpt>
   <trkpt lat="52.519403" lon="13.397578"><ele>32.5</ele></trkpt>
   <trkpt lat="52.519437" lon="13.397664"><ele>33.5</ele></trkpt>
   <trkpt lat="52.51947" lon="13.397744"><ele>34.5</ele></trkpt>
   <trkpt lat="52.519518" lon="13.39786"><ele>34.5</ele></trkpt>
   <trkpt lat="52.519603" lon="13.398066"><ele>34</ele></trkpt>
   <trkpt lat="52.519871" lon="13.398719"><ele>34.25</ele></trkpt>
   <trkpt lat="52.520055" lon="13.399165"><ele>34</ele></trkpt>
   <trkpt lat="52.520215" lon="13.399558"><ele>34.75</ele></trkpt>
   <trkpt lat="52.520332" lon="13.399821"><ele>34.25</ele></trkpt>
   <trkpt lat="52.520385" lon="13.399934"><ele>34</ele></trkpt>
   <trkpt lat="52.520564" lon="13.400386"><ele>34</ele></trkpt>
   <trkpt lat="52.520735" lon="13.40081"><ele>34</ele></trkpt>
   <trkpt lat="52.520744" lon="13.400837"><ele>34</ele></trkpt>
   <trkpt lat="52.520764" lon="13.400892"><ele>34.25</ele></trkpt>
   <trkpt lat="52.520801" lon="13.400948"><ele>34.75</ele></trkpt>
   <trkpt lat="52.520776" lon="13.401004"><ele>34.75</ele></trkpt>
   <trkpt lat="52.520781" lon="13.401046"><ele>34.75</ele></trkpt>
   <trkpt lat="52.520827" lon="13.401187"><ele>35</ele></trkpt>
   <trkpt lat="52.520942" lon="13.401533"><ele>35</ele></trkpt>
   <trkpt lat="52.521104" lon="13.402022"><ele>35</ele></trkpt>
   <trkpt lat="52.521213" lon="13.402354"><ele>35</ele></trkpt>
   <trkpt lat="52.521317" lon="13.402668"><ele>35</ele></trkpt>
   <trkpt lat="52.521338" lon="13.402732"><ele>35</ele></trkpt>
   <trkpt lat="52.521379" lon="13.402859"><ele>35</ele></trkpt>
   <trkpt lat="52.521409" lon="13.402948"><ele>35</ele></trkpt>
   <trkpt lat="52.521422" lon="13.40299"><ele>35</ele></trkpt>
   <trkpt lat="52.521458" lon="13.403103"><ele>35</ele></trkpt>
   <trkpt lat="52.521518" lon="13.40328"><ele>35</ele></trkpt>
   <trkpt lat="52.521545" lon="13.403364"><ele>35</ele></trkpt>
   <trkpt lat="52.521625" lon="13.403607"><ele>35</ele></trkpt>
   <trkpt lat="52.521794" lon="13.404128"><ele>36</ele></trkpt>
   <trkpt lat="52.521839" lon="13.404267"><ele>36</ele></trkpt>
   <trkpt lat="52.521892" lon="13.404423"><ele>36</ele></trkpt>
   <trkpt lat="52.521922" lon="13.404486"><ele>36</ele></trkpt>
   <trkpt lat="52.52196" lon="13.404517"><ele>36</ele></trkpt>
   <trkpt lat="52.521988" lon="13.404712"><ele>36</ele></trkpt>
   <trkpt lat="52.521992" lon="13.404738"><ele>36</ele></trkpt>
   <trkpt lat="52.522022" lon="13.404838"><ele>36</ele></trkpt>
   <trkpt lat="52.522059" lon="13.404955"><ele>36</ele></trkpt>
   <trkpt lat="52.522088" lon="13.405045"><ele>36</ele></trkpt>
   <trkpt lat="52.522183" lon="13.4053"><ele>36</ele></trkpt>
   <trkpt lat="52.522237" lon="13.405431"><ele>36</ele></trkpt>
   <trkpt lat="52.522254" lon="13.405473"><ele>36</ele></trkpt>
   <trkpt lat="52.522356" lon="13.40572"><ele>36</ele></trkpt>
   <trkpt lat="52.522655" lon="13.406322"><ele>36.25</ele></trkpt>
   <trkpt lat="52.522699" lon="13.406408"><ele>36.25</ele></trkpt>
   <trkpt lat="52.522731" lon="13.406473"><ele>36.25</ele></trkpt>
   <trkpt lat="52.522752" lon="13.406513"><ele>36.25</ele></trkpt>
   <trkpt lat="52.522896" lon="13.406807"><ele>37</ele></trkpt>
   <trkpt lat="52.522947" lon="13.406877"><ele>37</ele></trkpt>
   <trkpt lat="52.523002" lon="13.406937"><ele>37</ele></trkpt>
   <trkpt lat="52.523047" lon="13.406969"><ele>36.75</ele></trkpt>
   <trkpt lat="52.523075" lon="13.406986"><ele>37</ele></trkpt>
   <trkpt lat="52.523192" lon="13.407062"><ele>37</ele></trkpt>
   <trkpt lat="52.523366" lon="13.407161"><ele>37</ele></trkpt>
   <trkpt lat="52.523422" lon="13.407197"><ele>37</ele></trkpt>
   <trkpt lat="52.52349" lon="13.407234"><ele>37</ele></trkpt>
   <trkpt lat="52.523773" lon="13.407383"><ele>36.75</ele></trkpt>
   <trkpt lat="52.524456" lon="13.407891"><ele>36</ele></trkpt>
   <trkpt lat="52.524522" lon="13.407914"><ele>36</ele></trkpt>
   <trkpt lat="52.524587" lon="13.40793"><ele>36</ele></trkpt>
   <trkpt lat="52.524602" lon="13.407937"><ele>36</ele></trkpt>
   <trkpt lat="52.52487" lon="13.408051"><ele>36</ele></trkpt>
   <trkpt lat="52.524942" lon="13.408082"><ele>36</ele></trkpt>
   <trkpt lat="52.525011" lon="13.408111"><ele>35.75</ele></trkpt>
   <trkpt lat="52.525037" lon="13.408122"><ele>36</ele></trkpt>
   <trkpt lat="52.525123" lon="13.408159"><ele>36</ele></trkpt>
   <trkpt lat="52.52515" lon="13.40817"><ele>36</ele></trkpt>
   <trkpt lat="52.525359" lon="13.408259"><ele>36</ele></trkpt>
   <trkpt lat="52.525401" lon="13.408277"><ele>36</ele></trkpt>
   <trkpt lat="52.52551" lon="13.408324"><ele>36</ele></trkpt>
   <trkpt lat="52.525596" lon="13.408361"><ele>36</ele></trkpt>
   <trkpt lat="52.52568" lon="13.408397"><ele>36</ele></trkpt>
   <trkpt lat="52.525698" lon="13.408404"><ele>36</ele></trkpt>
   <trkpt lat="52.525881" lon="13.408482"><ele>36</ele></trkpt>
   <trkpt lat="52.526077" lon="13.408565"><ele>36</ele></trkpt>
   <trkpt lat="52.526113" lon="13.408581"><ele>36</ele></trkpt>
   <trkpt lat="52.526208" lon="13.408621"><ele>36</ele></trkpt>
   <trkpt lat="52.526297" lon="13.408659"><ele>36</ele></trkpt>
   <trkpt lat="52.526645" lon="13.408808"><ele>36.75</ele></trkpt>
   <trkpt lat="52.526703" lon="13.408833"><ele>37</ele></trkpt>
   <trkpt lat="52.526744" lon="13.40885"><ele>37</ele></trkpt>
   <trkpt lat="52.526788" lon="13.408869"><ele>37</ele></trkpt>
   <trkpt lat="52.526841" lon="13.408911"><ele>37</ele></trkpt>
   <trkpt lat="52.526891" lon="13.408943"><ele>37</ele></trkpt>
   <trkpt lat="52.527718" lon="13.409297"><ele>37.25</ele></trkpt>
   <trkpt lat="52.528176" lon="13.409494"><ele>38</ele></trkpt>
   <trkpt lat="52.528225" lon="13.409515"><ele>38</ele></trkpt>
   <trkpt lat="52.528157" lon="13.409938"><ele>38</ele></trkpt>
   <trkpt lat="52.528125" lon="13.410136"><ele>38</ele></trkpt>
   <trkpt lat="52.528093" lon="13.410287"><ele>38</ele></trkpt>
   <trkpt lat="52.528032" lon="13.41049"><ele>37.75</ele></trkpt>
   <trkpt lat="52.528018" lon="13.410539"><ele>37.75</ele></trkpt>
   <trkpt lat="52.527974" lon="13.410686"><ele>37.75</ele></trkpt>
   <trkpt lat="52.527753" lon="13.411405"><ele>38</ele></trkpt>
   <trkpt lat="52.527647" lon="13.41175"><ele>37.75</ele></trkpt>
   <trkpt lat="52.527588" lon="13.411942"><ele>37.25</ele></trkpt>
   <trkpt lat="52.527459" lon="13.412357"><ele>37</ele></trkpt>
   <trkpt lat="52.527397" lon="13.412558"><ele>37</ele></trkpt>
   <trkpt lat="52.527025" lon="13.413782"><ele>38</ele></trkpt>
   <trkpt lat="52.52699" lon="13.413904"><ele>38</ele></trkpt>
   <trkpt lat="52.526986" lon="13.413918"><ele>38</ele></trkpt>
   <trkpt lat="52.526937" lon="13.414089"><ele>37.75</ele></trkpt>
   <trkpt lat="52.527113" lon="13.414647"><ele>38</ele></trkpt>
   <trkpt lat="52.527132" lon="13.414678"><ele>38</ele></trkpt>
   <trkpt lat="52.527154" lon="13.414716"><ele>38</ele></trkpt>
   <trkpt lat="52.527174" lon="13.414752"><ele>38</ele></trkpt>
   <trkpt lat="52.527246" lon="13.414872"><ele>38</ele></trkpt>
   <trkpt lat="52.527049" lon="13.415202"><ele>38</ele></trkpt>
   <trkpt lat="52.527023" lon="13.415245"><ele>38</ele></trkpt>
   <trkpt lat="52.526922" lon="13.415405"><ele>38</ele></trkpt>
   <trkpt lat="52.526857" lon="13.415513"><ele>38</ele></trkpt>
   <trkpt lat="52.52685" lon="13.415525"><ele>38</ele></trkpt>
   <trkpt lat="52.526839" lon="13.415544"><ele>38</ele></trkpt>
   <trkpt lat="52.526831" lon="13.415556"><ele>38</ele></trkpt>
   <trkpt lat="52.52677" lon="13.415657"><ele>38</ele></trkpt>
   <trkpt lat="52.52689" lon="13.415781"><ele>38</ele></trkpt>
   <trkpt lat="52.52692" lon="13.415813"><ele>38</ele></trkpt>
   <trkpt lat="52.526941" lon="13.415835"><ele>38</ele></trkpt>
   <trkpt lat="52.526965" lon="13.415859"><ele>38</ele></trkpt>
   <trkpt lat="52.527047" lon="13.415945"><ele>38</ele></trkpt>
   <trkpt lat="52.527239" lon="13.416123"><ele>38</ele></trkpt>
   <trkpt lat="52.527446" lon="13.416293"><ele>38.75</ele></trkpt>
   <trkpt lat="52.527698" lon="13.416503"><ele>39.5</ele></trkpt>
   <trkpt lat="52.528019" lon="13.41677"><ele>40.75</ele></trkpt>
   <trkpt lat="52.52832" lon="13.417058"><ele>41.75</ele></trkpt>
   <trkpt lat="52.528356" lon="13.417087"><ele>42</ele></trkpt>
   <trkpt lat="52.528458" lon="13.417166"><ele>42.25</ele></trkpt>
   <trkpt lat="52.528597" lon="13.417389"><ele>43.5</ele></trkpt>
   <trkpt lat="52.528611" lon="13.4174"><ele>43.5</ele></trkpt>
   <trkpt lat="52.528628" lon="13.417413"><ele>43.5</ele></trkpt>
   <trkpt lat="52.528806" lon="13.41758"><ele>44</ele></trkpt>
   <trkpt lat="52.52897" lon="13.41776"><ele>44.75</ele></trkpt>
   <trkpt lat="52.529004" lon="13.417836"><ele>45</ele></trkpt>
   <trkpt lat="52.529032" lon="13.4179"><ele>45</ele></trkpt>
   <trkpt lat="52.529324" lon="13.418216"><ele>46.25</ele></trkpt>
   <trkpt lat="52.529504" lon="13.418394"><ele>47</ele></trkpt>
   <trkpt lat="52.52962" lon="13.41851"><ele>47.5</ele></trkpt>
   <trkpt lat="52.529834" lon="13.418699"><ele>48</ele></trkpt>
   <trkpt lat="52.529939" lon="13.418787"><ele>48</ele></trkpt>
   <trkpt lat="52.530082" lon="13.418908"><ele>48.25</ele></trkpt>
   <trkpt lat="52.530166" lon="13.418979"><ele>48.5</ele></trkpt>
   <trkpt lat="52.530377" lon="13.419156"><ele>49.25</ele></trkpt>
   <trkpt lat="52.5304" lon="13.419175"><ele>49.25</ele></trkpt>
   <trkpt lat="52.530513" lon="13.41927"><ele>49.75</ele></trkpt>
   <trkpt lat="52.530547" lon="13.419298"><ele>49.75</ele></trkpt>
   <trkpt lat="52.530592" lon="13.419336"><ele>50</ele></trkpt>
   <trkpt lat="52.530646" lon="13.41938"><ele>50</ele></trkpt>
   <trkpt lat="52.530679" lon="13.419408"><ele>50</ele></trkpt>
   <trkpt lat="52.530823" lon="13.419523"><ele>49.75</ele></trkpt>
   <trkpt lat="52.530966" lon="13.41963"><ele>50.25</ele></trkpt>
   <trkpt lat="52.531309" lon="13.41985"><ele>51</ele></trkpt>
   <trkpt lat="52.531601" lon="13.420022"><ele>50.75</ele></trkpt>
   <trkpt lat="52.531657" lon="13.420056"><ele>50.75</ele></trkpt>
   <trkpt lat="52.531687" lon="13.420074"><ele>50.75</ele></trkpt>
   <trkpt lat="52.531715" lon="13.420092"><ele>50.5</ele></trkpt>
   <trkpt lat="52.531768" lon="13.420124"><ele>50.5</ele></trkpt>
   <trkpt lat="52.532377" lon="13.420492"><ele>51</ele></trkpt>
   <trkpt lat="52.532624" lon="13.420626"><ele>51</ele></trkpt>
   <trkpt lat="52.532696" lon="13.420664"><ele>51</ele></trkpt>
   <trkpt lat="52.532733" lon="13.420649"><ele>51</ele></trkpt>
   <trkpt lat="52.532756" lon="13.420651"><ele>51</ele></trkpt>
   <trkpt lat="52.532834" lon="13.420697"><ele>51</ele></trkpt>
   <trkpt lat="52.53301" lon="13.420804"><ele>50.75</ele></trkpt>
   <trkpt lat="52.533054" lon="13.420796"><ele>51</ele></trkpt>
   <trkpt lat="52.533161" lon="13.42086"><ele>51</ele></trkpt>
   <trkpt lat="52.533422" lon="13.421015"><ele>51</ele></trkpt>
   <trkpt lat="52.533463" lon="13.42104"><ele>51</ele></trkpt>
   <trkpt lat="52.533485" lon="13.421053"><ele>51</ele></trkpt>
   <trkpt lat="52.533513" lon="13.421104"><ele>51</ele></trkpt>
   <trkpt lat="52.533548" lon="13.42113"><ele>51</ele></trkpt>
   <trkpt lat="52.533586" lon="13.421158"><ele>51</ele></trkpt>
   <trkpt lat="52.533678" lon="13.421229"><ele>51</ele></trkpt>
   <trkpt lat="52.533729" lon="13.421297"><ele>51.25</ele></trkpt>
   <trkpt lat="52.533928" lon="13.421414"><ele>52</ele></trkpt>
   <trkpt lat="52.534235" lon="13.421594"><ele>52</ele></trkpt>
   <trkpt lat="52.534305" lon="13.421635"><ele>52</ele></trkpt>
   <trkpt lat="52.534528" lon="13.421767"><ele>52</ele></trkpt>
   <trkpt lat="52.534583" lon="13.4218"><ele>52</ele></trkpt>
   <trkpt lat="52.534771" lon="13.421912"><ele>52</ele></trkpt>
   <trkpt lat="52.534852" lon="13.42196"><ele>52.25</ele></trkpt>
   <trkpt lat="52.534923" lon="13.421996"><ele>52.5</ele></trkpt>
   <trkpt lat="52.534953" lon="13.421982"><ele>52.75</ele></trkpt>
   <trkpt lat="52.535003" lon="13.422009"><ele>53</ele></trkpt>
   <trkpt lat="52.53504" lon="13.422064"><ele>52.75</ele></trkpt>
   <trkpt lat="52.535122" lon="13.422114"><ele>53</ele></trkpt>
   <trkpt lat="52.535311" lon="13.422239"><ele>53</ele></trkpt>
   <trkpt lat="52.535373" lon="13.422255"><ele>53</ele></trkpt>
   <trkpt lat="52.535411" lon="13.422277"><ele>53</ele></trkpt>
   <trkpt lat="52.535447" lon="13.422297"><ele>53</ele></trkpt>
   <trkpt lat="52.535511" lon="13.422338"><ele>53</ele></trkpt>
   <trkpt lat="52.535579" lon="13.422378"><ele>53</ele></trkpt>
   <trkpt lat="52.535629" lon="13.422409"><ele>53</ele></trkpt>
   <trkpt lat="52.536003" lon="13.422631"><ele>53</ele></trkpt>
   <trkpt lat="52.536104" lon="13.42269"><ele>53</ele></trkpt>
   <trkpt lat="52.536299" lon="13.422807"><ele>53</ele></trkpt>
   <trkpt lat="52.536377" lon="13.422854"><ele>53</ele></trkpt>
   <trkpt lat="52.536432" lon="13.422887"><ele>53</ele></trkpt>
   <trkpt lat="52.536641" lon="13.423012"><ele>53.75</ele></trkpt>
   <trkpt lat="52.537014" lon="13.423237"><ele>53.25</ele></trkpt>
   <trkpt lat="52.537062" lon="13.423265"><ele>53</ele></trkpt>
   <trkpt lat="52.537091" lon="13.423282"><ele>53</ele></trkpt>
   <trkpt lat="52.537115" lon="13.423297"><ele>53</ele></trkpt>
   <trkpt lat="52.537772" lon="13.423681"><ele>53</ele></trkpt>
   <trkpt lat="52.538128" lon="13.423887"><ele>53</ele></trkpt>
   <trkpt lat="52.538337" lon="13.424014"><ele>52.5</ele></trkpt>
   <trkpt lat="52.538367" lon="13.42403"><ele>52.5</ele></trkpt>
   <trkpt lat="52.538392" lon="13.424045"><ele>52.5</ele></trkpt>
   <trkpt lat="52.538705" lon="13.424226"><ele>52.75</ele></trkpt>
   <trkpt lat="52.538745" lon="13.424213"><ele>52.75</ele></trkpt>
   <trkpt lat="52.538774" lon="13.424231"><ele>52.75</ele></trkpt>
   <trkpt lat="52.538798" lon="13.424244"><ele>52.5</ele></trkpt>
   <trkpt lat="52.538968" lon="13.424345"><ele>52.5</ele></trkpt>
   <trkpt lat="52.538992" lon="13.424243"><ele>52.75</ele></trkpt>
   <trkpt lat="52.539042" lon="13.424272"><ele>52.75</ele></trkpt>
   <trkpt lat="52.539141" lon="13.424329"><ele>52.75</ele></trkpt>
   <trkpt lat="52.53917" lon="13.424346"><ele>52.75</ele></trkpt>
   <trkpt lat="52.539247" lon="13.42439"><ele>52.5</ele></trkpt>
   <trkpt lat="52.539314" lon="13.424429"><ele>52.25</ele></trkpt>
   <trkpt lat="52.539304" lon="13.4245"><ele>52.25</ele></trkpt>
   <trkpt lat="52.539452" lon="13.424584"><ele>52</ele></trkpt>
   <trkpt lat="52.539471" lon="13.424594"><ele>52</ele></trkpt>
   <trkpt lat="52.539781" lon="13.424777"><ele>52</ele></trkpt>
   <trkpt lat="52.539809" lon="13.424818"><ele>52</ele></trkpt>
   <trkpt lat="52.54011" lon="13.425004"><ele>51.5</ele></trkpt>
   <trkpt lat="52.540144" lon="13.424991"><ele>51.25</ele></trkpt>
   <trkpt lat="52.540224" lon="13.425034"><ele>51.25</ele></trkpt>
   <trkpt lat="52.540929" lon="13.425455"><ele>50</ele></trkpt>
   <trkpt lat="52.540974" lon="13.425482"><ele>50</ele></trkpt>
   <trkpt lat="52.540994" lon="13.425494"><ele>50</ele></trkpt>
   <trkpt lat="52.542003" lon="13.42608"><ele>50</ele></trkpt>
   <trkpt lat="52.542056" lon="13.426112"><ele>50</ele></trkpt>
   <trkpt lat="52.542684" lon="13.426481"><ele>50</ele></trkpt>
   <trkpt lat="52.542795" lon="13.426549"><ele>50.5</ele></trkpt>
   <trkpt lat="52.542821" lon="13.426564"><ele>50.5</ele></trkpt>
   <trkpt lat="52.542868" lon="13.426591"><ele>50.5</ele></trkpt>
   <trkpt lat="52.542916" lon="13.426619"><ele>50.75</ele></trkpt>
   <trkpt lat="52.542992" lon="13.426662"><ele>50.75</ele></trkpt>
   <trkpt lat="52.543039" lon="13.426689"><ele>50.75</ele></trkpt>
   <trkpt lat="52.54306" lon="13.426702"><ele>51</ele></trkpt>
   <trkpt lat="52.543652" lon="13.427048"><ele>51.25</ele></trkpt>
   <trkpt lat="52.543999" lon="13.427209"><ele>49.5</ele></trkpt>
   <trkpt lat="52.544441" lon="13.427435"><ele>51</ele></trkpt>
   <trkpt lat="52.544516" lon="13.427487"><ele>51.75</ele></trkpt>
   <trkpt lat="52.544618" lon="13.427588"><ele>52</ele></trkpt>
   <trkpt lat="52.544635" lon="13.427607"><ele>52</ele></trkpt>
   <trkpt lat="52.544658" lon="13.427619"><ele>52</ele></trkpt>
   <trkpt lat="52.544679" lon="13.42763"><ele>52</ele></trkpt>
   <trkpt lat="52.544847" lon="13.427699"><ele>52</ele></trkpt>
   <trkpt lat="52.544996" lon="13.427742"><ele>52</ele></trkpt>
   <trkpt lat="52.545373" lon="13.427884"><ele>51</ele></trkpt>
   <trkpt lat="52.5454" lon="13.427892"><ele>51</ele></trkpt>
   <trkpt lat="52.545506" lon="13.427925"><ele>51</ele></trkpt>
   <trkpt lat="52.54567" lon="13.427975"><ele>51</ele></trkpt>
   <trkpt lat="52.545781" lon="13.42801"><ele>51</ele></trkpt>
   <trkpt lat="52.54581" lon="13.428019"><ele>51</ele></trkpt>
   <trkpt lat="52.54589" lon="13.428084"><ele>50.75</ele></trkpt>
   <trkpt lat="52.546499" lon="13.428314"><ele>50.5</ele></trkpt>
   <trkpt lat="52.547012" lon="13.428531"><ele>50</ele></trkpt>
   <trkpt lat="52.547441" lon="13.428725"><ele>49.5</ele></trkpt>
   <trkpt lat="52.547525" lon="13.428729"><ele>49.25</ele></trkpt>
   <trkpt lat="52.547617" lon="13.428771"><ele>49.25</ele></trkpt>
   <trkpt lat="52.547648" lon="13.428786"><ele>49.25</ele></trkpt>
   <trkpt lat="52.547747" lon="13.428834"><ele>49</ele></trkpt>
   <trkpt lat="52.547842" lon="13.428879"><ele>49</ele></trkpt>
   <trkpt lat="52.54787" lon="13.428892"><ele>49</ele></trkpt>
   <trkpt lat="52.5479" lon="13.428908"><ele>49</ele></trkpt>
   <trkpt lat="52.547957" lon="13.428965"><ele>49.25</ele></trkpt>
   <trkpt lat="52.548326" lon="13.42913"><ele>49.75</ele></trkpt>
   <trkpt lat="52.548531" lon="13.429219"><ele>50</ele></trkpt>
   <trkpt lat="52.54907" lon="13.429464"><ele>50</ele></trkpt>
   <trkpt lat="52.550185" lon="13.429976"><ele>51</ele></trkpt>
   <trkpt lat="52.550335" lon="13.430044"><ele>50.75</ele></trkpt>
   <trkpt lat="52.550391" lon="13.430129"><ele>50.5</ele></trkpt>
   <trkpt lat="52.55063" lon="13.430237"><ele>51</ele></trkpt>
   <trkpt lat="52.550737" lon="13.43023"><ele>51</ele></trkpt>
   <trkpt lat="52.550788" lon="13.430254"><ele>51</ele></trkpt>
   <trkpt lat="52.55082" lon="13.430269"><ele>51</ele></trkpt>
   <trkpt lat="52.550842" lon="13.430278"><ele>51</ele></trkpt>
   <trkpt lat="52.550923" lon="13.430316"><ele>51</ele></trkpt>
   <trkpt lat="52.551043" lon="13.430339"><ele>51</ele></trkpt>
   <trkpt lat="52.551104" lon="13.430358"><ele>51.25</ele></trkpt>
   <trkpt lat="52.551243" lon="13.430428"><ele>51.75</ele></trkpt>
   <trkpt lat="52.551291" lon="13.430447"><ele>51.75</ele></trkpt>
   <trkpt lat="52.55133" lon="13.430464"><ele>51.75</ele></trkpt>
   <trkpt lat="52.551447" lon="13.430514"><ele>52</ele></trkpt>
   <trkpt lat="52.551467" lon="13.430522"><ele>52</ele></trkpt>
   <trkpt lat="52.551685" lon="13.430578"><ele>51.75</ele></trkpt>
   <trkpt lat="52.551762" lon="13.430585"><ele>51.75</ele></trkpt>
   <trkpt lat="52.55179" lon="13.430583"><ele>51.75</ele></trkpt>
   <trkpt lat="52.551942" lon="13.430542"><ele>52</ele></trkpt>
   <trkpt lat="52.551966" lon="13.43053"><ele>52</ele></trkpt>
   <trkpt lat="52.552001" lon="13.430514"><ele>52</ele></trkpt>
   <trkpt lat="52.552114" lon="13.430486"><ele>52</ele></trkpt>
   <trkpt lat="52.553097" lon="13.430225"><ele>51</ele></trkpt>
   <trkpt lat="52.553635" lon="13.43008"><ele>51</ele></trkpt>
   <trkpt lat="52.553797" lon="13.430037"><ele>51</ele></trkpt>
   <trkpt lat="52.553884" lon="13.430014"><ele>51</ele></trkpt>
   <trkpt lat="52.554114" lon="13.429955"><ele>51.5</ele></trkpt>
   <trkpt lat="52.554295" lon="13.429906"><ele>51.5</ele></trkpt>
   <trkpt lat="52.554339" lon="13.429863"><ele>51.5</ele></trkpt>
   <trkpt lat="52.5544" lon="13.429848"><ele>51.25</ele></trkpt>
   <trkpt lat="52.554466" lon="13.429829"><ele>51.25</ele></trkpt>
   <trkpt lat="52.554505" lon="13.429819"><ele>51.25</ele></trkpt>
   <trkpt lat="52.554611" lon="13.429789"><ele>51</ele></trkpt>
   <trkpt lat="52.554623" lon="13.429786"><ele>51</ele></trkpt>
   <trkpt lat="52.554655" lon="13.429779"><ele>51</ele></trkpt>
   <trkpt lat="52.55466" lon="13.429778"><ele>51</ele></trkpt>
   <trkpt lat="52.554727" lon="13.429762"><ele>51</ele></trkpt>
   <trkpt lat="52.554752" lon="13.429756"><ele>51</ele></trkpt>
   <trkpt lat="52.554822" lon="13.429739"><ele>51</ele></trkpt>
   <trkpt lat="52.554849" lon="13.429733"><ele>51</ele></trkpt>
   <trkpt lat="52.5549" lon="13.429749"><ele>51</ele></trkpt>
   <trkpt lat="52.554965" lon="13.429731"><ele>51</ele></trkpt>
   <trkpt lat="52.555102" lon="13.429695"><ele>51</ele></trkpt>
   <trkpt lat="52.555209" lon="13.429667"><ele>51</ele></trkpt>
   <trkpt lat="52.555349" lon="13.42963"><ele>51</ele></trkpt>
   <trkpt lat="52.555893" lon="13.429486"><ele>51</ele></trkpt>
   <trkpt lat="52.555929" lon="13.429476"><ele>51.25</ele></trkpt>
   <trkpt lat="52.555962" lon="13.429467"><ele>51.25</ele></trkpt>
   <trkpt lat="52.55622" lon="13.429399"><ele>51.5</ele></trkpt>
   <trkpt lat="52.556253" lon="13.429353"><ele>51.25</ele></trkpt>
   <trkpt lat="52.55632" lon="13.429336"><ele>51.25</ele></trkpt>
   <trkpt lat="52.556399" lon="13.429315"><ele>51.25</ele></trkpt>
   <trkpt lat="52.556385" lon="13.429275"><ele>51.5</ele></trkpt>
   <trkpt lat="52.556411" lon="13.429267"><ele>51.5</ele></trkpt>
   <trkpt lat="52.556444" lon="13.429257"><ele>51.5</ele></trkpt>
   <trkpt lat="52.556517" lon="13.429235"><ele>51.75</ele></trkpt>
   <trkpt lat="52.556629" lon="13.429201"><ele>51.75</ele></trkpt>
   <trkpt lat="52.556566" lon="13.429037"><ele>52</ele></trkpt>
   <trkpt lat="52.556543" lon="13.428977"><ele>52</ele></trkpt>
   <trkpt lat="52.556566" lon="13.428969"><ele>52</ele></trkpt>
   <trkpt lat="52.557262" lon="13.428735"><ele>51.75</ele></trkpt>
   <trkpt lat="52.557262" lon="13.428719"><ele>52</ele></trkpt>
   <trkpt lat="52.557275" lon="13.428683"><ele>52</ele></trkpt>
   <trkpt lat="52.557289" lon="13.428646"><ele>52</ele></trkpt>
   <trkpt lat="52.557347" lon="13.428539"><ele>52</ele></trkpt>
   <trkpt lat="52.557424" lon="13.428448"><ele>52</ele></trkpt>
   <trkpt lat="52.557463" lon="13.428427"><ele>52</ele></trkpt>
   <trkpt lat="52.557523" lon="13.428394"><ele>52</ele></trkpt>
   <trkpt lat="52.55811" lon="13.428242"><ele>52</ele></trkpt>
   <trkpt lat="52.558376" lon="13.428169"><ele>52</ele></trkpt>
   <trkpt lat="52.558403" lon="13.428161"><ele>52</ele></trkpt>
   <trkpt lat="52.559177" lon="13.427946"><ele>52.5</ele></trkpt>
   <trkpt lat="52.559443" lon="13.427873"><ele>52.75</ele></trkpt>
   <trkpt lat="52.559473" lon="13.427865"><ele>53</ele></trkpt>
   <trkpt lat="52.560254" lon="13.427662"><ele>53</ele></trkpt>
   <trkpt lat="52.560294" lon="13.427653"><ele>53</ele></trkpt>
   <trkpt lat="52.56031" lon="13.427649"><ele>53</ele></trkpt>
   <trkpt lat="52.560328" lon="13.427644"><ele>53</ele></trkpt>
   <trkpt lat="52.560477" lon="13.427608"><ele>53</ele></trkpt>
   <trkpt lat="52.5605" lon="13.427603"><ele>53</ele></trkpt>
   <trkpt lat="52.560565" lon="13.427587"><ele>53</ele></trkpt>
   <trkpt lat="52.560626" lon="13.427572"><ele>52.75</ele></trkpt>
   <trkpt lat="52.560649" lon="13.427566"><ele>53</ele></trkpt>
   <trkpt lat="52.561288" lon="13.427409"><ele>52.75</ele></trkpt>
   <trkpt lat="52.562229" lon="13.427177"><ele>51.75</ele></trkpt>
   <trkpt lat="52.562331" lon="13.427152"><ele>51.75</ele></trkpt>
   <trkpt lat="52.562921" lon="13.427007"><ele>51</ele></trkpt>
   <trkpt lat="52.56302" lon="13.426982"><ele>51</ele></trkpt>
   <trkpt lat="52.56324" lon="13.426927"><ele>51</ele></trkpt>
   <trkpt lat="52.563259" lon="13.427105"><ele>51</ele></trkpt>
   <trkpt lat="52.563262" lon="13.427129"><ele>51</ele></trkpt>
   <trkpt lat="52.563332" lon="13.427112"><ele>51</ele></trkpt>
   <trkpt lat="52.563561" lon="13.427057"><ele>51</ele></trkpt>
   <trkpt lat="52.563695" lon="13.427024"><ele>51</ele></trkpt>
   <trkpt lat="52.563767" lon="13.427005"><ele>51</ele></trkpt>
   <trkpt lat="52.564057" lon="13.426925"><ele>51</ele></trkpt>
   <trkpt lat="52.564215" lon="13.426892"><ele>50.75</ele></trkpt>
   <trkpt lat="52.564312" lon="13.426872"><ele>51</ele></trkpt>
   <trkpt lat="52.564368" lon="13.426859"><ele>51</ele></trkpt>
   <trkpt lat="52.564583" lon="13.42681"><ele>51</ele></trkpt>
   <trkpt lat="52.564664" lon="13.426793"><ele>51</ele></trkpt>
   <trkpt lat="52.564693" lon="13.426788"><ele>51</ele></trkpt>
   <trkpt lat="52.564975" lon="13.426797"><ele>51</ele></trkpt>
   <trkpt lat="52.565044" lon="13.426802"><ele>51</ele></trkpt>
   <trkpt lat="52.565042" lon="13.426783"><ele>51</ele></trkpt>
   <trkpt lat="52.564996" lon="13.426325"><ele>50.75</ele></trkpt>
   <trkpt lat="52.564989" lon="13.426256"><ele>50.75</ele></trkpt>
   <trkpt lat="52.565037" lon="13.426242"><ele>50.75</ele></trkpt>
   <trkpt lat="52.565077" lon="13.426231"><ele>50.75</ele></trkpt>
   <trkpt lat="52.567257" lon="13.425594"><ele>50</ele></trkpt>
   <trkpt lat="52.567365" lon="13.425562"><ele>50</ele></trkpt>
   <trkpt lat="52.56761" lon="13.425491"><ele>50</ele></trkpt>
   <trkpt lat="52.567715" lon="13.425459"><ele>50</ele></trkpt>
   <trkpt lat="52.567807" lon="13.425429"><ele>49.75</ele></trkpt>
   <trkpt lat="52.569512" lon="13.424579"><ele>48</ele></trkpt>
   <trkpt lat="52.569554" lon="13.424553"><ele>48</ele></trkpt>
   <trkpt lat="52.56959" lon="13.424621"><ele>48</ele></trkpt>
   <trkpt lat="52.569878" lon="13.42577"><ele>48</ele></trkpt>
   <trkpt lat="52.569896" lon="13.425842"><ele>48</ele></trkpt>
   <trkpt lat="52.569906" lon="13.425896"><ele>48</ele></trkpt>
   <trkpt lat="52.570035" lon="13.42664"><ele>48.75</ele></trkpt>
   <trkpt lat="52.570103" lon="13.427078"><ele>49</ele></trkpt>
   <trkpt lat="52.570114" lon="13.427146"><ele>49</ele></trkpt>
   <trkpt lat="52.570155" lon="13.427133"><ele>49</ele></trkpt>
   <trkpt lat="52.571166" lon="13.426806"><ele>47.75</ele></trkpt>
   <trkpt lat="52.571673" lon="13.426643"><ele>46.75</ele></trkpt>
   <trkpt lat="52.571693" lon="13.426637"><ele>46.75</ele></trkpt>
   <trkpt lat="52.571781" lon="13.426609"><ele>46.75</ele></trkpt>
   <trkpt lat="52.571842" lon="13.426976"><ele>47</ele></trkpt>
   <trkpt lat="52.57191" lon="13.427392"><ele>47</ele></trkpt>
   <trkpt lat="52.571917" lon="13.427436"><ele>47</ele></trkpt>
   <trkpt lat="52.571946" lon="13.427607"><ele>47</ele></trkpt>
   <trkpt lat="52.571982" lon="13.427825"><ele>47.25</ele></trkpt>
   <trkpt lat="52.572067" lon="13.428372"><ele>47.75</ele></trkpt>
   <trkpt lat="52.572077" lon="13.428484"><ele>47.5</ele></trkpt>
   <trkpt lat="52.572063" lon="13.428679"><ele>47.5</ele></trkpt>
   <trkpt lat="52.572037" lon="13.428895"><ele>48</ele></trkpt>
   <trkpt lat="52.572271" lon="13.428971"><ele>47.75</ele></trkpt>
   <trkpt lat="52.572356" lon="13.429188"><ele>47.5</ele></trkpt>
   <trkpt lat="52.572568" lon="13.429237"><ele>47</ele></trkpt>
   <trkpt lat="52.573134" lon="13.429378"><ele>47</ele></trkpt>
   <trkpt lat="52.573267" lon="13.429408"><ele>47</ele></trkpt>
   <trkpt lat="52.573318" lon="13.42942"><ele>47</ele></trkpt>
   <trkpt lat="52.573371" lon="13.429433"><ele>47</ele></trkpt>
   <trkpt lat="52.574235" lon="13.429648"><ele>48.25</ele></trkpt>
   <trkpt lat="52.574244" lon="13.429651"><ele>48.25</ele></trkpt>
   <trkpt lat="52.574292" lon="13.429663"><ele>48.5</ele></trkpt>
   <trkpt lat="52.574297" lon="13.429828"><ele>48</ele></trkpt>
   <trkpt lat="52.574309" lon="13.429902"><ele>47.75</ele></trkpt>
   <trkpt lat="52.57436" lon="13.429956"><ele>47.75</ele></trkpt>
   <trkpt lat="52.574586" lon="13.43006"><ele>47.75</ele></trkpt>
   <trkpt lat="52.57468" lon="13.430156"><ele>47.25</ele></trkpt>
   <trkpt lat="52.575073" lon="13.430694"><ele>47.5</ele></trkpt>
   <trkpt lat="52.575282" lon="13.430972"><ele>47.25</ele></trkpt>
   <trkpt lat="52.576211" lon="13.432208"><ele>46.5</ele></trkpt>
   <trkpt lat="52.576434" lon="13.432501"><ele>46.75</ele></trkpt>
   <trkpt lat="52.577237" lon="13.433591"><ele>46.75</ele></trkpt>
   <trkpt lat="52.575986" lon="13.436991"><ele>47</ele></trkpt>
   <trkpt lat="52.575912" lon="13.437193"><ele>47.75</ele></trkpt>
   <trkpt lat="52.576134" lon="13.437156"><ele>47.5</ele></trkpt>
   <trkpt lat="52.576469" lon="13.437099"><ele>47</ele></trkpt>
   <trkpt lat="52.576926" lon="13.437018"><ele>46.75</ele></trkpt>
   <trkpt lat="52.576955" lon="13.437008"><ele>47</ele></trkpt>
   <trkpt lat="52.577075" lon="13.436969"><ele>47</ele></trkpt>
   <trkpt lat="52.577237" lon="13.436916"><ele>47</ele></trkpt>
   <trkpt lat="52.577965" lon="13.436676"><ele>46</ele></trkpt>
   <trkpt lat="52.577993" lon="13.436666"><ele>46</ele></trkpt>
   <trkpt lat="52.578332" lon="13.436549"><ele>46</ele></trkpt>
   <trkpt lat="52.578515" lon="13.436485"><ele>46</ele></trkpt>
   <trkpt lat="52.578562" lon="13.436687"><ele>46</ele></trkpt>
   <trkpt lat="52.578731" lon="13.437414"><ele>46</ele></trkpt>
   <trkpt lat="52.578895" lon="13.438161"><ele>46</ele></trkpt>
   <trkpt lat="52.578896" lon="13.438169"><ele>46</ele></trkpt>
   <trkpt lat="52.579063" lon="13.438991"><ele>46.75</ele></trkpt>
   <trkpt lat="52.579082" lon="13.439086"><ele>46.75</ele></trkpt>
   <trkpt lat="52.579238" lon="13.440073"><ele>47</ele></trkpt>
   <trkpt lat="52.58037" lon="13.43944"><ele>46</ele></trkpt>
   <trkpt lat="52.581286" lon="13.438955"><ele>46</ele></trkpt>
   <trkpt lat="52.581428" lon="13.438881"><ele>46</ele></trkpt>
   <trkpt lat="52.582521" lon="13.438271"><ele>45.75</ele></trkpt>
   <trkpt lat="52.582953" lon="13.437999"><ele>45.25</ele></trkpt>
   <trkpt lat="52.583027" lon="13.437957"><ele>45</ele></trkpt>
   <trkpt lat="52.583101" lon="13.437916"><ele>45</ele></trkpt>
   <trkpt lat="52.58312" lon="13.438085"><ele>45</ele></trkpt>
   <trkpt lat="52.584199" lon="13.437558"><ele>45.75</ele></trkpt>
   <trkpt lat="52.584616" lon="13.437457"><ele>45.5</ele></trkpt>
   <trkpt lat="52.584822" lon="13.437463"><ele>45.5</ele></trkpt>
   <trkpt lat="52.585241" lon="13.437594"><ele>46.5</ele></trkpt>
   <trkpt lat="52.585454" lon="13.437804"><ele>45.75</ele></trkpt>
   <trkpt lat="52.585638" lon="13.437947"><ele>45.75</ele></trkpt>
   <trkpt lat="52.585942" lon="13.438218"><ele>46</ele></trkpt>
   <trkpt lat="52.586327" lon="13.438603"><ele>46</ele></trkpt>
   <trkpt lat="52.586446" lon="13.438699"><ele>46.5</ele></trkpt>
   <trkpt lat="52.586655" lon="13.438097"><ele>46.5</ele></trkpt>
   <trkpt lat="52.586167" lon="13.437596"><ele>47</ele></trkpt>
   <trkpt lat="52.585967" lon="13.43735"><ele>46.75</ele></trkpt>
   <trkpt lat="52.58558" lon="13.436866"><ele>45.5</ele></trkpt>
   <trkpt lat="52.586382" lon="13.436557"><ele>45.5</ele></trkpt>
   <trkpt lat="52.586995" lon="13.43628"><ele>45</ele></trkpt>
   <trkpt lat="52.587053" lon="13.436192"><ele>45.25</ele></trkpt>
   <trkpt lat="52.587145" lon="13.436237"><ele>45.25</ele></trkpt>
   <trkpt lat="52.587319" lon="13.436404"><ele>45.5</ele></trkpt>
   <trkpt lat="52.587763" lon="13.436892"><ele>45.5</ele></trkpt>
   <trkpt lat="52.588024" lon="13.437133"><ele>45.75</ele></trkpt>
   <trkpt lat="52.588457" lon="13.437577"><ele>47</ele></trkpt>
   <trkpt lat="52.588786" lon="13.437927"><ele>47.25</ele></trkpt>
   <trkpt lat="52.588867" lon="13.438062"><ele>45.75</ele></trkpt>
   <trkpt lat="52.588993" lon="13.438185"><ele>47.25</ele></trkpt>
   <trkpt lat="52.58948" lon="13.438717"><ele>48</ele></trkpt>
   <trkpt lat="52.589991" lon="13.43926"><ele>48.25</ele></trkpt>
   <trkpt lat="52.59054" lon="13.439833"><ele>48</ele></trkpt>
   <trkpt lat="52.590947" lon="13.440275"><ele>48.25</ele></trkpt>
   <trkpt lat="52.591156" lon="13.440581"><ele>47</ele></trkpt>
   <trkpt lat="52.591387" lon="13.440827"><ele>47</ele></trkpt>
   <trkpt lat="52.591422" lon="13.440864"><ele>47.25</ele></trkpt>
   <trkpt lat="52.591451" lon="13.440899"><ele>47.25</ele></trkpt>
   <trkpt lat="52.591467" lon="13.440919"><ele>47.5</ele></trkpt>
   <trkpt lat="52.591938" lon="13.441423"><ele>46.75</ele></trkpt>
   <trkpt lat="52.592416" lon="13.441947"><ele>46</ele></trkpt>
   <trkpt lat="52.592826" lon="13.442388"><ele>46</ele></trkpt>
   <trkpt lat="52.593343" lon="13.442958"><ele>46</ele></trkpt>
   <trkpt lat="52.593434" lon="13.443156"><ele>46</ele></trkpt>
   <trkpt lat="52.594161" lon="13.443952"><ele>46</ele></trkpt>
   <trkpt lat="52.594193" lon="13.444087"><ele>46</ele></trkpt>
   <trkpt lat="52.594215" lon="13.444284"><ele>46</ele></trkpt>
   <trkpt lat="52.59466" lon="13.444571"><ele>46</ele></trkpt>
   <trkpt lat="52.594773" lon="13.444663"><ele>46</ele></trkpt>
   <trkpt lat="52.594831" lon="13.444701"><ele>46</ele></trkpt>
   <trkpt lat="52.594933" lon="13.444767"><ele>46</ele></trkpt>
   <trkpt lat="52.595145" lon="13.444906"><ele>46.25</ele></trkpt>
   <trkpt lat="52.59521" lon="13.444978"><ele>46</ele></trkpt>
   <trkpt lat="52.595279" lon="13.444983"><ele>46</ele></trkpt>
   <trkpt lat="52.595384" lon="13.445065"><ele>46</ele></trkpt>
   <trkpt lat="52.595514" lon="13.445179"><ele>46</ele></trkpt>
   <trkpt lat="52.595579" lon="13.445235"><ele>46</ele></trkpt>
   <trkpt lat="52.595803" lon="13.445431"><ele>46.5</ele></trkpt>
   <trkpt lat="52.596207" lon="13.445785"><ele>46.5</ele></trkpt>
   <trkpt lat="52.596285" lon="13.445853"><ele>46.25</ele></trkpt>
   <trkpt lat="52.596379" lon="13.445935"><ele>46.25</ele></trkpt>
   <trkpt lat="52.596469" lon="13.445997"><ele>46.5</ele></trkpt>
   <trkpt lat="52.596565" lon="13.446062"><ele>46.25</ele></trkpt>
   <trkpt lat="52.596626" lon="13.446028"><ele>46.25</ele></trkpt>
   <trkpt lat="52.59681" lon="13.446178"><ele>46.5</ele></trkpt>
   <trkpt lat="52.596951" lon="13.446294"><ele>47</ele></trkpt>
   <trkpt lat="52.597361" lon="13.446646"><ele>46.75</ele></trkpt>
   <trkpt lat="52.597441" lon="13.446712"><ele>47</ele></trkpt>
   <trkpt lat="52.597931" lon="13.447148"><ele>47</ele></trkpt>
   <trkpt lat="52.598297" lon="13.447419"><ele>47</ele></trkpt>
   <trkpt lat="52.59839" lon="13.447488"><ele>47</ele></trkpt>
   <trkpt lat="52.598805" lon="13.447677"><ele>47</ele></trkpt>
   <trkpt lat="52.598873" lon="13.447702"><ele>47</ele></trkpt>
   <trkpt lat="52.599117" lon="13.447772"><ele>47</ele></trkpt>
   <trkpt lat="52.599404" lon="13.447826"><ele>47</ele></trkpt>
   <trkpt lat="52.599433" lon="13.447831"><ele>47</ele></trkpt>
   <trkpt lat="52.599878" lon="13.447907"><ele>47.5</ele></trkpt>
   <trkpt lat="52.600195" lon="13.447977"><ele>47.25</ele></trkpt>
   <trkpt lat="52.600306" lon="13.448022"><ele>47</ele></trkpt>
   <trkpt lat="52.600398" lon="13.448072"><ele>47</ele></trkpt>
   <trkpt lat="52.600973" lon="13.448488"><ele>47.25</ele></trkpt>
   <trkpt lat="52.60199" lon="13.449281"><ele>47.25</ele></trkpt>
   <trkpt lat="52.60284" lon="13.449886"><ele>47</ele></trkpt>
   <trkpt lat="52.603082" lon="13.449137"><ele>46.75</ele></trkpt>
   <trkpt lat="52.603098" lon="13.449087"><ele>47</ele></trkpt>
   <trkpt lat="52.603154" lon="13.449026"><ele>47</ele></trkpt>
   <trkpt lat="52.603947" lon="13.449341"><ele>47</ele></trkpt>
   <trkpt lat="52.605333" lon="13.449917"><ele>48</ele></trkpt>
   <trkpt lat="52.605588" lon="13.450025"><ele>47.75</ele></trkpt>
   <trkpt lat="52.605725" lon="13.450141"><ele>47.5</ele></trkpt>
   <trkpt lat="52.606046" lon="13.450715"><ele>48</ele></trkpt>
   <trkpt lat="52.606458" lon="13.451335"><ele>47.75</ele></trkpt>
   <trkpt lat="52.60651" lon="13.45139"><ele>48</ele></trkpt>
   <trkpt lat="52.606549" lon="13.451252"><ele>47.5</ele></trkpt>
   <trkpt lat="52.606712" lon="13.449727"><ele>48.5</ele></trkpt>
   <trkpt lat="52.606991" lon="13.449746"><ele>47</ele></trkpt>
   <trkpt lat="52.607159" lon="13.449762"><ele>47</ele></trkpt>
   <trkpt lat="52.607683" lon="13.449782"><ele>47</ele></trkpt>
   <trkpt lat="52.607952" lon="13.449775"><ele>46.5</ele></trkpt>
   <trkpt lat="52.608043" lon="13.449788"><ele>46.25</ele></trkpt>
   <trkpt lat="52.608092" lon="13.449862"><ele>46.5</ele></trkpt>
   <trkpt lat="52.608241" lon="13.450145"><ele>46.5</ele></trkpt>
   <trkpt lat="52.608289" lon="13.450201"><ele>46.75</ele></trkpt>
   <trkpt lat="52.608531" lon="13.450381"><ele>46.75</ele></trkpt>
   <trkpt lat="52.608887" lon="13.450531"><ele>47</ele></trkpt>
   <trkpt lat="52.609523" lon="13.450805"><ele>47.5</ele></trkpt>
   <trkpt lat="52.609636" lon="13.450889"><ele>47.25</ele></trkpt>
   <trkpt lat="52.609697" lon="13.450981"><ele>47.5</ele></trkpt>
   <trkpt lat="52.609706" lon="13.451033"><ele>47.5</ele></trkpt>
   <trkpt lat="52.609824" lon="13.451009"><ele>47.5</ele></trkpt>
   <trkpt lat="52.609889" lon="13.451016"><ele>47.75</ele></trkpt>
   <trkpt lat="52.610643" lon="13.451359"><ele>48.25</ele></trkpt>
   <trkpt lat="52.611041" lon="13.451588"><ele>47.75</ele></trkpt>
   <trkpt lat="52.611287" lon="13.451774"><ele>47</ele></trkpt>
   <trkpt lat="52.611467" lon="13.451932"><ele>47.25</ele></trkpt>
   <trkpt lat="52.611533" lon="13.451994"><ele>47</ele></trkpt>
   <trkpt lat="52.611873" lon="13.452395"><ele>47.25</ele></trkpt>
   <trkpt lat="52.612002" lon="13.452567"><ele>47.5</ele></trkpt>
   <trkpt lat="52.612043" lon="13.452623"><ele>47.75</ele></trkpt>
   <trkpt lat="52.612237" lon="13.452925"><ele>47.5</ele></trkpt>
   <trkpt lat="52.612356" lon="13.45314"><ele>47.5</ele></trkpt>
   <trkpt lat="52.612576" lon="13.453509"><ele>47.5</ele></trkpt>
   <trkpt lat="52.612618" lon="13.453691"><ele>47.75</ele></trkpt>
   <trkpt lat="52.612623" lon="13.453894"><ele>48.25</ele></trkpt>
   <trkpt lat="52.612679" lon="13.453914"><ele>48.5</ele></trkpt>
   <trkpt lat="52.612729" lon="13.453939"><ele>48.5</ele></trkpt>
   <trkpt lat="52.612759" lon="13.453966"><ele>48.5</ele></trkpt>
   <trkpt lat="52.612867" lon="13.45414"><ele>47.75</ele></trkpt>
   <trkpt lat="52.612896" lon="13.454144"><ele>47.5</ele></trkpt>
   <trkpt lat="52.61295" lon="13.454123"><ele>47.5</ele></trkpt>
   <trkpt lat="52.613062" lon="13.453936"><ele>47.75</ele></trkpt>
   <trkpt lat="52.613094" lon="13.453935"><ele>47.75</ele></trkpt>
   <trkpt lat="52.613538" lon="13.454658"><ele>48.5</ele></trkpt>
   <trkpt lat="52.613911" lon="13.453867"><ele>48.75</ele></trkpt>
   <trkpt lat="52.614087" lon="13.453528"><ele>49.25</ele></trkpt>
   <trkpt lat="52.614114" lon="13.453423"><ele>49</ele></trkpt>
   <trkpt lat="52.614089" lon="13.453339"><ele>49</ele></trkpt>
   <trkpt lat="52.614069" lon="13.453211"><ele>48.5</ele></trkpt>
   <trkpt lat="52.614151" lon="13.452989"><ele>48.25</ele></trkpt>
   <trkpt lat="52.614125" lon="13.452941"><ele>48.5</ele></trkpt>
   <trkpt lat="52.61423" lon="13.452785"><ele>49</ele></trkpt>
   <trkpt lat="52.614325" lon="13.452615"><ele>49</ele></trkpt>
   <trkpt lat="52.614338" lon="13.45259"><ele>49</ele></trkpt>
   <trkpt lat="52.614546" lon="13.452125"><ele>50</ele></trkpt>
   <trkpt lat="52.615018" lon="13.451081"><ele>50.75</ele></trkpt>
   <trkpt lat="52.615627" lon="13.451849"><ele>51</ele></trkpt>
   <trkpt lat="52.617194" lon="13.453736"><ele>52</ele></trkpt>
   <trkpt lat="52.617253" lon="13.453765"><ele>52</ele></trkpt>
   <trkpt lat="52.617234" lon="13.453903"><ele>52</ele></trkpt>
   <trkpt lat="52.617322" lon="13.453963"><ele>52</ele></trkpt>
   <trkpt lat="52.617686" lon="13.454395"><ele>52</ele></trkpt>
   <trkpt lat="52.618321" lon="13.455173"><ele>52</ele></trkpt>
   <trkpt lat="52.618488" lon="13.455379"><ele>52</ele></trkpt>
   <trkpt lat="52.618498" lon="13.455376"><ele>52</ele></trkpt>
   <trkpt lat="52.618919" lon="13.455255"><ele>52</ele></trkpt>
   <trkpt lat="52.61956" lon="13.454783"><ele>52</ele></trkpt>
   <trkpt lat="52.619615" lon="13.454794"><ele>52</ele></trkpt>
   <trkpt lat="52.619873" lon="13.454929"><ele>52</ele></trkpt>
   <trkpt lat="52.620369" lon="13.454998"><ele>52</ele></trkpt>
   <trkpt lat="52.620603" lon="13.454975"><ele>51.75</ele></trkpt>
   <trkpt lat="52.620926" lon="13.455097"><ele>52</ele></trkpt>
   <trkpt lat="52.621822" lon="13.455671"><ele>53</ele></trkpt>
   <trkpt lat="52.622504" lon="13.456251"><ele>53</ele></trkpt>
   <trkpt lat="52.622802" lon="13.456473"><ele>53</ele></trkpt>
   <trkpt lat="52.622881" lon="13.456503"><ele>53</ele></trkpt>
   <trkpt lat="52.623312" lon="13.456668"><ele>52.75</ele></trkpt>
   <trkpt lat="52.624666" lon="13.458265"><ele>51</ele></trkpt>
   <trkpt lat="52.625937" lon="13.459728"><ele>51</ele></trkpt>
   <trkpt lat="52.626035" lon="13.459876"><ele>51</ele></trkpt>
   <trkpt lat="52.626231" lon="13.460051"><ele>51</ele></trkpt>
   <trkpt lat="52.626338" lon="13.460185"><ele>51</ele></trkpt>
   <trkpt lat="52.626425" lon="13.460333"><ele>51</ele></trkpt>
   <trkpt lat="52.626614" lon="13.460498"><ele>51</ele></trkpt>
   <trkpt lat="52.627497" lon="13.461492"><ele>50.75</ele></trkpt>
   <trkpt lat="52.627609" lon="13.461592"><ele>51.25</ele></trkpt>
   <trkpt lat="52.627677" lon="13.461604"><ele>51.75</ele></trkpt>
   <trkpt lat="52.627718" lon="13.461588"><ele>52</ele></trkpt>
   <trkpt lat="52.627688" lon="13.46133"><ele>52.25</ele></trkpt>
   <trkpt lat="52.627708" lon="13.46117"><ele>52.75</ele></trkpt>
   <trkpt lat="52.627745" lon="13.461115"><ele>52.75</ele></trkpt>
   <trkpt lat="52.627814" lon="13.46118"><ele>53</ele></trkpt>
   <trkpt lat="52.627912" lon="13.461311"><ele>53</ele></trkpt>
   <trkpt lat="52.628112" lon="13.461591"><ele>53</ele></trkpt>
   <trkpt lat="52.628281" lon="13.461741"><ele>53</ele></trkpt>
   <trkpt lat="52.628609" lon="13.462177"><ele>53</ele></trkpt>
   <trkpt lat="52.628951" lon="13.462566"><ele>52</ele></trkpt>
   <trkpt lat="52.629066" lon="13.462788"><ele>52.25</ele></trkpt>
   <trkpt lat="52.629166" lon="13.462878"><ele>51.5</ele></trkpt>
   <trkpt lat="52.629307" lon="13.463004"><ele>51.5</ele></trkpt>
   <trkpt lat="52.62936" lon="13.462856"><ele>51.75</ele></trkpt>
   <trkpt lat="52.629385" lon="13.46267"><ele>51.5</ele></trkpt>
   <trkpt lat="52.629418" lon="13.462506"><ele>51</ele></trkpt>
   <trkpt lat="52.629508" lon="13.461946"><ele>50.25</ele></trkpt>
   <trkpt lat="52.629597" lon="13.461782"><ele>50.5</ele></trkpt>
   <trkpt lat="52.629871" lon="13.461687"><ele>51.5</ele></trkpt>
   <trkpt lat="52.630152" lon="13.461652"><ele>51.75</ele></trkpt>
   <trkpt lat="52.630247" lon="13.461692"><ele>51</ele></trkpt>
   <trkpt lat="52.630518" lon="13.461662"><ele>51</ele></trkpt>
   <trkpt lat="52.631071" lon="13.4618"><ele>50.75</ele></trkpt>
   <trkpt lat="52.631433" lon="13.461916"><ele>50.75</ele></trkpt>
   <trkpt lat="52.631484" lon="13.461909"><ele>50.75</ele></trkpt>
   <trkpt lat="52.631542" lon="13.461878"><ele>50.75</ele></trkpt>
   <trkpt lat="52.631823" lon="13.46179"><ele>50.5</ele></trkpt>
   <trkpt lat="52.632026" lon="13.461647"><ele>50.25</ele></trkpt>
   <trkpt lat="52.632599" lon="13.461279"><ele>51</ele></trkpt>
   <trkpt lat="52.632672" lon="13.461242"><ele>51</ele></trkpt>
   <trkpt lat="52.632727" lon="13.461266"><ele>51</ele></trkpt>
   <trkpt lat="52.633044" lon="13.461873"><ele>52.25</ele></trkpt>
   <trkpt lat="52.633299" lon="13.461905"><ele>51.25</ele></trkpt>
   <trkpt lat="52.633548" lon="13.461747"><ele>51.75</ele></trkpt>
   <trkpt lat="52.633932" lon="13.461565"><ele>51.25</ele></trkpt>
   <trkpt lat="52.63401" lon="13.461513"><ele>51</ele></trkpt>
   <trkpt lat="52.634303" lon="13.461357"><ele>51.25</ele></trkpt>
   <trkpt lat="52.636483" lon="13.460264"><ele>51.75</ele></trkpt>
   <trkpt lat="52.636911" lon="13.460637"><ele>51.25</ele></trkpt>
   <trkpt lat="52.636947" lon="13.460668"><ele>51.25</ele></trkpt>
   <trkpt lat="52.637002" lon="13.460716"><ele>51.25</ele></trkpt>
   <trkpt lat="52.63946" lon="13.462847"><ele>54</ele></trkpt>
   <trkpt lat="52.64085" lon="13.464078"><ele>53.5</ele></trkpt>
   <trkpt lat="52.643039" lon="13.466356"><ele>53</ele></trkpt>
   <trkpt lat="52.643597" lon="13.466955"><ele>52.75</ele></trkpt>
   <trkpt lat="52.644238" lon="13.467621"><ele>52.25</ele></trkpt>
   <trkpt lat="52.645211" lon="13.468669"><ele>52</ele></trkpt>
   <trkpt lat="52.645304" lon="13.468738"><ele>52</ele></trkpt>
   <trkpt lat="52.645325" lon="13.468746"><ele>52</ele></trkpt>
   <trkpt lat="52.645391" lon="13.468764"><ele>52</ele></trkpt>
   <trkpt lat="52.645405" lon="13.468571"><ele>52.5</ele></trkpt>
   <trkpt lat="52.646121" lon="13.468679"><ele>52.75</ele></trkpt>
   <trkpt lat="52.646665" lon="13.468802"><ele>52.25</ele></trkpt>
   <trkpt lat="52.647186" lon="13.469024"><ele>52.25</ele></trkpt>
   <trkpt lat="52.649141" lon="13.469905"><ele>52</ele></trkpt>
   <trkpt lat="52.649522" lon="13.470233"><ele>52</ele></trkpt>
   <trkpt lat="52.650158" lon="13.470893"><ele>52</ele></trkpt>
   <trkpt lat="52.650632" lon="13.471399"><ele>53</ele></trkpt>
   <trkpt lat="52.650775" lon="13.471434"><ele>53</ele></trkpt>
   <trkpt lat="52.650994" lon="13.471525"><ele>52.5</ele></trkpt>
   <trkpt lat="52.651269" lon="13.471709"><ele>53</ele></trkpt>
   <trkpt lat="52.651671" lon="13.471926"><ele>53</ele></trkpt>
   <trkpt lat="52.652024" lon="13.472079"><ele>53</ele></trkpt>
   <trkpt lat="52.652025" lon="13.472148"><ele>53</ele></trkpt>
   <trkpt lat="52.652015" lon="13.472222"><ele>53</ele></trkpt>
   <trkpt lat="52.651965" lon="13.472468"><ele>53</ele></trkpt>
   <trkpt lat="52.651942" lon="13.472615"><ele>53.25</ele></trkpt>
   <trkpt lat="52.651936" lon="13.47269"><ele>53.5</ele></trkpt>
   <trkpt lat="52.651945" lon="13.472753"><ele>53.75</ele></trkpt>
   <trkpt lat="52.651968" lon="13.472811"><ele>54</ele></trkpt>
   <trkpt lat="52.651998" lon="13.47286"><ele>54</ele></trkpt>
   <trkpt lat="52.652372" lon="13.473159"><ele>54</ele></trkpt>
   <trkpt lat="52.652467" lon="13.473255"><ele>54</ele></trkpt>
   <trkpt lat="52.652622" lon="13.473558"><ele>54</ele></trkpt>
   <trkpt lat="52.653142" lon="13.47473"><ele>55</ele></trkpt>
   <trkpt lat="52.654165" lon="13.477066"><ele>56</ele></trkpt>
   <trkpt lat="52.654319" lon="13.477413"><ele>56.75</ele></trkpt>
   <trkpt lat="52.654412" lon="13.477543"><ele>57</ele></trkpt>
   <trkpt lat="52.654468" lon="13.477601"><ele>57</ele></trkpt>
   <trkpt lat="52.655698" lon="13.478156"><ele>56.25</ele></trkpt>
   <trkpt lat="52.656079" lon="13.47806"><ele>54</ele></trkpt>
   <trkpt lat="52.656194" lon="13.478029"><ele>54</ele></trkpt>
   <trkpt lat="52.656403" lon="13.477967"><ele>54.5</ele></trkpt>
   <trkpt lat="52.656621" lon="13.477948"><ele>55.75</ele></trkpt>
   <trkpt lat="52.656671" lon="13.479876"><ele>56</ele></trkpt>
   <trkpt lat="52.656717" lon="13.481368"><ele>56.75</ele></trkpt>
   <trkpt lat="52.656727" lon="13.481602"><ele>56.75</ele></trkpt>
   <trkpt lat="52.656776" lon="13.48165"><ele>56.5</ele></trkpt>
   <trkpt lat="52.656861" lon="13.481714"><ele>56.25</ele></trkpt>
   <trkpt lat="52.656973" lon="13.481849"><ele>56</ele></trkpt>
   <trkpt lat="52.657129" lon="13.482069"><ele>56.75</ele></trkpt>
   <trkpt lat="52.657289" lon="13.482213"><ele>56.75</ele></trkpt>
   <trkpt lat="52.657482" lon="13.482357"><ele>56</ele></trkpt>
   <trkpt lat="52.657628" lon="13.482486"><ele>56</ele></trkpt>
   <trkpt lat="52.658088" lon="13.483013"><ele>57</ele></trkpt>
   <trkpt lat="52.658269" lon="13.483196"><ele>56.75</ele></trkpt>
   <trkpt lat="52.658401" lon="13.483296"><ele>57</ele></trkpt>
   <trkpt lat="52.65853" lon="13.483329"><ele>57</ele></trkpt>
   <trkpt lat="52.659151" lon="13.483521"><ele>58.5</ele></trkpt>
   <trkpt lat="52.659782" lon="13.483735"><ele>59</ele></trkpt>
   <trkpt lat="52.659843" lon="13.483748"><ele>59</ele></trkpt>
   <trkpt lat="52.660371" lon="13.483859"><ele>58.75</ele></trkpt>
   <trkpt lat="52.66136" lon="13.484161"><ele>59</ele></trkpt>
   <trkpt lat="52.662115" lon="13.484335"><ele>59</ele></trkpt>
   <trkpt lat="52.662174" lon="13.484352"><ele>59</ele></trkpt>
   <trkpt lat="52.662377" lon="13.484388"><ele>59</ele></trkpt>
   <trkpt lat="52.662452" lon="13.484421"><ele>59</ele></trkpt>
   <trkpt lat="52.662745" lon="13.484515"><ele>57.75</ele></trkpt>
   <trkpt lat="52.66297" lon="13.48463"><ele>57</ele></trkpt>
   <trkpt lat="52.663508" lon="13.484727"><ele>58.5</ele></trkpt>
   <trkpt lat="52.664141" lon="13.484925"><ele>59</ele></trkpt>
   <trkpt lat="52.66454" lon="13.485051"><ele>59.75</ele></trkpt>
   <trkpt lat="52.66482" lon="13.485152"><ele>60</ele></trkpt>
   <trkpt lat="52.665345" lon="13.485309"><ele>60.75</ele></trkpt>
   <trkpt lat="52.665506" lon="13.485345"><ele>60.75</ele></trkpt>
   <trkpt lat="52.665759" lon="13.485409"><ele>60.75</ele></trkpt>
   <trkpt lat="52.666548" lon="13.485617"><ele>61</ele></trkpt>
   <trkpt lat="52.666729" lon="13.485672"><ele>61</ele></trkpt>
   <trkpt lat="52.666903" lon="13.485739"><ele>60.75</ele></trkpt>
   <trkpt lat="52.667138" lon="13.485801"><ele>60.25</ele></trkpt>
   <trkpt lat="52.667337" lon="13.485818"><ele>60</ele></trkpt>
   <trkpt lat="52.668108" lon="13.486025"><ele>60</ele></trkpt>
   <trkpt lat="52.668206" lon="13.486011"><ele>60</ele></trkpt>
   <trkpt lat="52.668347" lon="13.485979"><ele>60</ele></trkpt>
   <trkpt lat="52.668495" lon="13.485912"><ele>60</ele></trkpt>
   <trkpt lat="52.66937" lon="13.485127"><ele>61</ele></trkpt>
   <trkpt lat="52.669443" lon="13.48504"><ele>61</ele></trkpt>
   <trkpt lat="52.670751" lon="13.483921"><ele>60.5</ele></trkpt>
   <trkpt lat="52.671241" lon="13.483466"><ele>61.5</ele></trkpt>
   <trkpt lat="52.672723" lon="13.482096"><ele>62</ele></trkpt>
   <trkpt lat="52.673157" lon="13.481716"><ele>61</ele></trkpt>
   <trkpt lat="52.674022" lon="13.480937"><ele>59.25</ele></trkpt>
   <trkpt lat="52.674829" lon="13.480244"><ele>58.5</ele></trkpt>
   <trkpt lat="52.674886" lon="13.480203"><ele>58.25</ele></trkpt>
   <trkpt lat="52.674977" lon="13.480118"><ele>58.5</ele></trkpt>
   <trkpt lat="52.675878" lon="13.479367"><ele>60</ele></trkpt>
   <trkpt lat="52.676791" lon="13.478629"><ele>60.5</ele></trkpt>
   <trkpt lat="52.677334" lon="13.478312"><ele>60.75</ele></trkpt>
   <trkpt lat="52.677993" lon="13.477865"><ele>61</ele></trkpt>
   <trkpt lat="52.678008" lon="13.477855"><ele>61</ele></trkpt>
   <trkpt lat="52.678142" lon="13.477761"><ele>61</ele></trkpt>
   <trkpt lat="52.6785" lon="13.477517"><ele>61.75</ele></trkpt>
   <trkpt lat="52.678713" lon="13.477376"><ele>62</ele></trkpt>
   <trkpt lat="52.678845" lon="13.477288"><ele>62</ele></trkpt>
   <trkpt lat="52.679111" lon="13.477101"><ele>61</ele></trkpt>
   <trkpt lat="52.679322" lon="13.476946"><ele>61.5</ele></trkpt>
   <trkpt lat="52.679449" lon="13.476852"><ele>61.5</ele></trkpt>
   <trkpt lat="52.679941" lon="13.476562"><ele>61</ele></trkpt>
   <trkpt lat="52.680193" lon="13.476479"><ele>60.5</ele></trkpt>
   <trkpt lat="52.680408" lon="13.476412"><ele>60</ele></trkpt>
   <trkpt lat="52.680545" lon="13.476388"><ele>60</ele></trkpt>
   <trkpt lat="52.680845" lon="13.476216"><ele>60</ele></trkpt>
   <trkpt lat="52.681279" lon="13.475914"><ele>60</ele></trkpt>
   <trkpt lat="52.681739" lon="13.475624"><ele>59.25</ele></trkpt>
   <trkpt lat="52.682119" lon="13.475334"><ele>60</ele></trkpt>
   <trkpt lat="52.682407" lon="13.475176"><ele>60</ele></trkpt>
   <trkpt lat="52.682489" lon="13.475171"><ele>60</ele></trkpt>
   <trkpt lat="52.682582" lon="13.475191"><ele>60</ele></trkpt>
   <trkpt lat="52.682664" lon="13.475216"><ele>60</ele></trkpt>
   <trkpt lat="52.683237" lon="13.47536"><ele>61</ele></trkpt>
   <trkpt lat="52.683535" lon="13.475394"><ele>61.5</ele></trkpt>
   <trkpt lat="52.684327" lon="13.475536"><ele>61</ele></trkpt>
   <trkpt lat="52.684371" lon="13.475546"><ele>61</ele></trkpt>
   <trkpt lat="52.684524" lon="13.475574"><ele>61</ele></trkpt>
   <trkpt lat="52.684583" lon="13.475596"><ele>61</ele></trkpt>
   <trkpt lat="52.685193" lon="13.47568"><ele>62</ele></trkpt>
   <trkpt lat="52.685806" lon="13.475787"><ele>61</ele></trkpt>
   <trkpt lat="52.686421" lon="13.475892"><ele>62</ele></trkpt>
   <trkpt lat="52.686442" lon="13.475896"><ele>62</ele></trkpt>
   <trkpt lat="52.687899" lon="13.476133"><ele>64</ele></trkpt>
   <trkpt lat="52.688441" lon="13.476224"><ele>64</ele></trkpt>
   <trkpt lat="52.689651" lon="13.476453"><ele>64.5</ele></trkpt>
   <trkpt lat="52.690693" lon="13.476637"><ele>64.75</ele></trkpt>
   <trkpt lat="52.69683" lon="13.477736"><ele>66</ele></trkpt>
   <trkpt lat="52.697081" lon="13.477785"><ele>66</ele></trkpt>
   <trkpt lat="52.698064" lon="13.477975"><ele>66</ele></trkpt>
   <trkpt lat="52.698413" lon="13.47787"><ele>66</ele></trkpt>
   <trkpt lat="52.698777" lon="13.478113"><ele>66.5</ele></trkpt>
   <trkpt lat="52.70058" lon="13.478427"><ele>66.75</ele></trkpt>
   <trkpt lat="52.704001" lon="13.479022"><ele>67</ele></trkpt>
   <trkpt lat="52.705498" lon="13.479292"><ele>67</ele></trkpt>
   <trkpt lat="52.7059" lon="13.479385"><ele>67</ele></trkpt>
   <trkpt lat="52.70617" lon="13.479438"><ele>67</ele></trkpt>
   <trkpt lat="52.708185" lon="13.479837"><ele>68</ele></trkpt>
   <trkpt lat="52.710031" lon="13.480131"><ele>69</ele></trkpt>
   <trkpt lat="52.710477" lon="13.48025"><ele>69</ele></trkpt>
   <trkpt lat="52.711075" lon="13.480318"><ele>69</ele></trkpt>
   <trkpt lat="52.711205" lon="13.480254"><ele>68.5</ele></trkpt>
   <trkpt lat="52.712965" lon="13.478519"><ele>69</ele></trkpt>
   <trkpt lat="52.714134" lon="13.477513"><ele>68</ele></trkpt>
   <trkpt lat="52.715705" lon="13.477719"><ele>69</ele></trkpt>
   <trkpt lat="52.716402" lon="13.477856"><ele>69</ele></trkpt>
   <trkpt lat="52.716616" lon="13.477891"><ele>69</ele></trkpt>
   <trkpt lat="52.716832" lon="13.47791"><ele>69</ele></trkpt>
   <trkpt lat="52.716971" lon="13.477844"><ele>69</ele></trkpt>
   <trkpt lat="52.717099" lon="13.477737"><ele>69</ele></trkpt>
   <trkpt lat="52.717487" lon="13.4774"><ele>69</ele></trkpt>
   <trkpt lat="52.718192" lon="13.476867"><ele>69</ele></trkpt>
   <trkpt lat="52.718609" lon="13.476456"><ele>68.75</ele></trkpt>
   <trkpt lat="52.71909" lon="13.476098"><ele>68</ele></trkpt>
   <trkpt lat="52.719366" lon="13.47577"><ele>68</ele></trkpt>
   <trkpt lat="52.71967" lon="13.475571"><ele>68.75</ele></trkpt>
   <trkpt lat="52.720092" lon="13.475351"><ele>69</ele></trkpt>
   <trkpt lat="52.721129" lon="13.474614"><ele>69</ele></trkpt>
   <trkpt lat="52.721505" lon="13.474477"><ele>70</ele></trkpt>
   <trkpt lat="52.721686" lon="13.474489"><ele>70</ele></trkpt>
   <trkpt lat="52.721808" lon="13.474511"><ele>70</ele></trkpt>
   <trkpt lat="52.722022" lon="13.474491"><ele>69.5</ele></trkpt>
   <trkpt lat="52.723035" lon="13.474174"><ele>68</ele></trkpt>
   <trkpt lat="52.723945" lon="13.473996"><ele>66.75</ele></trkpt>
   <trkpt lat="52.724075" lon="13.473959"><ele>66.25</ele></trkpt>
   <trkpt lat="52.724756" lon="13.473893"><ele>66</ele></trkpt>
   <trkpt lat="52.72502" lon="13.473833"><ele>66</ele></trkpt>
   <trkpt lat="52.725138" lon="13.473795"><ele>66.25</ele></trkpt>
   <trkpt lat="52.725334" lon="13.473732"><ele>66.5</ele></trkpt>
   <trkpt lat="52.725508" lon="13.473635"><ele>66.75</ele></trkpt>
   <trkpt lat="52.725733" lon="13.473549"><ele>67</ele></trkpt>
   <trkpt lat="52.72635" lon="13.47338"><ele>67</ele></trkpt>
   <trkpt lat="52.726711" lon="13.473138"><ele>68</ele></trkpt>
   <trkpt lat="52.726964" lon="13.472919"><ele>67.75</ele></trkpt>
   <trkpt lat="52.727335" lon="13.472538"><ele>67.5</ele></trkpt>
   <trkpt lat="52.727409" lon="13.47249"><ele>67.25</ele></trkpt>
   <trkpt lat="52.727792" lon="13.472304"><ele>67</ele></trkpt>
   <trkpt lat="52.728715" lon="13.471938"><ele>67.75</ele></trkpt>
   <trkpt lat="52.729107" lon="13.471658"><ele>67</ele></trkpt>
   <trkpt lat="52.729312" lon="13.471511"><ele>67.5</ele></trkpt>
   <trkpt lat="52.731135" lon="13.470453"><ele>68</ele></trkpt>
   <trkpt lat="52.732032" lon="13.469996"><ele>67</ele></trkpt>
   <trkpt lat="52.73266" lon="13.469691"><ele>67</ele></trkpt>
   <trkpt lat="52.732737" lon="13.469664"><ele>67</ele></trkpt>
   <trkpt lat="52.733294" lon="13.470649"><ele>68.25</ele></trkpt>
   <trkpt lat="52.733758" lon="13.471217"><ele>70</ele></trkpt>
   <trkpt lat="52.734236" lon="13.471903"><ele>71</ele></trkpt>
   <trkpt lat="52.734519" lon="13.47247"><ele>72</ele></trkpt>
   <trkpt lat="52.734773" lon="13.473098"><ele>72.75</ele></trkpt>
   <trkpt lat="52.734976" lon="13.473831"><ele>73.75</ele></trkpt>
   <trkpt lat="52.735931" lon="13.476348"><ele>75.5</ele></trkpt>
   <trkpt lat="52.736722" lon="13.475351"><ele>75.25</ele></trkpt>
   <trkpt lat="52.737455" lon="13.474845"><ele>73</ele></trkpt>
   <trkpt lat="52.738162" lon="13.474576"><ele>69.75</ele></trkpt>
   <trkpt lat="52.738757" lon="13.474765"><ele>67.5</ele></trkpt>
   <trkpt lat="52.738893" lon="13.475144"><ele>67.5</ele></trkpt>
   <trkpt lat="52.739101" lon="13.47542"><ele>66.5</ele></trkpt>
   <trkpt lat="52.739341" lon="13.475524"><ele>65.25</ele></trkpt>
   <trkpt lat="52.739652" lon="13.475473"><ele>64</ele></trkpt>
   <trkpt lat="52.739733" lon="13.475445"><ele>63.75</ele></trkpt>
   <trkpt lat="52.73997" lon="13.475331"><ele>63.5</ele></trkpt>
   <trkpt lat="52.740904" lon="13.474597"><ele>69.5</ele></trkpt>
   <trkpt lat="52.741164" lon="13.475049"><ele>71</ele></trkpt>
   <trkpt lat="52.741483" lon="13.475221"><ele>70.5</ele></trkpt>
   <trkpt lat="52.741663" lon="13.475252"><ele>70</ele></trkpt>
   <trkpt lat="52.742364" lon="13.475695"><ele>65.5</ele></trkpt>
   <trkpt lat="52.742797" lon="13.476013"><ele>64.25</ele></trkpt>
   <trkpt lat="52.742835" lon="13.476093"><ele>63.75</ele></trkpt>
   <trkpt lat="52.742886" lon="13.47618"><ele>63.5</ele></trkpt>
   <trkpt lat="52.742922" lon="13.476203"><ele>63.25</ele></trkpt>
   <trkpt lat="52.743093" lon="13.476592"><ele>62</ele></trkpt>
   <trkpt lat="52.743206" lon="13.476824"><ele>61.5</ele></trkpt>
   <trkpt lat="52.74325" lon="13.476904"><ele>61.25</ele></trkpt>
   <trkpt lat="52.743303" lon="13.477052"><ele>60.5</ele></trkpt>
   <trkpt lat="52.743382" lon="13.477445"><ele>59</ele></trkpt>
   <trkpt lat="52.743429" lon="13.477585"><ele>59</ele></trkpt>
   <trkpt lat="52.743543" lon="13.47787"><ele>59</ele></trkpt>
   <trkpt lat="52.744658" lon="13.47868"><ele>59</ele></trkpt>
   <trkpt lat="52.745233" lon="13.479235"><ele>58</ele></trkpt>
   <trkpt lat="52.745478" lon="13.479481"><ele>58</ele></trkpt>
   <trkpt lat="52.746067" lon="13.480121"><ele>58</ele></trkpt>
   <trkpt lat="52.74645" lon="13.480804"><ele>56.25</ele></trkpt>
   <trkpt lat="52.746451" lon="13.480858"><ele>56</ele></trkpt>
   <trkpt lat="52.746492" lon="13.481812"><ele>56.25</ele></trkpt>
   <trkpt lat="52.746707" lon="13.482888"><ele>55</ele></trkpt>
   <trkpt lat="52.746689" lon="13.483593"><ele>56.75</ele></trkpt>
   <trkpt lat="52.746658" lon="13.483878"><ele>57</ele></trkpt>
   <trkpt lat="52.746723" lon="13.484709"><ele>56.25</ele></trkpt>
   <trkpt lat="52.747119" lon="13.485782"><ele>55</ele></trkpt>
   <trkpt lat="52.74697" lon="13.487263"><ele>56.75</ele></trkpt>
   <trkpt lat="52.747035" lon="13.488379"><ele>53.5</ele></trkpt>
   <trkpt lat="52.7471" lon="13.488914"><ele>53.25</ele></trkpt>
   <trkpt lat="52.747116" lon="13.489421"><ele>52.75</ele></trkpt>
   <trkpt lat="52.748663" lon="13.489914"><ele>53.25</ele></trkpt>
   <trkpt lat="52.749122" lon="13.489851"><ele>53.75</ele></trkpt>
   <trkpt lat="52.749176" lon="13.489811"><ele>53.75</ele></trkpt>
   <trkpt lat="52.749339" lon="13.489919"><ele>53</ele></trkpt>
   <trkpt lat="52.749317" lon="13.490081"><ele>52.75</ele></trkpt>
   <trkpt lat="52.749328" lon="13.490216"><ele>52.75</ele></trkpt>
   <trkpt lat="52.749551" lon="13.49125"><ele>53.25</ele></trkpt>
   <trkpt lat="52.749703" lon="13.491898"><ele>54.75</ele></trkpt>
   <trkpt lat="52.749867" lon="13.492351"><ele>56.25</ele></trkpt>
   <trkpt lat="52.750091" lon="13.492831"><ele>55.5</ele></trkpt>
   <trkpt lat="52.750262" lon="13.493128"><ele>54.25</ele></trkpt>
   <trkpt lat="52.750337" lon="13.493255"><ele>54.5</ele></trkpt>
   <trkpt lat="52.750425" lon="13.493341"><ele>54.25</ele></trkpt>
   <trkpt lat="52.75089" lon="13.493804"><ele>53.25</ele></trkpt>
   <trkpt lat="52.751621" lon="13.494406"><ele>56.75</ele></trkpt>
   <trkpt lat="52.751818" lon="13.494582"><ele>56.75</ele></trkpt>
   <trkpt lat="52.752029" lon="13.494811"><ele>56.75</ele></trkpt>
   <trkpt lat="52.752161" lon="13.495017"><ele>56.75</ele></trkpt>
   <trkpt lat="52.75223" lon="13.495332"><ele>56.75</ele></trkpt>
   <trkpt lat="52.752435" lon="13.49547"><ele>57.5</ele></trkpt>
   <trkpt lat="52.752944" lon="13.495761"><ele>60</ele></trkpt>
   <trkpt lat="52.753008" lon="13.495875"><ele>60</ele></trkpt>
   <trkpt lat="52.75311" lon="13.496032"><ele>60</ele></trkpt>
   <trkpt lat="52.753486" lon="13.49624"><ele>61.25</ele></trkpt>
   <trkpt lat="52.753686" lon="13.496284"><ele>61.25</ele></trkpt>
   <trkpt lat="52.754277" lon="13.496519"><ele>60.75</ele></trkpt>
   <trkpt lat="52.755391" lon="13.496764"><ele>58.75</ele></trkpt>
   <trkpt lat="52.755503" lon="13.496789"><ele>58.75</ele></trkpt>
   <trkpt lat="52.756499" lon="13.497258"><ele>58</ele></trkpt>
   <trkpt lat="52.757026" lon="13.497722"><ele>59</ele></trkpt>
   <trkpt lat="52.75895" lon="13.498362"><ele>60</ele></trkpt>
   <trkpt lat="52.759611" lon="13.498824"><ele>60</ele></trkpt>
   <trkpt lat="52.760883" lon="13.49989"><ele>62</ele></trkpt>
   <trkpt lat="52.762406" lon="13.502091"><ele>61.25</ele></trkpt>
   <trkpt lat="52.762846" lon="13.502466"><ele>61.25</ele></trkpt>
   <trkpt lat="52.764724" lon="13.503383"><ele>57</ele></trkpt>
   <trkpt lat="52.769578" lon="13.505486"><ele>57</ele></trkpt>
   <trkpt lat="52.770579" lon="13.50596"><ele>57.75</ele></trkpt>
   <trkpt lat="52.770655" lon="13.505976"><ele>57.75</ele></trkpt>
   <trkpt lat="52.770845" lon="13.506018"><ele>57.25</ele></trkpt>
   <trkpt lat="52.773626" lon="13.507262"><ele>56</ele></trkpt>
   <trkpt lat="52.773983" lon="13.506809"><ele>59</ele></trkpt>
   <trkpt lat="52.774111" lon="13.506638"><ele>58.75</ele></trkpt>
   <trkpt lat="52.774453" lon="13.506182"><ele>57.75</ele></trkpt>
   <trkpt lat="52.775435" lon="13.504979"><ele>54</ele></trkpt>
   <trkpt lat="52.775802" lon="13.505498"><ele>54.75</ele></trkpt>
   <trkpt lat="52.776767" lon="13.507105"><ele>54.25</ele></trkpt>
   <trkpt lat="52.777162" lon="13.507775"><ele>54</ele></trkpt>
   <trkpt lat="52.777444" lon="13.508367"><ele>54.75</ele></trkpt>
   <trkpt lat="52.777729" lon="13.508928"><ele>53.25</ele></trkpt>
   <trkpt lat="52.77777" lon="13.509257"><ele>53</ele></trkpt>
   <trkpt lat="52.777843" lon="13.509564"><ele>53.5</ele></trkpt>
   <trkpt lat="52.778159" lon="13.510617"><ele>53.5</ele></trkpt>
   <trkpt lat="52.778515" lon="13.51173"><ele>54</ele></trkpt>
   <trkpt lat="52.778941" lon="13.512713"><ele>52</ele></trkpt>
   <trkpt lat="52.779149" lon="13.513683"><ele>48.75</ele></trkpt>
   <trkpt lat="52.779244" lon="13.514002"><ele>49.25</ele></trkpt>
   <trkpt lat="52.779308" lon="13.51451"><ele>51.5</ele></trkpt>
   <trkpt lat="52.779657" lon="13.515872"><ele>54.75</ele></trkpt>
   <trkpt lat="52.779854" lon="13.516304"><ele>55.5</ele></trkpt>
   <trkpt lat="52.779883" lon="13.516367"><ele>55.75</ele></trkpt>
   <trkpt lat="52.781336" lon="13.517872"><ele>55.25</ele></trkpt>
   <trkpt lat="52.780834" lon="13.521033"><ele>56</ele></trkpt>
   <trkpt lat="52.779529" lon="13.529237"><ele>57</ele></trkpt>
   <trkpt lat="52.77954" lon="13.529249"><ele>57</ele></trkpt>
   <trkpt lat="52.779938" lon="13.529562"><ele>57.5</ele></trkpt>
   <trkpt lat="52.780419" lon="13.530329"><ele>59</ele></trkpt>
   <trkpt lat="52.780977" lon="13.531242"><ele>58.25</ele></trkpt>
   <trkpt lat="52.781285" lon="13.531912"><ele>59.75</ele></trkpt>
   <trkpt lat="52.781632" lon="13.53341"><ele>60.5</ele></trkpt>
   <trkpt lat="52.782107" lon="13.534508"><ele>61.5</ele></trkpt>
   <trkpt lat="52.782363" lon="13.534932"><ele>62</ele></trkpt>
   <trkpt lat="52.782736" lon="13.536483"><ele>64.75</ele></trkpt>
   <trkpt lat="52.782752" lon="13.536759"><ele>65.25</ele></trkpt>
   <trkpt lat="52.782751" lon="13.536865"><ele>65.75</ele></trkpt>
   <trkpt lat="52.782775" lon="13.537388"><ele>67</ele></trkpt>
   <trkpt lat="52.783011" lon="13.537874"><ele>68</ele></trkpt>
   <trkpt lat="52.783349" lon="13.538673"><ele>68</ele></trkpt>
   <trkpt lat="52.78335" lon="13.538767"><ele>68</ele></trkpt>
   <trkpt lat="52.783317" lon="13.539594"><ele>67.75</ele></trkpt>
   <trkpt lat="52.783355" lon="13.539971"><ele>68</ele></trkpt>
   <trkpt lat="52.783743" lon="13.5412"><ele>68</ele></trkpt>
   <trkpt lat="52.783781" lon="13.541453"><ele>68.5</ele></trkpt>
   <trkpt lat="52.783994" lon="13.54247"><ele>65.75</ele></trkpt>
   <trkpt lat="52.784287" lon="13.543275"><ele>66</ele></trkpt>
   <trkpt lat="52.784659" lon="13.54395"><ele>62.75</ele></trkpt>
   <trkpt lat="52.785277" lon="13.54471"><ele>64.75</ele></trkpt>
   <trkpt lat="52.785546" lon="13.544948"><ele>65.75</ele></trkpt>
   <trkpt lat="52.785944" lon="13.545483"><ele>70</ele></trkpt>
   <trkpt lat="52.786525" lon="13.545932"><ele>71</ele></trkpt>
   <trkpt lat="52.786457" lon="13.545919"><ele>71</ele></trkpt>
   <trkpt lat="52.786532" lon="13.546458"><ele>70.75</ele></trkpt>
   <trkpt lat="52.786577" lon="13.546622"><ele>70.25</ele></trkpt>
   <trkpt lat="52.786699" lon="13.546996"><ele>67.25</ele></trkpt>
   <trkpt lat="52.786702" lon="13.54738"><ele>64.5</ele></trkpt>
   <trkpt lat="52.786744" lon="13.547697"><ele>63</ele></trkpt>
   <trkpt lat="52.78689" lon="13.548018"><ele>62.75</ele></trkpt>
   <trkpt lat="52.787023" lon="13.548635"><ele>58.75</ele></trkpt>
   <trkpt lat="52.786872" lon="13.54986"><ele>48</ele></trkpt>
   <trkpt lat="52.786866" lon="13.550164"><ele>47.25</ele></trkpt>
   <trkpt lat="52.786922" lon="13.550765"><ele>42.75</ele></trkpt>
   <trkpt lat="52.786984" lon="13.551237"><ele>38</ele></trkpt>
   <trkpt lat="52.787346" lon="13.551494"><ele>37.75</ele></trkpt>
   <trkpt lat="52.787816" lon="13.551512"><ele>38.5</ele></trkpt>
   <trkpt lat="52.788007" lon="13.551438"><ele>38</ele></trkpt>
   <trkpt lat="52.788189" lon="13.551393"><ele>37.75</ele></trkpt>
   <trkpt lat="52.788578" lon="13.551446"><ele>37.75</ele></trkpt>
   <trkpt lat="52.78828" lon="13.552716"><ele>36.75</ele></trkpt>
   <trkpt lat="52.788257" lon="13.552796"><ele>36.5</ele></trkpt>
   <trkpt lat="52.788133" lon="13.5533"><ele>36.5</ele></trkpt>
   <trkpt lat="52.787977" lon="13.553758"><ele>37</ele></trkpt>
   <trkpt lat="52.787909" lon="13.553929"><ele>37.5</ele></trkpt>
   <trkpt lat="52.787867" lon="13.554179"><ele>37.5</ele></trkpt>
   <trkpt lat="52.787865" lon="13.55442"><ele>37.75</ele></trkpt>
   <trkpt lat="52.788052" lon="13.554698"><ele>38.75</ele></trkpt>
   <trkpt lat="52.788212" lon="13.554935"><ele>39.5</ele></trkpt>
   <trkpt lat="52.788338" lon="13.555084"><ele>40.5</ele></trkpt>
   <trkpt lat="52.788482" lon="13.555219"><ele>41</ele></trkpt>
   <trkpt lat="52.788609" lon="13.555305"><ele>41</ele></trkpt>
   <trkpt lat="52.788789" lon="13.555454"><ele>41</ele></trkpt>
   <trkpt lat="52.788891" lon="13.555464"><ele>40.5</ele></trkpt>
   <trkpt lat="52.788964" lon="13.555446"><ele>40.5</ele></trkpt>
   <trkpt lat="52.789015" lon="13.555386"><ele>40.25</ele></trkpt>
   <trkpt lat="52.789099" lon="13.555504"><ele>40.75</ele></trkpt>
   <trkpt lat="52.789215" lon="13.555645"><ele>41.25</ele></trkpt>
   <trkpt lat="52.789658" lon="13.55605"><ele>42</ele></trkpt>
   <trkpt lat="52.789746" lon="13.556172"><ele>42</ele></trkpt>
   <trkpt lat="52.790175" lon="13.557104"><ele>46.75</ele></trkpt>
   <trkpt lat="52.790564" lon="13.557834"><ele>50.5</ele></trkpt>
   <trkpt lat="52.792407" lon="13.559593"><ele>50.25</ele></trkpt>
   <trkpt lat="52.793263" lon="13.559722"><ele>49.5</ele></trkpt>
   <trkpt lat="52.79412" lon="13.560729"><ele>47.5</ele></trkpt>
   <trkpt lat="52.794153" lon="13.560955"><ele>47</ele></trkpt>
   <trkpt lat="52.794142" lon="13.561094"><ele>47</ele></trkpt>
   <trkpt lat="52.794227" lon="13.561229"><ele>46.25</ele></trkpt>
   <trkpt lat="52.79417" lon="13.56182"><ele>46</ele></trkpt>
   <trkpt lat="52.794049" lon="13.561896"><ele>46.25</ele></trkpt>
   <trkpt lat="52.793858" lon="13.563177"><ele>44.5</ele></trkpt>
   <trkpt lat="52.79399" lon="13.565773"><ele>44.25</ele></trkpt>
   <trkpt lat="52.793938" lon="13.56749"><ele>44.25</ele></trkpt>
   <trkpt lat="52.794054" lon="13.567968"><ele>44.25</ele></trkpt>
   <trkpt lat="52.79421" lon="13.568739"><ele>44.25</ele></trkpt>
   <trkpt lat="52.794343" lon="13.568702"><ele>45.25</ele></trkpt>
   <trkpt lat="52.794516" lon="13.568736"><ele>46</ele></trkpt>
   <trkpt lat="52.794779" lon="13.568964"><ele>44.75</ele></trkpt>
   <trkpt lat="52.795743" lon="13.570712"><ele>45.5</ele></trkpt>
   <trkpt lat="52.796535" lon="13.572116"><ele>44.75</ele></trkpt>
   <trkpt lat="52.796876" lon="13.571887"><ele>44</ele></trkpt>
   <trkpt lat="52.797022" lon="13.571613"><ele>44</ele></trkpt>
   <trkpt lat="52.797011" lon="13.571722"><ele>44</ele></trkpt>
   <trkpt lat="52.79701" lon="13.572132"><ele>43.75</ele></trkpt>
   <trkpt lat="52.796877" lon="13.572815"><ele>44.5</ele></trkpt>
   <trkpt lat="52.797661" lon="13.574463"><ele>44</ele></trkpt>
   <trkpt lat="52.798544" lon="13.576482"><ele>44</ele></trkpt>
   <trkpt lat="52.799335" lon="13.578219"><ele>44.5</ele></trkpt>
   <trkpt lat="52.799753" lon="13.580417"><ele>44</ele></trkpt>
   <trkpt lat="52.800166" lon="13.582853"><ele>45.5</ele></trkpt>
   <trkpt lat="52.8003" lon="13.583013"><ele>44</ele></trkpt>
   <trkpt lat="52.801192" lon="13.58407"><ele>44</ele></trkpt>
   <trkpt lat="52.802955" lon="13.586206"><ele>43</ele></trkpt>
   <trkpt lat="52.804473" lon="13.588138"><ele>40.5</ele></trkpt>
   <trkpt lat="52.804883" lon="13.588685"><ele>40</ele></trkpt>
   <trkpt lat="52.807051" lon="13.591405"><ele>41.25</ele></trkpt>
   <trkpt lat="52.808289" lon="13.592882"><ele>40</ele></trkpt>
   <trkpt lat="52.808397" lon="13.593018"><ele>40</ele></trkpt>
   <trkpt lat="52.811761" lon="13.597356"><ele>38.5</ele></trkpt>
   <trkpt lat="52.812312" lon="13.598055"><ele>39</ele></trkpt>
   <trkpt lat="52.813146" lon="13.599072"><ele>38.5</ele></trkpt>
   <trkpt lat="52.813673" lon="13.599793"><ele>38.25</ele></trkpt>
   <trkpt lat="52.81387" lon="13.599916"><ele>38.75</ele></trkpt>
   <trkpt lat="52.816764" lon="13.600799"><ele>36</ele></trkpt>
   <trkpt lat="52.81714" lon="13.600879"><ele>36</ele></trkpt>
   <trkpt lat="52.817309" lon="13.60085"><ele>36</ele></trkpt>
   <trkpt lat="52.818345" lon="13.600374"><ele>35.5</ele></trkpt>
   <trkpt lat="52.818911" lon="13.600104"><ele>35</ele></trkpt>
   <trkpt lat="52.819166" lon="13.600005"><ele>35</ele></trkpt>
   <trkpt lat="52.820899" lon="13.599186"><ele>36</ele></trkpt>
   <trkpt lat="52.821052" lon="13.599017"><ele>37</ele></trkpt>
   <trkpt lat="52.821489" lon="13.598305"><ele>36.5</ele></trkpt>
   <trkpt lat="52.821937" lon="13.597442"><ele>34</ele></trkpt>
   <trkpt lat="52.822092" lon="13.59729"><ele>34</ele></trkpt>
   <trkpt lat="52.822533" lon="13.59673"><ele>35</ele></trkpt>
   <trkpt lat="52.823201" lon="13.596023"><ele>38.25</ele></trkpt>
   <trkpt lat="52.823438" lon="13.595886"><ele>39.25</ele></trkpt>
   <trkpt lat="52.823594" lon="13.595835"><ele>39.75</ele></trkpt>
   <trkpt lat="52.830604" lon="13.597054"><ele>38</ele></trkpt>
   <trkpt lat="52.832573" lon="13.59738"><ele>35.75</ele></trkpt>
   <trkpt lat="52.834425" lon="13.599732"><ele>35</ele></trkpt>
   <trkpt lat="52.835296" lon="13.600273"><ele>34.75</ele></trkpt>
   <trkpt lat="52.835852" lon="13.600419"><ele>35</ele></trkpt>
   <trkpt lat="52.836658" lon="13.599706"><ele>34</ele></trkpt>
   <trkpt lat="52.837433" lon="13.599024"><ele>34</ele></trkpt>
   <trkpt lat="52.838" lon="13.600779"><ele>34</ele></trkpt>
   <trkpt lat="52.838108" lon="13.601197"><ele>35</ele></trkpt>
   <trkpt lat="52.838185" lon="13.601162"><ele>35.25</ele></trkpt>
   <trkpt lat="52.838626" lon="13.600956"><ele>35.75</ele></trkpt>
   <trkpt lat="52.83868" lon="13.600928"><ele>35.75</ele></trkpt>
   <trkpt lat="52.838897" lon="13.600831"><ele>36.75</ele></trkpt>
   <trkpt lat="52.838932" lon="13.600814"><ele>36.5</ele></trkpt>
   <trkpt lat="52.83896" lon="13.60096"><ele>35</ele></trkpt>
   <trkpt lat="52.838985" lon="13.601025"><ele>34.25</ele></trkpt>
   <trkpt lat="52.839034" lon="13.601278"><ele>33.5</ele></trkpt>
   <trkpt lat="52.839502" lon="13.603211"><ele>33.5</ele></trkpt>
   <trkpt lat="52.839555" lon="13.603281"><ele>33.5</ele></trkpt>
   <trkpt lat="52.839888" lon="13.602927"><ele>34.25</ele></trkpt>
   <trkpt lat="52.839987" lon="13.602888"><ele>34.5</ele></trkpt>
   <trkpt lat="52.840081" lon="13.602889"><ele>34.5</ele></trkpt>
   <trkpt lat="52.84018" lon="13.602865"><ele>34.5</ele></trkpt>
   <trkpt lat="52.840929" lon="13.602469"><ele>35</ele></trkpt>
   <trkpt lat="52.841339" lon="13.602284"><ele>35</ele></trkpt>
   <trkpt lat="52.841415" lon="13.602298"><ele>35</ele></trkpt>
   <trkpt lat="52.841494" lon="13.60236"><ele>35.25</ele></trkpt>
   <trkpt lat="52.841562" lon="13.602464"><ele>35.5</ele></trkpt>
   <trkpt lat="52.841611" lon="13.60267"><ele>35.25</ele></trkpt>
   <trkpt lat="52.841651" lon="13.602827"><ele>35</ele></trkpt>
   <trkpt lat="52.841743" lon="13.603331"><ele>35.25</ele></trkpt>
   <trkpt lat="52.842384" lon="13.603058"><ele>36</ele></trkpt>
   <trkpt lat="52.842504" lon="13.603019"><ele>35.75</ele></trkpt>
   <trkpt lat="52.842529" lon="13.603363"><ele>35.75</ele></trkpt>
   <trkpt lat="52.842604" lon="13.604242"><ele>35</ele></trkpt>
   <trkpt lat="52.842624" lon="13.604482"><ele>35</ele></trkpt>
   <trkpt lat="52.842646" lon="13.604746"><ele>35</ele></trkpt>
   <trkpt lat="52.842666" lon="13.604965"><ele>35</ele></trkpt>
   <trkpt lat="52.842696" lon="13.605293"><ele>34.75</ele></trkpt>
   <trkpt lat="52.842738" lon="13.605684"><ele>34.25</ele></trkpt>
   <trkpt lat="52.842915" lon="13.607399"><ele>33.5</ele></trkpt>
   <trkpt lat="52.84296" lon="13.607564"><ele>33.25</ele></trkpt>
   <trkpt lat="52.843055" lon="13.607763"><ele>33.75</ele></trkpt>
   <trkpt lat="52.843145" lon="13.607879"><ele>33.75</ele></trkpt>
   <trkpt lat="52.845267" lon="13.609687"><ele>33.75</ele></trkpt>
   <trkpt lat="52.845385" lon="13.609832"><ele>34</ele></trkpt>
   <trkpt lat="52.84548" lon="13.610023"><ele>34</ele></trkpt>
   <trkpt lat="52.845574" lon="13.610251"><ele>34</ele></trkpt>
   <trkpt lat="52.845698" lon="13.610659"><ele>34.5</ele></trkpt>
   <trkpt lat="52.847273" lon="13.610433"><ele>33</ele></trkpt>
   <trkpt lat="52.847694" lon="13.610324"><ele>35.25</ele></trkpt>
   <trkpt lat="52.848154" lon="13.610187"><ele>37</ele></trkpt>
   <trkpt lat="52.84841" lon="13.610101"><ele>37</ele></trkpt>
   <trkpt lat="52.84868" lon="13.609952"><ele>37</ele></trkpt>
   <trkpt lat="52.848975" lon="13.609809"><ele>38</ele></trkpt>
   <trkpt lat="52.849157" lon="13.609655"><ele>37.75</ele></trkpt>
   <trkpt lat="52.84917" lon="13.609643"><ele>37.5</ele></trkpt>
   <trkpt lat="52.849283" lon="13.609985"><ele>38</ele></trkpt>
   <trkpt lat="52.8494" lon="13.610304"><ele>37.75</ele></trkpt>
   <trkpt lat="52.849786" lon="13.610902"><ele>38.25</ele></trkpt>
   <trkpt lat="52.850184" lon="13.611868"><ele>38.5</ele></trkpt>
   <trkpt lat="52.85032" lon="13.612125"><ele>37</ele></trkpt>
   <trkpt lat="52.850484" lon="13.612321"><ele>37.5</ele></trkpt>
   <trkpt lat="52.850733" lon="13.612481"><ele>36.5</ele></trkpt>
   <trkpt lat="52.851121" lon="13.612508"><ele>37.75</ele></trkpt>
   <trkpt lat="52.851123" lon="13.613497"><ele>37.75</ele></trkpt>
   <trkpt lat="52.851092" lon="13.614296"><ele>37.5</ele></trkpt>
   <trkpt lat="52.851561" lon="13.622625"><ele>35.75</ele></trkpt>
   <trkpt lat="52.851641" lon="13.623574"><ele>37.75</ele></trkpt>
   <trkpt lat="52.851734" lon="13.62471"><ele>37.25</ele></trkpt>
   <trkpt lat="52.851803" lon="13.625275"><ele>35.25</ele></trkpt>
   <trkpt lat="52.853039" lon="13.634306"><ele>35.75</ele></trkpt>
   <trkpt lat="52.853192" lon="13.635265"><ele>35.5</ele></trkpt>
   <trkpt lat="52.853272" lon="13.635943"><ele>35.25</ele></trkpt>
   <trkpt lat="52.854339" lon="13.643333"><ele>37</ele></trkpt>
   <trkpt lat="52.854667" lon="13.645889"><ele>37</ele></trkpt>
   <trkpt lat="52.854779" lon="13.647101"><ele>37.25</ele></trkpt>
   <trkpt lat="52.85487" lon="13.648315"><ele>37</ele></trkpt>
   <trkpt lat="52.85494" lon="13.650113"><ele>38.25</ele></trkpt>
   <trkpt lat="52.855109" lon="13.654409"><ele>38</ele></trkpt>
   <trkpt lat="52.85513" lon="13.654923"><ele>37.5</ele></trkpt>
   <trkpt lat="52.855265" lon="13.65856"><ele>37.25</ele></trkpt>
   <trkpt lat="52.855336" lon="13.66033"><ele>35.5</ele></trkpt>
   <trkpt lat="52.85554" lon="13.662899"><ele>36.75</ele></trkpt>
   <trkpt lat="52.855765" lon="13.664602"><ele>37</ele></trkpt>
   <trkpt lat="52.855923" lon="13.665663"><ele>37.25</ele></trkpt>
   <trkpt lat="52.856769" lon="13.67076"><ele>38</ele></trkpt>
   <trkpt lat="52.856801" lon="13.670952"><ele>38</ele></trkpt>
   <trkpt lat="52.856933" lon="13.671358"><ele>38</ele></trkpt>
   <trkpt lat="52.857093" lon="13.672325"><ele>38.25</ele></trkpt>
   <trkpt lat="52.857096" lon="13.672435"><ele>37.75</ele></trkpt>
   <trkpt lat="52.857101" lon="13.672684"><ele>37</ele></trkpt>
   <trkpt lat="52.857368" lon="13.674336"><ele>36</ele></trkpt>
   <trkpt lat="52.857557" lon="13.675441"><ele>37</ele></trkpt>
   <trkpt lat="52.857796" lon="13.676917"><ele>36</ele></trkpt>
   <trkpt lat="52.858604" lon="13.681645"><ele>38.75</ele></trkpt>
   <trkpt lat="52.858494" lon="13.681873"><ele>37.5</ele></trkpt>
   <trkpt lat="52.858409" lon="13.681898"><ele>36.75</ele></trkpt>
   <trkpt lat="52.858132" lon="13.681807"><ele>35.5</ele></trkpt>
   <trkpt lat="52.85722" lon="13.681133"><ele>34.75</ele></trkpt>
   <trkpt lat="52.857137" lon="13.681112"><ele>34.75</ele></trkpt>
   <trkpt lat="52.857099" lon="13.681118"><ele>34.75</ele></trkpt>
   <trkpt lat="52.857047" lon="13.681178"><ele>34.75</ele></trkpt>
   <trkpt lat="52.857156" lon="13.681229"><ele>34.75</ele></trkpt>
   <trkpt lat="52.857262" lon="13.681295"><ele>35</ele></trkpt>
   <trkpt lat="52.857364" lon="13.681388"><ele>35</ele></trkpt>
   <trkpt lat="52.857463" lon="13.6815"><ele>35.25</ele></trkpt>
   <trkpt lat="52.857609" lon="13.681695"><ele>35.5</ele></trkpt>
   <trkpt lat="52.857688" lon="13.681828"><ele>35.75</ele></trkpt>
   <trkpt lat="52.857765" lon="13.681973"><ele>36.75</ele></trkpt>
   <trkpt lat="52.857833" lon="13.682125"><ele>36.75</ele></trkpt>
   <trkpt lat="52.857892" lon="13.682277"><ele>36.75</ele></trkpt>
   <trkpt lat="52.857998" lon="13.682659"><ele>37.25</ele></trkpt>
   <trkpt lat="52.858055" lon="13.682927"><ele>37.75</ele></trkpt>
   <trkpt lat="52.858146" lon="13.683325"><ele>37</ele></trkpt>
   <trkpt lat="52.858188" lon="13.683445"><ele>37</ele></trkpt>
   <trkpt lat="52.858259" lon="13.683593"><ele>38.5</ele></trkpt>
   <trkpt lat="52.858325" lon="13.6837"><ele>39</ele></trkpt>
   <trkpt lat="52.858407" lon="13.683795"><ele>39.25</ele></trkpt>
   <trkpt lat="52.858579" lon="13.683933"><ele>40.75</ele></trkpt>
   <trkpt lat="52.858677" lon="13.683968"><ele>40.75</ele></trkpt>
   <trkpt lat="52.858765" lon="13.68398"><ele>41.25</ele></trkpt>
   <trkpt lat="52.858819" lon="13.683982"><ele>41.75</ele></trkpt>
   <trkpt lat="52.858897" lon="13.68397"><ele>42</ele></trkpt>
   <trkpt lat="52.858941" lon="13.684252"><ele>41.5</ele></trkpt>
   <trkpt lat="52.858938" lon="13.684531"><ele>40</ele></trkpt>
   <trkpt lat="52.858924" lon="13.684799"><ele>39.5</ele></trkpt>
   <trkpt lat="52.859192" lon="13.685786"><ele>38</ele></trkpt>
   <trkpt lat="52.85925" lon="13.685996"><ele>37</ele></trkpt>
   <trkpt lat="52.859295" lon="13.686233"><ele>36.25</ele></trkpt>
   <trkpt lat="52.859368" lon="13.68622"><ele>37</ele></trkpt>
   <trkpt lat="52.859585" lon="13.687503"><ele>36.5</ele></trkpt>
   <trkpt lat="52.860151" lon="13.690861"><ele>36.75</ele></trkpt>
   <trkpt lat="52.860503" lon="13.693225"><ele>35</ele></trkpt>
   <trkpt lat="52.860716" lon="13.695522"><ele>34.5</ele></trkpt>
   <trkpt lat="52.860802" lon="13.697408"><ele>35</ele></trkpt>
   <trkpt lat="52.860768" lon="13.699946"><ele>35</ele></trkpt>
   <trkpt lat="52.860627" lon="13.702086"><ele>35.75</ele></trkpt>
   <trkpt lat="52.860296" lon="13.705431"><ele>35</ele></trkpt>
   <trkpt lat="52.860202" lon="13.70638"><ele>35.5</ele></trkpt>
   <trkpt lat="52.860125" lon="13.706946"><ele>35.75</ele></trkpt>
   <trkpt lat="52.859989" lon="13.708288"><ele>35.75</ele></trkpt>
   <trkpt lat="52.859267" lon="13.715338"><ele>37</ele></trkpt>
   <trkpt lat="52.859235" lon="13.715789"><ele>37</ele></trkpt>
   <trkpt lat="52.858997" lon="13.718676"><ele>37.25</ele></trkpt>
   <trkpt lat="52.858946" lon="13.719229"><ele>38.75</ele></trkpt>
   <trkpt lat="52.858805" lon="13.720583"><ele>38.25</ele></trkpt>
   <trkpt lat="52.858664" lon="13.72203"><ele>37</ele></trkpt>
   <trkpt lat="52.858475" lon="13.723841"><ele>36.75</ele></trkpt>
   <trkpt lat="52.858376" lon="13.724708"><ele>36.25</ele></trkpt>
   <trkpt lat="52.858268" lon="13.725523"><ele>36.5</ele></trkpt>
   <trkpt lat="52.85816" lon="13.72616"><ele>36.5</ele></trkpt>
   <trkpt lat="52.857969" lon="13.727419"><ele>36.5</ele></trkpt>
   <trkpt lat="52.857855" lon="13.728084"><ele>34.75</ele></trkpt>
   <trkpt lat="52.857552" lon="13.727834"><ele>32.75</ele></trkpt>
   <trkpt lat="52.857385" lon="13.729"><ele>33.75</ele></trkpt>
   <trkpt lat="52.857377" lon="13.729653"><ele>35.5</ele></trkpt>
   <trkpt lat="52.857276" lon="13.73037"><ele>34.75</ele></trkpt>
   <trkpt lat="52.857048" lon="13.730946"><ele>35.75</ele></trkpt>
   <trkpt lat="52.856869" lon="13.731335"><ele>36.25</ele></trkpt>
   <trkpt lat="52.856811" lon="13.731665"><ele>36</ele></trkpt>
   <trkpt lat="52.856792" lon="13.732114"><ele>37.5</ele></trkpt>
   <trkpt lat="52.856577" lon="13.733175"><ele>37.25</ele></trkpt>
   <trkpt lat="52.856529" lon="13.733303"><ele>37.25</ele></trkpt>
   <trkpt lat="52.856281" lon="13.733304"><ele>38.5</ele></trkpt>
   <trkpt lat="52.856063" lon="13.733192"><ele>37.5</ele></trkpt>
   <trkpt lat="52.855687" lon="13.732779"><ele>38</ele></trkpt>
   <trkpt lat="52.855427" lon="13.732561"><ele>37.5</ele></trkpt>
   <trkpt lat="52.855342" lon="13.732573"><ele>38.25</ele></trkpt>
   <trkpt lat="52.855617" lon="13.733226"><ele>39.75</ele></trkpt>
   <trkpt lat="52.856178" lon="13.734618"><ele>42</ele></trkpt>
   <trkpt lat="52.856238" lon="13.734769"><ele>40.25</ele></trkpt>
   <trkpt lat="52.85671" lon="13.735945"><ele>39.25</ele></trkpt>
   <trkpt lat="52.856742" lon="13.736025"><ele>40</ele></trkpt>
   <trkpt lat="52.856773" lon="13.73606"><ele>39.75</ele></trkpt>
   <trkpt lat="52.856896" lon="13.736278"><ele>40</ele></trkpt>
   <trkpt lat="52.85691" lon="13.736285"><ele>40.25</ele></trkpt>
   <trkpt lat="52.856912" lon="13.736259"><ele>39.75</ele></trkpt>
   <trkpt lat="52.856811" lon="13.735904"><ele>37.25</ele></trkpt>
   <trkpt lat="52.856766" lon="13.735791"><ele>36.75</ele></trkpt>
   <trkpt lat="52.856724" lon="13.735713"><ele>37</ele></trkpt>
   <trkpt lat="52.85454" lon="13.744518"><ele>36.75</ele></trkpt>
   <trkpt lat="52.854265" lon="13.745795"><ele>36.5</ele></trkpt>
   <trkpt lat="52.853989" lon="13.74719"><ele>36.5</ele></trkpt>
   <trkpt lat="52.853827" lon="13.748236"><ele>37.25</ele></trkpt>
   <trkpt lat="52.853681" lon="13.749491"><ele>37</ele></trkpt>
   <trkpt lat="52.853555" lon="13.751031"><ele>37.75</ele></trkpt>
   <trkpt lat="52.853496" lon="13.752678"><ele>37</ele></trkpt>
   <trkpt lat="52.85349" lon="13.754813"><ele>37</ele></trkpt>
   <trkpt lat="52.853484" lon="13.755233"><ele>37.5</ele></trkpt>
   <trkpt lat="52.853457" lon="13.756345"><ele>37.75</ele></trkpt>
   <trkpt lat="52.853404" lon="13.757877"><ele>38.5</ele></trkpt>
   <trkpt lat="52.853397" lon="13.758311"><ele>38.25</ele></trkpt>
   <trkpt lat="52.853403" lon="13.760771"><ele>37.75</ele></trkpt>
   <trkpt lat="52.85339" lon="13.760959"><ele>37.75</ele></trkpt>
   <trkpt lat="52.853292" lon="13.76171"><ele>39</ele></trkpt>
   <trkpt lat="52.853279" lon="13.761994"><ele>40.75</ele></trkpt>
   <trkpt lat="52.853283" lon="13.762389"><ele>39.25</ele></trkpt>
   <trkpt lat="52.853279" lon="13.762604"><ele>38.5</ele></trkpt>
   <trkpt lat="52.853286" lon="13.76316"><ele>38.5</ele></trkpt>
   <trkpt lat="52.853392" lon="13.763908"><ele>38</ele></trkpt>
   <trkpt lat="52.8534" lon="13.765043"><ele>38</ele></trkpt>
   <trkpt lat="52.85339" lon="13.765996"><ele>38</ele></trkpt>
   <trkpt lat="52.85326" lon="13.766861"><ele>38.25</ele></trkpt>
   <trkpt lat="52.853273" lon="13.770021"><ele>38.5</ele></trkpt>
   <trkpt lat="52.853257" lon="13.770262"><ele>37.75</ele></trkpt>
   <trkpt lat="52.853277" lon="13.77067"><ele>37.75</ele></trkpt>
   <trkpt lat="52.853273" lon="13.773347"><ele>37.75</ele></trkpt>
   <trkpt lat="52.85327" lon="13.7753"><ele>37.75</ele></trkpt>
   <trkpt lat="52.853303" lon="13.775742"><ele>37.75</ele></trkpt>
   <trkpt lat="52.85327" lon="13.776179"><ele>37.75</ele></trkpt>
   <trkpt lat="52.85326" lon="13.776442"><ele>37.5</ele></trkpt>
   <trkpt lat="52.853263" lon="13.781206"><ele>37.5</ele></trkpt>
   <trkpt lat="52.853292" lon="13.78141"><ele>37.75</ele></trkpt>
   <trkpt lat="52.853367" lon="13.781645"><ele>37.75</ele></trkpt>
   <trkpt lat="52.853373" lon="13.781732"><ele>37.75</ele></trkpt>
   <trkpt lat="52.853335" lon="13.782118"><ele>37.75</ele></trkpt>
   <trkpt lat="52.85334" lon="13.788439"><ele>38</ele></trkpt>
   <trkpt lat="52.853344" lon="13.789612"><ele>38</ele></trkpt>
   <trkpt lat="52.853365" lon="13.789971"><ele>38</ele></trkpt>
   <trkpt lat="52.85337" lon="13.790567"><ele>38</ele></trkpt>
   <trkpt lat="52.853439" lon="13.791704"><ele>37.75</ele></trkpt>
   <trkpt lat="52.853656" lon="13.793807"><ele>37.5</ele></trkpt>
   <trkpt lat="52.85409" lon="13.796434"><ele>36.5</ele></trkpt>
   <trkpt lat="52.854254" lon="13.797325"><ele>36.25</ele></trkpt>
   <trkpt lat="52.854385" lon="13.798116"><ele>38.25</ele></trkpt>
   <trkpt lat="52.854481" lon="13.79878"><ele>37.75</ele></trkpt>
   <trkpt lat="52.854688" lon="13.80041"><ele>37.25</ele></trkpt>
   <trkpt lat="52.85486" lon="13.802229"><ele>36.5</ele></trkpt>
   <trkpt lat="52.854957" lon="13.803484"><ele>37.75</ele></trkpt>
   <trkpt lat="52.854982" lon="13.805081"><ele>37.75</ele></trkpt>
   <trkpt lat="52.854984" lon="13.805343"><ele>37.75</ele></trkpt>
   <trkpt lat="52.854997" lon="13.806654"><ele>37.75</ele></trkpt>
   <trkpt lat="52.854973" lon="13.80703"><ele>37.75</ele></trkpt>
   <trkpt lat="52.854967" lon="13.810506"><ele>37</ele></trkpt>
   <trkpt lat="52.854977" lon="13.812266"><ele>37</ele></trkpt>
   <trkpt lat="52.855055" lon="13.814224"><ele>37.75</ele></trkpt>
   <trkpt lat="52.855146" lon="13.815634"><ele>36.25</ele></trkpt>
   <trkpt lat="52.855291" lon="13.817335"><ele>37.75</ele></trkpt>
   <trkpt lat="52.855674" lon="13.819996"><ele>36.5</ele></trkpt>
   <trkpt lat="52.855933" lon="13.821594"><ele>37.5</ele></trkpt>
   <trkpt lat="52.856085" lon="13.82212"><ele>37.5</ele></trkpt>
   <trkpt lat="52.856266" lon="13.822479"><ele>37</ele></trkpt>
   <trkpt lat="52.856318" lon="13.822832"><ele>37</ele></trkpt>
   <trkpt lat="52.856595" lon="13.824602"><ele>36.25</ele></trkpt>
   <trkpt lat="52.85674" lon="13.82552"><ele>36.25</ele></trkpt>
   <trkpt lat="52.856913" lon="13.826617"><ele>37</ele></trkpt>
   <trkpt lat="52.856966" lon="13.827266"><ele>37</ele></trkpt>
   <trkpt lat="52.856981" lon="13.827454"><ele>36.75</ele></trkpt>
   <trkpt lat="52.857159" lon="13.829059"><ele>39.5</ele></trkpt>
   <trkpt lat="52.857169" lon="13.829305"><ele>39.75</ele></trkpt>
   <trkpt lat="52.857172" lon="13.829363"><ele>39.75</ele></trkpt>
   <trkpt lat="52.857208" lon="13.829454"><ele>39.75</ele></trkpt>
   <trkpt lat="52.857308" lon="13.829597"><ele>40.25</ele></trkpt>
   <trkpt lat="52.857361" lon="13.829688"><ele>40.5</ele></trkpt>
   <trkpt lat="52.857448" lon="13.829936"><ele>41.25</ele></trkpt>
   <trkpt lat="52.857475" lon="13.830115"><ele>41.5</ele></trkpt>
   <trkpt lat="52.857507" lon="13.830188"><ele>41.75</ele></trkpt>
   <trkpt lat="52.857726" lon="13.830388"><ele>40.75</ele></trkpt>
   <trkpt lat="52.857682" lon="13.830619"><ele>40</ele></trkpt>
   <trkpt lat="52.857671" lon="13.830896"><ele>38.75</ele></trkpt>
   <trkpt lat="52.85768" lon="13.831453"><ele>38.25</ele></trkpt>
   <trkpt lat="52.857771" lon="13.832662"><ele>38.25</ele></trkpt>
   <trkpt lat="52.858165" lon="13.835326"><ele>38.5</ele></trkpt>
   <trkpt lat="52.858377" lon="13.836396"><ele>39</ele></trkpt>
   <trkpt lat="52.858557" lon="13.837515"><ele>38.75</ele></trkpt>
   <trkpt lat="52.859127" lon="13.840842"><ele>36.25</ele></trkpt>
   <trkpt lat="52.859169" lon="13.841174"><ele>36.75</ele></trkpt>
   <trkpt lat="52.859176" lon="13.841337"><ele>36</ele></trkpt>
   <trkpt lat="52.859056" lon="13.841669"><ele>36.25</ele></trkpt>
   <trkpt lat="52.859058" lon="13.841813"><ele>36.5</ele></trkpt>
   <trkpt lat="52.859114" lon="13.842361"><ele>37</ele></trkpt>
   <trkpt lat="52.859179" lon="13.843233"><ele>37.25</ele></trkpt>
   <trkpt lat="52.859222" lon="13.844681"><ele>36.25</ele></trkpt>
   <trkpt lat="52.859274" lon="13.848196"><ele>34.5</ele></trkpt>
   <trkpt lat="52.859298" lon="13.849492"><ele>34.5</ele></trkpt>
   <trkpt lat="52.859306" lon="13.85044"><ele>34.75</ele></trkpt>
   <trkpt lat="52.859339" lon="13.852279"><ele>36.25</ele></trkpt>
   <trkpt lat="52.859347" lon="13.853096"><ele>37</ele></trkpt>
   <trkpt lat="52.859381" lon="13.85606"><ele>37.75</ele></trkpt>
   <trkpt lat="52.859412" lon="13.858045"><ele>37.75</ele></trkpt>
   <trkpt lat="52.859513" lon="13.862156"><ele>38</ele></trkpt>
   <trkpt lat="52.859589" lon="13.867166"><ele>36.25</ele></trkpt>
   <trkpt lat="52.859608" lon="13.868619"><ele>37.5</ele></trkpt>
   <trkpt lat="52.859628" lon="13.869248"><ele>37.75</ele></trkpt>
   <trkpt lat="52.859646" lon="13.869827"><ele>38.5</ele></trkpt>
   <trkpt lat="52.859695" lon="13.872178"><ele>37.75</ele></trkpt>
   <trkpt lat="52.859692" lon="13.873388"><ele>36</ele></trkpt>
   <trkpt lat="52.859414" lon="13.875912"><ele>36</ele></trkpt>
   <trkpt lat="52.859297" lon="13.876644"><ele>37</ele></trkpt>
   <trkpt lat="52.859078" lon="13.878016"><ele>37.25</ele></trkpt>
   <trkpt lat="52.858133" lon="13.884255"><ele>37.25</ele></trkpt>
   <trkpt lat="52.858023" lon="13.885201"><ele>35.25</ele></trkpt>
   <trkpt lat="52.857534" lon="13.8882"><ele>37.25</ele></trkpt>
   <trkpt lat="52.85891" lon="13.891549"><ele>38</ele></trkpt>
   <trkpt lat="52.860345" lon="13.895144"><ele>36</ele></trkpt>
   <trkpt lat="52.861398" lon="13.897686"><ele>38</ele></trkpt>
   <trkpt lat="52.862493" lon="13.900327"><ele>38</ele></trkpt>
   <trkpt lat="52.865041" lon="13.906537"><ele>36.25</ele></trkpt>
   <trkpt lat="52.866361" lon="13.90974"><ele>37.75</ele></trkpt>
   <trkpt lat="52.866675" lon="13.910503"><ele>39</ele></trkpt>
   <trkpt lat="52.869731" lon="13.91783"><ele>62</ele></trkpt>
   <trkpt lat="52.871467" lon="13.915697"><ele>64.75</ele></trkpt>
   <trkpt lat="52.873364" lon="13.913405"><ele>67.75</ele></trkpt>
   <trkpt lat="52.874063" lon="13.912346"><ele>67.25</ele></trkpt>
   <trkpt lat="52.876125" lon="13.909144"><ele>65</ele></trkpt>
   <trkpt lat="52.876737" lon="13.908193"><ele>66.5</ele></trkpt>
   <trkpt lat="52.879709" lon="13.90372"><ele>64.75</ele></trkpt>
   <trkpt lat="52.880695" lon="13.902242"><ele>66</ele></trkpt>
   <trkpt lat="52.882938" lon="13.898913"><ele>66</ele></trkpt>
   <trkpt lat="52.883952" lon="13.897382"><ele>65.75</ele></trkpt>
   <trkpt lat="52.884413" lon="13.896558"><ele>66.75</ele></trkpt>
   <trkpt lat="52.884546" lon="13.896292"><ele>67</ele></trkpt>
   <trkpt lat="52.885215" lon="13.897882"><ele>70</ele></trkpt>
   <trkpt lat="52.885565" lon="13.898384"><ele>71.75</ele></trkpt>
   <trkpt lat="52.885853" lon="13.898907"><ele>74</ele></trkpt>
   <trkpt lat="52.886209" lon="13.899344"><ele>74.5</ele></trkpt>
   <trkpt lat="52.886439" lon="13.899381"><ele>75.5</ele></trkpt>
   <trkpt lat="52.886732" lon="13.899172"><ele>74.25</ele></trkpt>
   <trkpt lat="52.887027" lon="13.899202"><ele>75.75</ele></trkpt>
   <trkpt lat="52.887323" lon="13.899306"><ele>77.5</ele></trkpt>
   <trkpt lat="52.887453" lon="13.899395"><ele>77.75</ele></trkpt>
   <trkpt lat="52.887874" lon="13.900048"><ele>80.75</ele></trkpt>
   <trkpt lat="52.888002" lon="13.900654"><ele>78.25</ele></trkpt>
   <trkpt lat="52.887983" lon="13.90166"><ele>75.75</ele></trkpt>
   <trkpt lat="52.888015" lon="13.902112"><ele>74.5</ele></trkpt>
   <trkpt lat="52.888069" lon="13.902576"><ele>74.75</ele></trkpt>
   <trkpt lat="52.888165" lon="13.902873"><ele>75.75</ele></trkpt>
   <trkpt lat="52.88864" lon="13.903405"><ele>77.25</ele></trkpt>
   <trkpt lat="52.889143" lon="13.903874"><ele>80.75</ele></trkpt>
   <trkpt lat="52.889314" lon="13.904126"><ele>82.5</ele></trkpt>
   <trkpt lat="52.889456" lon="13.904405"><ele>84</ele></trkpt>
   <trkpt lat="52.88954" lon="13.904743"><ele>83.25</ele></trkpt>
   <trkpt lat="52.889589" lon="13.90529"><ele>83.75</ele></trkpt>
   <trkpt lat="52.889556" lon="13.905556"><ele>84.25</ele></trkpt>
   <trkpt lat="52.889554" lon="13.90598"><ele>84.75</ele></trkpt>
   <trkpt lat="52.88963" lon="13.906213"><ele>85</ele></trkpt>
   <trkpt lat="52.889701" lon="13.906361"><ele>85</ele></trkpt>
   <trkpt lat="52.889921" lon="13.906717"><ele>84</ele></trkpt>
   <trkpt lat="52.890222" lon="13.905854"><ele>80</ele></trkpt>
   <trkpt lat="52.89027" lon="13.904936"><ele>75.75</ele></trkpt>
   <trkpt lat="52.890694" lon="13.903654"><ele>71.5</ele></trkpt>
   <trkpt lat="52.890891" lon="13.903305"><ele>70</ele></trkpt>
   <trkpt lat="52.891043" lon="13.902753"><ele>68.25</ele></trkpt>
   <trkpt lat="52.891298" lon="13.90249"><ele>66.75</ele></trkpt>
   <trkpt lat="52.891474" lon="13.902219"><ele>64.25</ele></trkpt>
   <trkpt lat="52.891741" lon="13.901495"><ele>61</ele></trkpt>
   <trkpt lat="52.892126" lon="13.90087"><ele>58</ele></trkpt>
   <trkpt lat="52.892254" lon="13.900522"><ele>54.75</ele></trkpt>
   <trkpt lat="52.892367" lon="13.900417"><ele>53.25</ele></trkpt>
   <trkpt lat="52.892516" lon="13.900406"><ele>51.5</ele></trkpt>
   <trkpt lat="52.892746" lon="13.900581"><ele>49.75</ele></trkpt>
   <trkpt lat="52.89284" lon="13.900715"><ele>49.5</ele></trkpt>
   <trkpt lat="52.893275" lon="13.900827"><ele>45.5</ele></trkpt>
   <trkpt lat="52.893567" lon="13.901128"><ele>44.75</ele></trkpt>
   <trkpt lat="52.89362" lon="13.90127"><ele>44.5</ele></trkpt>
   <trkpt lat="52.893484" lon="13.902099"><ele>47</ele></trkpt>
   <trkpt lat="52.893555" lon="13.902657"><ele>45.75</ele></trkpt>
   <trkpt lat="52.893565" lon="13.90308"><ele>45.5</ele></trkpt>
   <trkpt lat="52.893636" lon="13.903412"><ele>45.5</ele></trkpt>
   <trkpt lat="52.893791" lon="13.903702"><ele>46.5</ele></trkpt>
   <trkpt lat="52.894024" lon="13.90396"><ele>46.5</ele></trkpt>
   <trkpt lat="52.894315" lon="13.903992"><ele>45.25</ele></trkpt>
   <trkpt lat="52.894927" lon="13.904491"><ele>47.25</ele></trkpt>
   <trkpt lat="52.895141" lon="13.904556"><ele>48</ele></trkpt>
   <trkpt lat="52.895529" lon="13.904287"><ele>50.25</ele></trkpt>
   <trkpt lat="52.895719" lon="13.904211"><ele>50.25</ele></trkpt>
   <trkpt lat="52.895769" lon="13.904191"><ele>50</ele></trkpt>
   <trkpt lat="52.895918" lon="13.903901"><ele>49.25</ele></trkpt>
   <trkpt lat="52.896047" lon="13.903579"><ele>49.25</ele></trkpt>
   <trkpt lat="52.896125" lon="13.903247"><ele>47.75</ele></trkpt>
   <trkpt lat="52.896287" lon="13.902989"><ele>47</ele></trkpt>
   <trkpt lat="52.896694" lon="13.902742"><ele>45.75</ele></trkpt>
   <trkpt lat="52.896837" lon="13.902453"><ele>45.75</ele></trkpt>
   <trkpt lat="52.89685" lon="13.902077"><ele>46.5</ele></trkpt>
   <trkpt lat="52.896947" lon="13.901627"><ele>48</ele></trkpt>
   <trkpt lat="52.896981" lon="13.901436"><ele>47.75</ele></trkpt>
   <trkpt lat="52.89689" lon="13.900817"><ele>47</ele></trkpt>
   <trkpt lat="52.896837" lon="13.899944"><ele>47.5</ele></trkpt>
   <trkpt lat="52.896829" lon="13.89936"><ele>48</ele></trkpt>
   <trkpt lat="52.896833" lon="13.898595"><ele>46.75</ele></trkpt>
   <trkpt lat="52.897368" lon="13.898957"><ele>47.25</ele></trkpt>
   <trkpt lat="52.897696" lon="13.89937"><ele>47.5</ele></trkpt>
   <trkpt lat="52.898147" lon="13.899772"><ele>48</ele></trkpt>
   <trkpt lat="52.898982" lon="13.900516"><ele>51</ele></trkpt>
   <trkpt lat="52.899235" lon="13.900844"><ele>51.75</ele></trkpt>
   <trkpt lat="52.899564" lon="13.901356"><ele>51</ele></trkpt>
   <trkpt lat="52.899689" lon="13.901549"><ele>51</ele></trkpt>
   <trkpt lat="52.900729" lon="13.902352"><ele>52</ele></trkpt>
   <trkpt lat="52.901134" lon="13.902834"><ele>53</ele></trkpt>
   <trkpt lat="52.901456" lon="13.903056"><ele>54</ele></trkpt>
   <trkpt lat="52.901788" lon="13.903383"><ele>53.75</ele></trkpt>
   <trkpt lat="52.90222" lon="13.903983"><ele>55.75</ele></trkpt>
   <trkpt lat="52.902556" lon="13.904577"><ele>55.25</ele></trkpt>
   <trkpt lat="52.902918" lon="13.90521"><ele>54.25</ele></trkpt>
   <trkpt lat="52.90324" lon="13.905627"><ele>54</ele></trkpt>
   <trkpt lat="52.904801" lon="13.90746"><ele>53</ele></trkpt>
   <trkpt lat="52.905456" lon="13.908087"><ele>52</ele></trkpt>
   <trkpt lat="52.906716" lon="13.909213"><ele>50.75</ele></trkpt>
   <trkpt lat="52.90713" lon="13.909386"><ele>49</ele></trkpt>
   <trkpt lat="52.907521" lon="13.909668"><ele>48</ele></trkpt>
   <trkpt lat="52.907922" lon="13.910005"><ele>48</ele></trkpt>
   <trkpt lat="52.908228" lon="13.910319"><ele>48.5</ele></trkpt>
   <trkpt lat="52.90832" lon="13.910391"><ele>48.75</ele></trkpt>
   <trkpt lat="52.908384" lon="13.910503"><ele>49</ele></trkpt>
   <trkpt lat="52.908654" lon="13.910462"><ele>48.75</ele></trkpt>
   <trkpt lat="52.908959" lon="13.910455"><ele>47.5</ele></trkpt>
   <trkpt lat="52.909109" lon="13.910478"><ele>47</ele></trkpt>
   <trkpt lat="52.909758" lon="13.910787"><ele>45.5</ele></trkpt>
   <trkpt lat="52.909798" lon="13.910798"><ele>45.5</ele></trkpt>
   <trkpt lat="52.910082" lon="13.910901"><ele>45</ele></trkpt>
   <trkpt lat="52.910655" lon="13.911036"><ele>46</ele></trkpt>
   <trkpt lat="52.910864" lon="13.911085"><ele>46.25</ele></trkpt>
   <trkpt lat="52.911383" lon="13.911212"><ele>48.75</ele></trkpt>
   <trkpt lat="52.912817" lon="13.910993"><ele>50</ele></trkpt>
   <trkpt lat="52.913016" lon="13.911054"><ele>50</ele></trkpt>
   <trkpt lat="52.913075" lon="13.910987"><ele>50</ele></trkpt>
   <trkpt lat="52.913315" lon="13.910912"><ele>50</ele></trkpt>
   <trkpt lat="52.913509" lon="13.910826"><ele>49.75</ele></trkpt>
   <trkpt lat="52.913601" lon="13.910759"><ele>49.5</ele></trkpt>
   <trkpt lat="52.913905" lon="13.910631"><ele>49</ele></trkpt>
   <trkpt lat="52.914267" lon="13.910521"><ele>48.75</ele></trkpt>
   <trkpt lat="52.914426" lon="13.91044"><ele>48.5</ele></trkpt>
   <trkpt lat="52.914808" lon="13.910161"><ele>48</ele></trkpt>
   <trkpt lat="52.915091" lon="13.909831"><ele>48</ele></trkpt>
   <trkpt lat="52.915765" lon="13.909174"><ele>49</ele></trkpt>
   <trkpt lat="52.916071" lon="13.908903"><ele>49.75</ele></trkpt>
   <trkpt lat="52.916517" lon="13.908622"><ele>49</ele></trkpt>
   <trkpt lat="52.916807" lon="13.908485"><ele>49</ele></trkpt>
   <trkpt lat="52.917507" lon="13.908018"><ele>48.75</ele></trkpt>
   <trkpt lat="52.917853" lon="13.907758"><ele>47.5</ele></trkpt>
   <trkpt lat="52.917912" lon="13.907691"><ele>47.5</ele></trkpt>
   <trkpt lat="52.917939" lon="13.907661"><ele>47.5</ele></trkpt>
   <trkpt lat="52.918004" lon="13.90759"><ele>47.5</ele></trkpt>
   <trkpt lat="52.918072" lon="13.907527"><ele>47.75</ele></trkpt>
   <trkpt lat="52.918527" lon="13.907342"><ele>48.25</ele></trkpt>
   <trkpt lat="52.91897" lon="13.907222"><ele>49</ele></trkpt>
   <trkpt lat="52.919103" lon="13.907083"><ele>49.5</ele></trkpt>
   <trkpt lat="52.919264" lon="13.906701"><ele>50</ele></trkpt>
   <trkpt lat="52.919405" lon="13.905833"><ele>50.75</ele></trkpt>
   <trkpt lat="52.919441" lon="13.905836"><ele>50.75</ele></trkpt>
   <trkpt lat="52.919487" lon="13.905838"><ele>50.75</ele></trkpt>
   <trkpt lat="52.919616" lon="13.905835"><ele>50.75</ele></trkpt>
   <trkpt lat="52.919656" lon="13.905849"><ele>50.75</ele></trkpt>
   <trkpt lat="52.919684" lon="13.905688"><ele>51</ele></trkpt>
   <trkpt lat="52.919773" lon="13.905548"><ele>51</ele></trkpt>
   <trkpt lat="52.920122" lon="13.905167"><ele>50.75</ele></trkpt>
   <trkpt lat="52.920197" lon="13.904993"><ele>50.25</ele></trkpt>
   <trkpt lat="52.920432" lon="13.904888"><ele>50.5</ele></trkpt>
   <trkpt lat="52.921449" lon="13.903746"><ele>48.75</ele></trkpt>
   <trkpt lat="52.921649" lon="13.903638"><ele>48.75</ele></trkpt>
   <trkpt lat="52.921894" lon="13.903684"><ele>49.5</ele></trkpt>
   <trkpt lat="52.922703" lon="13.904013"><ele>52.75</ele></trkpt>
   <trkpt lat="52.923331" lon="13.904269"><ele>54</ele></trkpt>
   <trkpt lat="52.923754" lon="13.904468"><ele>54.75</ele></trkpt>
   <trkpt lat="52.924209" lon="13.904683"><ele>57.5</ele></trkpt>
   <trkpt lat="52.924419" lon="13.904667"><ele>59.5</ele></trkpt>
   <trkpt lat="52.925129" lon="13.904277"><ele>56.5</ele></trkpt>
   <trkpt lat="52.925491" lon="13.904163"><ele>57.75</ele></trkpt>
   <trkpt lat="52.926604" lon="13.904186"><ele>58</ele></trkpt>
   <trkpt lat="52.92748" lon="13.904185"><ele>57</ele></trkpt>
   <trkpt lat="52.927645" lon="13.904232"><ele>57</ele></trkpt>
   <trkpt lat="52.927832" lon="13.904401"><ele>56.75</ele></trkpt>
   <trkpt lat="52.928682" lon="13.905334"><ele>56</ele></trkpt>
   <trkpt lat="52.928882" lon="13.905426"><ele>56.25</ele></trkpt>
   <trkpt lat="52.929839" lon="13.905463"><ele>57</ele></trkpt>
   <trkpt lat="52.930692" lon="13.905475"><ele>58</ele></trkpt>
   <trkpt lat="52.93274" lon="13.905301"><ele>64.5</ele></trkpt>
   <trkpt lat="52.932723" lon="13.904769"><ele>65.25</ele></trkpt>
   <trkpt lat="52.933194" lon="13.904282"><ele>73.5</ele></trkpt>
   <trkpt lat="52.933409" lon="13.904466"><ele>75.25</ele></trkpt>
   <trkpt lat="52.933651" lon="13.904239"><ele>76.25</ele></trkpt>
   <trkpt lat="52.934135" lon="13.903957"><ele>71.5</ele></trkpt>
   <trkpt lat="52.935422" lon="13.904293"><ele>67.5</ele></trkpt>
   <trkpt lat="52.936087" lon="13.904184"><ele>64.75</ele></trkpt>
   <trkpt lat="52.936511" lon="13.903867"><ele>62.25</ele></trkpt>
   <trkpt lat="52.936836" lon="13.904176"><ele>62.5</ele></trkpt>
   <trkpt lat="52.936977" lon="13.904594"><ele>63.5</ele></trkpt>
   <trkpt lat="52.937064" lon="13.904945"><ele>64.25</ele></trkpt>
   <trkpt lat="52.93717" lon="13.905125"><ele>66.25</ele></trkpt>
   <trkpt lat="52.937286" lon="13.905233"><ele>67.5</ele></trkpt>
   <trkpt lat="52.937449" lon="13.905267"><ele>68.5</ele></trkpt>
   <trkpt lat="52.937665" lon="13.905025"><ele>67.75</ele></trkpt>
   <trkpt lat="52.937935" lon="13.90496"><ele>65.5</ele></trkpt>
   <trkpt lat="52.93808" lon="13.905058"><ele>65.5</ele></trkpt>
   <trkpt lat="52.938319" lon="13.905249"><ele>65</ele></trkpt>
   <trkpt lat="52.938465" lon="13.905339"><ele>64.5</ele></trkpt>
   <trkpt lat="52.938589" lon="13.905415"><ele>64.5</ele></trkpt>
   <trkpt lat="52.93888" lon="13.905529"><ele>62.75</ele></trkpt>
   <trkpt lat="52.939058" lon="13.905628"><ele>62.5</ele></trkpt>
   <trkpt lat="52.939147" lon="13.905724"><ele>62</ele></trkpt>
   <trkpt lat="52.939204" lon="13.905967"><ele>62.5</ele></trkpt>
   <trkpt lat="52.939254" lon="13.90613"><ele>63.5</ele></trkpt>
   <trkpt lat="52.940027" lon="13.90774"><ele>64.75</ele></trkpt>
   <trkpt lat="52.940739" lon="13.909261"><ele>63.25</ele></trkpt>
   <trkpt lat="52.941027" lon="13.909823"><ele>63</ele></trkpt>
   <trkpt lat="52.941108" lon="13.910018"><ele>63.75</ele></trkpt>
   <trkpt lat="52.941184" lon="13.910293"><ele>64</ele></trkpt>
   <trkpt lat="52.941355" lon="13.910731"><ele>64.25</ele></trkpt>
   <trkpt lat="52.941383" lon="13.910754"><ele>64.25</ele></trkpt>
   <trkpt lat="52.941512" lon="13.910858"><ele>63.75</ele></trkpt>
   <trkpt lat="52.941974" lon="13.910925"><ele>64</ele></trkpt>
   <trkpt lat="52.942664" lon="13.91087"><ele>64.5</ele></trkpt>
   <trkpt lat="52.942974" lon="13.910747"><ele>65.5</ele></trkpt>
   <trkpt lat="52.943778" lon="13.910275"><ele>70</ele></trkpt>
   <trkpt lat="52.944076" lon="13.910143"><ele>73</ele></trkpt>
   <trkpt lat="52.944335" lon="13.910113"><ele>75.5</ele></trkpt>
   <trkpt lat="52.944711" lon="13.910043"><ele>76.75</ele></trkpt>
   <trkpt lat="52.945503" lon="13.909852"><ele>81.75</ele></trkpt>
   <trkpt lat="52.945798" lon="13.909563"><ele>85.25</ele></trkpt>
   <trkpt lat="52.945969" lon="13.909378"><ele>84.25</ele></trkpt>
   <trkpt lat="52.946097" lon="13.909191"><ele>84</ele></trkpt>
   <trkpt lat="52.9462" lon="13.90886"><ele>82.75</ele></trkpt>
   <trkpt lat="52.946326" lon="13.908219"><ele>84.5</ele></trkpt>
   <trkpt lat="52.946427" lon="13.907874"><ele>82</ele></trkpt>
   <trkpt lat="52.946638" lon="13.907785"><ele>82.75</ele></trkpt>
   <trkpt lat="52.946744" lon="13.907807"><ele>83.75</ele></trkpt>
   <trkpt lat="52.946915" lon="13.907896"><ele>84.5</ele></trkpt>
   <trkpt lat="52.947108" lon="13.908064"><ele>83.5</ele></trkpt>
   <trkpt lat="52.947116" lon="13.908071"><ele>83.75</ele></trkpt>
   <trkpt lat="52.947258" lon="13.90814"><ele>85</ele></trkpt>
   <trkpt lat="52.947497" lon="13.908189"><ele>85.25</ele></trkpt>
   <trkpt lat="52.947809" lon="13.908143"><ele>79.75</ele></trkpt>
   <trkpt lat="52.948079" lon="13.908053"><ele>78.75</ele></trkpt>
   <trkpt lat="52.94864" lon="13.90771"><ele>77</ele></trkpt>
   <trkpt lat="52.949931" lon="13.906749"><ele>75.5</ele></trkpt>
   <trkpt lat="52.950932" lon="13.906126"><ele>72</ele></trkpt>
   <trkpt lat="52.951442" lon="13.905193"><ele>71.75</ele></trkpt>
   <trkpt lat="52.951772" lon="13.904834"><ele>71</ele></trkpt>
   <trkpt lat="52.952375" lon="13.904181"><ele>68.75</ele></trkpt>
   <trkpt lat="52.952767" lon="13.90367"><ele>68.75</ele></trkpt>
   <trkpt lat="52.954159" lon="13.901237"><ele>68.5</ele></trkpt>
   <trkpt lat="52.95454" lon="13.900979"><ele>68.75</ele></trkpt>
   <trkpt lat="52.954675" lon="13.900937"><ele>69</ele></trkpt>
   <trkpt lat="52.954805" lon="13.900945"><ele>69.25</ele></trkpt>
   <trkpt lat="52.955272" lon="13.90107"><ele>69</ele></trkpt>
   <trkpt lat="52.955554" lon="13.900979"><ele>69.75</ele></trkpt>
   <trkpt lat="52.955569" lon="13.900926"><ele>70</ele></trkpt>
   <trkpt lat="52.955647" lon="13.9011"><ele>70</ele></trkpt>
   <trkpt lat="52.955714" lon="13.901489"><ele>68.75</ele></trkpt>
   <trkpt lat="52.95585" lon="13.902008"><ele>67.75</ele></trkpt>
   <trkpt lat="52.955884" lon="13.902355"><ele>68.25</ele></trkpt>
   <trkpt lat="52.956172" lon="13.904618"><ele>69.25</ele></trkpt>
   <trkpt lat="52.956207" lon="13.905056"><ele>69.5</ele></trkpt>
   <trkpt lat="52.956244" lon="13.906458"><ele>69</ele></trkpt>
   <trkpt lat="52.956357" lon="13.907668"><ele>68</ele></trkpt>
   <trkpt lat="52.95674" lon="13.909991"><ele>68.5</ele></trkpt>
   <trkpt lat="52.957139" lon="13.912314"><ele>70.5</ele></trkpt>
   <trkpt lat="52.957375" lon="13.913483"><ele>68.75</ele></trkpt>
   <trkpt lat="52.957739" lon="13.915527"><ele>69.25</ele></trkpt>
   <trkpt lat="52.957878" lon="13.91623"><ele>69.25</ele></trkpt>
   <trkpt lat="52.957968" lon="13.917007"><ele>70.25</ele></trkpt>
   <trkpt lat="52.957957" lon="13.91789"><ele>73.5</ele></trkpt>
   <trkpt lat="52.958009" lon="13.918674"><ele>72.75</ele></trkpt>
   <trkpt lat="52.958027" lon="13.919398"><ele>70.25</ele></trkpt>
   <trkpt lat="52.958018" lon="13.919918"><ele>71.5</ele></trkpt>
   <trkpt lat="52.958028" lon="13.920234"><ele>72</ele></trkpt>
   <trkpt lat="52.958083" lon="13.920775"><ele>71.75</ele></trkpt>
   <trkpt lat="52.958135" lon="13.921162"><ele>70.25</ele></trkpt>
   <trkpt lat="52.958323" lon="13.922193"><ele>69</ele></trkpt>
   <trkpt lat="52.958796" lon="13.924027"><ele>68.75</ele></trkpt>
   <trkpt lat="52.958854" lon="13.924465"><ele>70</ele></trkpt>
   <trkpt lat="52.958859" lon="13.924789"><ele>70.75</ele></trkpt>
   <trkpt lat="52.95882" lon="13.924876"><ele>70.25</ele></trkpt>
   <trkpt lat="52.958908" lon="13.924966"><ele>71</ele></trkpt>
   <trkpt lat="52.959262" lon="13.926138"><ele>71.25</ele></trkpt>
   <trkpt lat="52.959379" lon="13.926435"><ele>70.25</ele></trkpt>
   <trkpt lat="52.959591" lon="13.926772"><ele>70</ele></trkpt>
   <trkpt lat="52.959831" lon="13.927016"><ele>70</ele></trkpt>
   <trkpt lat="52.959979" lon="13.927237"><ele>69.75</ele></trkpt>
   <trkpt lat="52.960031" lon="13.927364"><ele>70</ele></trkpt>
   <trkpt lat="52.960068" lon="13.92753"><ele>70</ele></trkpt>
   <trkpt lat="52.96011" lon="13.927985"><ele>70.25</ele></trkpt>
   <trkpt lat="52.960139" lon="13.928392"><ele>71</ele></trkpt>
   <trkpt lat="52.960183" lon="13.928582"><ele>71</ele></trkpt>
   <trkpt lat="52.960634" lon="13.93054"><ele>69.75</ele></trkpt>
   <trkpt lat="52.960666" lon="13.930636"><ele>70</ele></trkpt>
   <trkpt lat="52.960949" lon="13.931473"><ele>70.5</ele></trkpt>
   <trkpt lat="52.960982" lon="13.931574"><ele>70.75</ele></trkpt>
   <trkpt lat="52.961694" lon="13.933453"><ele>72.25</ele></trkpt>
   <trkpt lat="52.96188" lon="13.933833"><ele>72.25</ele></trkpt>
   <trkpt lat="52.962056" lon="13.934149"><ele>73</ele></trkpt>
   <trkpt lat="52.962425" lon="13.934768"><ele>71.25</ele></trkpt>
   <trkpt lat="52.962888" lon="13.934554"><ele>69.75</ele></trkpt>
   <trkpt lat="52.963061" lon="13.934486"><ele>69</ele></trkpt>
   <trkpt lat="52.963279" lon="13.934401"><ele>68.75</ele></trkpt>
   <trkpt lat="52.963713" lon="13.934232"><ele>69</ele></trkpt>
   <trkpt lat="52.964287" lon="13.934762"><ele>70.5</ele></trkpt>
   <trkpt lat="52.964435" lon="13.934999"><ele>70.75</ele></trkpt>
   <trkpt lat="52.96484" lon="13.935686"><ele>71.5</ele></trkpt>
   <trkpt lat="52.965271" lon="13.936505"><ele>69.75</ele></trkpt>
   <trkpt lat="52.965377" lon="13.936766"><ele>70.25</ele></trkpt>
   <trkpt lat="52.96543" lon="13.936898"><ele>70.5</ele></trkpt>
   <trkpt lat="52.965501" lon="13.937071"><ele>70.75</ele></trkpt>
   <trkpt lat="52.965607" lon="13.937174"><ele>70.75</ele></trkpt>
   <trkpt lat="52.965896" lon="13.937378"><ele>70.25</ele></trkpt>
   <trkpt lat="52.965988" lon="13.937421"><ele>70.5</ele></trkpt>
   <trkpt lat="52.966425" lon="13.937471"><ele>71.75</ele></trkpt>
   <trkpt lat="52.966716" lon="13.937494"><ele>72.75</ele></trkpt>
   <trkpt lat="52.966863" lon="13.93753"><ele>73</ele></trkpt>
   <trkpt lat="52.967229" lon="13.937781"><ele>73.75</ele></trkpt>
   <trkpt lat="52.96742" lon="13.937888"><ele>72.25</ele></trkpt>
   <trkpt lat="52.967705" lon="13.938007"><ele>70.25</ele></trkpt>
   <trkpt lat="52.967986" lon="13.93809"><ele>69.75</ele></trkpt>
   <trkpt lat="52.968383" lon="13.938357"><ele>71</ele></trkpt>
   <trkpt lat="52.968566" lon="13.938549"><ele>71.75</ele></trkpt>
   <trkpt lat="52.968894" lon="13.938991"><ele>69.5</ele></trkpt>
   <trkpt lat="52.969252" lon="13.939417"><ele>66.75</ele></trkpt>
   <trkpt lat="52.970119" lon="13.940239"><ele>63.5</ele></trkpt>
   <trkpt lat="52.970516" lon="13.940602"><ele>63.75</ele></trkpt>
   <trkpt lat="52.970676" lon="13.940812"><ele>64.25</ele></trkpt>
   <trkpt lat="52.971082" lon="13.941251"><ele>63.25</ele></trkpt>
   <trkpt lat="52.971316" lon="13.941489"><ele>63.25</ele></trkpt>
   <trkpt lat="52.971404" lon="13.941704"><ele>64</ele></trkpt>
   <trkpt lat="52.971445" lon="13.941969"><ele>64</ele></trkpt>
   <trkpt lat="52.971475" lon="13.942507"><ele>63.25</ele></trkpt>
   <trkpt lat="52.971567" lon="13.943064"><ele>62.5</ele></trkpt>
   <trkpt lat="52.971694" lon="13.943648"><ele>63</ele></trkpt>
   <trkpt lat="52.971894" lon="13.944259"><ele>64.5</ele></trkpt>
   <trkpt lat="52.972002" lon="13.94456"><ele>65</ele></trkpt>
   <trkpt lat="52.972228" lon="13.945091"><ele>64.5</ele></trkpt>
   <trkpt lat="52.972406" lon="13.945549"><ele>63.5</ele></trkpt>
   <trkpt lat="52.972506" lon="13.945906"><ele>63</ele></trkpt>
   <trkpt lat="52.972599" lon="13.946408"><ele>63.25</ele></trkpt>
   <trkpt lat="52.972684" lon="13.947071"><ele>62.75</ele></trkpt>
   <trkpt lat="52.972758" lon="13.947379"><ele>62.75</ele></trkpt>
   <trkpt lat="52.972896" lon="13.947694"><ele>63.25</ele></trkpt>
   <trkpt lat="52.973141" lon="13.948149"><ele>64</ele></trkpt>
   <trkpt lat="52.973274" lon="13.948453"><ele>64.25</ele></trkpt>
   <trkpt lat="52.973314" lon="13.948629"><ele>64.75</ele></trkpt>
   <trkpt lat="52.973351" lon="13.948868"><ele>64</ele></trkpt>
   <trkpt lat="52.973564" lon="13.949843"><ele>63.75</ele></trkpt>
   <trkpt lat="52.973731" lon="13.950714"><ele>63</ele></trkpt>
   <trkpt lat="52.973903" lon="13.951396"><ele>61</ele></trkpt>
   <trkpt lat="52.974005" lon="13.951662"><ele>61</ele></trkpt>
   <trkpt lat="52.974127" lon="13.95185"><ele>60.25</ele></trkpt>
   <trkpt lat="52.974208" lon="13.95196"><ele>60</ele></trkpt>
   <trkpt lat="52.974588" lon="13.952338"><ele>61.25</ele></trkpt>
   <trkpt lat="52.974827" lon="13.952522"><ele>62.25</ele></trkpt>
   <trkpt lat="52.975086" lon="13.952653"><ele>62.5</ele></trkpt>
   <trkpt lat="52.975367" lon="13.952746"><ele>62</ele></trkpt>
   <trkpt lat="52.9757" lon="13.952812"><ele>62.25</ele></trkpt>
   <trkpt lat="52.976319" lon="13.952892"><ele>64.5</ele></trkpt>
   <trkpt lat="52.97664" lon="13.952955"><ele>66</ele></trkpt>
   <trkpt lat="52.977549" lon="13.953094"><ele>67</ele></trkpt>
   <trkpt lat="52.977896" lon="13.953123"><ele>68</ele></trkpt>
   <trkpt lat="52.978282" lon="13.953186"><ele>68</ele></trkpt>
   <trkpt lat="52.978484" lon="13.953152"><ele>68</ele></trkpt>
   <trkpt lat="52.978849" lon="13.953164"><ele>68.75</ele></trkpt>
   <trkpt lat="52.979183" lon="13.953192"><ele>69.25</ele></trkpt>
   <trkpt lat="52.979387" lon="13.953262"><ele>68.5</ele></trkpt>
   <trkpt lat="52.979589" lon="13.953626"><ele>66.75</ele></trkpt>
   <trkpt lat="52.979708" lon="13.953893"><ele>65</ele></trkpt>
   <trkpt lat="52.979936" lon="13.954431"><ele>63.25</ele></trkpt>
   <trkpt lat="52.980126" lon="13.954873"><ele>62</ele></trkpt>
   <trkpt lat="52.98028" lon="13.955242"><ele>61</ele></trkpt>
   <trkpt lat="52.980488" lon="13.955741"><ele>59.75</ele></trkpt>
   <trkpt lat="52.980755" lon="13.956336"><ele>59.75</ele></trkpt>
   <trkpt lat="52.981189" lon="13.957304"><ele>60</ele></trkpt>
   <trkpt lat="52.981289" lon="13.957498"><ele>60</ele></trkpt>
   <trkpt lat="52.981357" lon="13.957628"><ele>60</ele></trkpt>
   <trkpt lat="52.981627" lon="13.958145"><ele>58.25</ele></trkpt>
   <trkpt lat="52.9818" lon="13.958476"><ele>57.25</ele></trkpt>
   <trkpt lat="52.982074" lon="13.958835"><ele>55</ele></trkpt>
   <trkpt lat="52.98234" lon="13.959227"><ele>54.25</ele></trkpt>
   <trkpt lat="52.982383" lon="13.959289"><ele>54.25</ele></trkpt>
   <trkpt lat="52.982629" lon="13.959521"><ele>53.75</ele></trkpt>
   <trkpt lat="52.982653" lon="13.959543"><ele>53.75</ele></trkpt>
   <trkpt lat="52.982764" lon="13.959647"><ele>53.25</ele></trkpt>
   <trkpt lat="52.983293" lon="13.96008"><ele>52.75</ele></trkpt>
   <trkpt lat="52.983769" lon="13.960428"><ele>54</ele></trkpt>
   <trkpt lat="52.983983" lon="13.960629"><ele>53.75</ele></trkpt>
   <trkpt lat="52.984337" lon="13.960965"><ele>54.25</ele></trkpt>
   <trkpt lat="52.984809" lon="13.961452"><ele>53.25</ele></trkpt>
   <trkpt lat="52.985271" lon="13.961949"><ele>53.75</ele></trkpt>
   <trkpt lat="52.985354" lon="13.962047"><ele>53.5</ele></trkpt>
   <trkpt lat="52.985615" lon="13.962357"><ele>52.5</ele></trkpt>
   <trkpt lat="52.985747" lon="13.962512"><ele>52.5</ele></trkpt>
   <trkpt lat="52.986002" lon="13.962814"><ele>51.75</ele></trkpt>
   <trkpt lat="52.986109" lon="13.962993"><ele>51.75</ele></trkpt>
   <trkpt lat="52.986159" lon="13.963075"><ele>52</ele></trkpt>
   <trkpt lat="52.986444" lon="13.963818"><ele>51.25</ele></trkpt>
   <trkpt lat="52.986682" lon="13.964521"><ele>50.5</ele></trkpt>
   <trkpt lat="52.986842" lon="13.965263"><ele>49.5</ele></trkpt>
   <trkpt lat="52.986906" lon="13.965867"><ele>49.75</ele></trkpt>
   <trkpt lat="52.986978" lon="13.966441"><ele>51</ele></trkpt>
   <trkpt lat="52.987113" lon="13.966928"><ele>51</ele></trkpt>
   <trkpt lat="52.987394" lon="13.96753"><ele>52.5</ele></trkpt>
   <trkpt lat="52.988155" lon="13.968899"><ele>52.5</ele></trkpt>
   <trkpt lat="52.988186" lon="13.968955"><ele>52.25</ele></trkpt>
   <trkpt lat="52.988456" lon="13.96968"><ele>49.5</ele></trkpt>
   <trkpt lat="52.988597" lon="13.970253"><ele>48.75</ele></trkpt>
   <trkpt lat="52.988781" lon="13.970567"><ele>49</ele></trkpt>
   <trkpt lat="52.98904" lon="13.970826"><ele>49.75</ele></trkpt>
   <trkpt lat="52.9894" lon="13.97133"><ele>50.75</ele></trkpt>
   <trkpt lat="52.989711" lon="13.97193"><ele>50.75</ele></trkpt>
   <trkpt lat="52.989949" lon="13.972427"><ele>51.75</ele></trkpt>
   <trkpt lat="52.990392" lon="13.973082"><ele>51.5</ele></trkpt>
   <trkpt lat="52.990761" lon="13.973601"><ele>52.75</ele></trkpt>
   <trkpt lat="52.991052" lon="13.97405"><ele>54.25</ele></trkpt>
   <trkpt lat="52.991668" lon="13.974807"><ele>56</ele></trkpt>
   <trkpt lat="52.991808" lon="13.974993"><ele>56.5</ele></trkpt>
   <trkpt lat="52.992339" lon="13.975704"><ele>56.25</ele></trkpt>
   <trkpt lat="52.99302" lon="13.976516"><ele>55.75</ele></trkpt>
   <trkpt lat="52.993268" lon="13.976777"><ele>56.25</ele></trkpt>
   <trkpt lat="52.993713" lon="13.977208"><ele>54.5</ele></trkpt>
   <trkpt lat="52.99426" lon="13.977755"><ele>53.5</ele></trkpt>
   <trkpt lat="52.994621" lon="13.978249"><ele>53</ele></trkpt>
   <trkpt lat="52.994817" lon="13.978517"><ele>53</ele></trkpt>
   <trkpt lat="52.995324" lon="13.979128"><ele>53.25</ele></trkpt>
   <trkpt lat="52.99561" lon="13.979352"><ele>53.5</ele></trkpt>
   <trkpt lat="52.996066" lon="13.979708"><ele>54</ele></trkpt>
   <trkpt lat="52.996949" lon="13.980172"><ele>52</ele></trkpt>
   <trkpt lat="52.997046" lon="13.980222"><ele>52</ele></trkpt>
   <trkpt lat="52.997367" lon="13.98042"><ele>52.5</ele></trkpt>
   <trkpt lat="52.997768" lon="13.980668"><ele>52.5</ele></trkpt>
   <trkpt lat="52.997849" lon="13.980712"><ele>52.5</ele></trkpt>
   <trkpt lat="52.998131" lon="13.980858"><ele>52</ele></trkpt>
   <trkpt lat="52.998326" lon="13.980959"><ele>52.25</ele></trkpt>
   <trkpt lat="52.998532" lon="13.981064"><ele>52</ele></trkpt>
   <trkpt lat="52.998615" lon="13.981112"><ele>51.75</ele></trkpt>
   <trkpt lat="52.998687" lon="13.981154"><ele>51.75</ele></trkpt>
   <trkpt lat="52.99889" lon="13.981273"><ele>51.25</ele></trkpt>
   <trkpt lat="52.999206" lon="13.981459"><ele>51</ele></trkpt>
   <trkpt lat="52.999335" lon="13.981587"><ele>51</ele></trkpt>
   <trkpt lat="52.999817" lon="13.982063"><ele>51.25</ele></trkpt>
   <trkpt lat="53.000122" lon="13.982358"><ele>52.25</ele></trkpt>
   <trkpt lat="53.000661" lon="13.98292"><ele>53.5</ele></trkpt>
   <trkpt lat="53.000982" lon="13.983254"><ele>53.5</ele></trkpt>
   <trkpt lat="53.001256" lon="13.983538"><ele>53.75</ele></trkpt>
   <trkpt lat="53.001792" lon="13.984065"><ele>54.5</ele></trkpt>
   <trkpt lat="53.002279" lon="13.984573"><ele>54.75</ele></trkpt>
   <trkpt lat="53.002305" lon="13.984609"><ele>54.75</ele></trkpt>
   <trkpt lat="53.002609" lon="13.985021"><ele>55</ele></trkpt>
   <trkpt lat="53.002687" lon="13.985069"><ele>55</ele></trkpt>
   <trkpt lat="53.002717" lon="13.985285"><ele>55</ele></trkpt>
   <trkpt lat="53.003043" lon="13.987083"><ele>53</ele></trkpt>
   <trkpt lat="53.003183" lon="13.987838"><ele>51.25</ele></trkpt>
   <trkpt lat="53.003264" lon="13.988328"><ele>50</ele></trkpt>
   <trkpt lat="53.003327" lon="13.988662"><ele>50</ele></trkpt>
   <trkpt lat="53.00334" lon="13.988841"><ele>49.75</ele></trkpt>
   <trkpt lat="53.003521" lon="13.988925"><ele>50</ele></trkpt>
   <trkpt lat="53.003502" lon="13.989047"><ele>50</ele></trkpt>
   <trkpt lat="53.0036" lon="13.989097"><ele>50</ele></trkpt>
   <trkpt lat="53.004086" lon="13.989299"><ele>49.5</ele></trkpt>
   <trkpt lat="53.005414" lon="13.989928"><ele>48.5</ele></trkpt>
   <trkpt lat="53.005628" lon="13.990022"><ele>48.75</ele></trkpt>
   <trkpt lat="53.005857" lon="13.990122"><ele>48.75</ele></trkpt>
   <trkpt lat="53.006134" lon="13.990254"><ele>48</ele></trkpt>
   <trkpt lat="53.006393" lon="13.990376"><ele>48.25</ele></trkpt>
   <trkpt lat="53.006721" lon="13.990511"><ele>48</ele></trkpt>
   <trkpt lat="53.006987" lon="13.990632"><ele>48</ele></trkpt>
   <trkpt lat="53.007053" lon="13.990664"><ele>48</ele></trkpt>
   <trkpt lat="53.007413" lon="13.990851"><ele>48</ele></trkpt>
   <trkpt lat="53.007626" lon="13.990947"><ele>48</ele></trkpt>
   <trkpt lat="53.008605" lon="13.991368"><ele>47</ele></trkpt>
   <trkpt lat="53.009387" lon="13.99176"><ele>47.25</ele></trkpt>
   <trkpt lat="53.009602" lon="13.991929"><ele>47.25</ele></trkpt>
   <trkpt lat="53.009702" lon="13.992016"><ele>47</ele></trkpt>
   <trkpt lat="53.009911" lon="13.992264"><ele>47</ele></trkpt>
   <trkpt lat="53.010104" lon="13.992519"><ele>47</ele></trkpt>
   <trkpt lat="53.010411" lon="13.99299"><ele>47.25</ele></trkpt>
   <trkpt lat="53.010495" lon="13.993124"><ele>47.75</ele></trkpt>
   <trkpt lat="53.010659" lon="13.993426"><ele>48</ele></trkpt>
   <trkpt lat="53.010788" lon="13.993639"><ele>48</ele></trkpt>
   <trkpt lat="53.011057" lon="13.994047"><ele>48</ele></trkpt>
   <trkpt lat="53.011413" lon="13.994509"><ele>48</ele></trkpt>
   <trkpt lat="53.012025" lon="13.995312"><ele>48.5</ele></trkpt>
   <trkpt lat="53.012204" lon="13.995547"><ele>48</ele></trkpt>
   <trkpt lat="53.012514" lon="13.995954"><ele>48.25</ele></trkpt>
   <trkpt lat="53.012834" lon="13.996366"><ele>48</ele></trkpt>
   <trkpt lat="53.012991" lon="13.996567"><ele>48</ele></trkpt>
   <trkpt lat="53.013086" lon="13.996687"><ele>47.75</ele></trkpt>
   <trkpt lat="53.013145" lon="13.996693"><ele>47.5</ele></trkpt>
   <trkpt lat="53.013411" lon="13.996934"><ele>47.25</ele></trkpt>
   <trkpt lat="53.013496" lon="13.996999"><ele>47</ele></trkpt>
   <trkpt lat="53.01359" lon="13.997081"><ele>47</ele></trkpt>
   <trkpt lat="53.01403" lon="13.997727"><ele>48.25</ele></trkpt>
   <trkpt lat="53.014282" lon="13.998065"><ele>47.5</ele></trkpt>
   <trkpt lat="53.01436" lon="13.99819"><ele>47.25</ele></trkpt>
   <trkpt lat="53.014508" lon="13.998457"><ele>47.5</ele></trkpt>
   <trkpt lat="53.014535" lon="13.998405"><ele>47.25</ele></trkpt>
   <trkpt lat="53.014632" lon="13.998586"><ele>47.75</ele></trkpt>
   <trkpt lat="53.014746" lon="13.998814"><ele>48</ele></trkpt>
   <trkpt lat="53.014791" lon="13.998937"><ele>48</ele></trkpt>
   <trkpt lat="53.014831" lon="13.999083"><ele>48.25</ele></trkpt>
   <trkpt lat="53.014849" lon="13.999224"><ele>48.25</ele></trkpt>
   <trkpt lat="53.014836" lon="13.99931"><ele>48.25</ele></trkpt>
   <trkpt lat="53.014847" lon="13.999397"><ele>48.25</ele></trkpt>
   <trkpt lat="53.01486" lon="13.999436"><ele>48.25</ele></trkpt>
   <trkpt lat="53.014879" lon="13.999468"><ele>48.25</ele></trkpt>
   <trkpt lat="53.014926" lon="13.999509"><ele>48.5</ele></trkpt>
   <trkpt lat="53.014962" lon="13.999516"><ele>48.5</ele></trkpt>
   <trkpt lat="53.014997" lon="13.999506"><ele>48.75</ele></trkpt>
   <trkpt lat="53.015029" lon="13.999478"><ele>48.75</ele></trkpt>
   <trkpt lat="53.015089" lon="13.999507"><ele>48.75</ele></trkpt>
   <trkpt lat="53.015264" lon="13.999587"><ele>48.75</ele></trkpt>
   <trkpt lat="53.015379" lon="13.999723"><ele>49.25</ele></trkpt>
   <trkpt lat="53.015439" lon="13.999793"><ele>49.5</ele></trkpt>
   <trkpt lat="53.015423" lon="13.999862"><ele>49.5</ele></trkpt>
   <trkpt lat="53.01536" lon="14.000134"><ele>49.75</ele></trkpt>
   <trkpt lat="53.015347" lon="14.000206"><ele>50.25</ele></trkpt>
   <trkpt lat="53.015329" lon="14.00033"><ele>50.75</ele></trkpt>
   <trkpt lat="53.015289" lon="14.000827"><ele>50.75</ele></trkpt>
   <trkpt lat="53.015287" lon="14.000852"><ele>50.75</ele></trkpt>
   <trkpt lat="53.015263" lon="14.001219"><ele>50.5</ele></trkpt>
   <trkpt lat="53.01526" lon="14.001427"><ele>49.75</ele></trkpt>
   <trkpt lat="53.015258" lon="14.001542"><ele>49.75</ele></trkpt>
   <trkpt lat="53.015281" lon="14.002115"><ele>49.75</ele></trkpt>
   <trkpt lat="53.015303" lon="14.002418"><ele>49</ele></trkpt>
   <trkpt lat="53.015318" lon="14.002639"><ele>48.75</ele></trkpt>
   <trkpt lat="53.015341" lon="14.002992"><ele>48.25</ele></trkpt>
   <trkpt lat="53.015436" lon="14.003716"><ele>48.5</ele></trkpt>
   <trkpt lat="53.015497" lon="14.004207"><ele>48.5</ele></trkpt>
   <trkpt lat="53.015638" lon="14.005334"><ele>49.75</ele></trkpt>
   <trkpt lat="53.015899" lon="14.00528"><ele>50</ele></trkpt>
   <trkpt lat="53.015994" lon="14.006313"><ele>51.25</ele></trkpt>
   <trkpt lat="53.016028" lon="14.00632"><ele>51.25</ele></trkpt>
   <trkpt lat="53.016146" lon="14.006329"><ele>50.75</ele></trkpt>
   <trkpt lat="53.016326" lon="14.006317"><ele>50</ele></trkpt>
   <trkpt lat="53.016341" lon="14.00653"><ele>50</ele></trkpt>
   <trkpt lat="53.016373" lon="14.006877"><ele>50</ele></trkpt>
   <trkpt lat="53.016422" lon="14.006851"><ele>49.75</ele></trkpt>
   <trkpt lat="53.016484" lon="14.007709"><ele>49.5</ele></trkpt>
   <trkpt lat="53.016493" lon="14.008027"><ele>49</ele></trkpt>
   <trkpt lat="53.016508" lon="14.008483"><ele>47.75</ele></trkpt>
   <trkpt lat="53.016519" lon="14.008841"><ele>47.5</ele></trkpt>
   <trkpt lat="53.016535" lon="14.009626"><ele>46.25</ele></trkpt>
   <trkpt lat="53.016539" lon="14.009876"><ele>46</ele></trkpt>
   <trkpt lat="53.016531" lon="14.012355"><ele>45</ele></trkpt>
   <trkpt lat="53.016539" lon="14.012852"><ele>45.5</ele></trkpt>
   <trkpt lat="53.016539" lon="14.013313"><ele>45.25</ele></trkpt>
   <trkpt lat="53.016548" lon="14.013819"><ele>45.5</ele></trkpt>
   <trkpt lat="53.016556" lon="14.014435"><ele>45</ele></trkpt>
   <trkpt lat="53.016566" lon="14.015517"><ele>45.5</ele></trkpt>
   <trkpt lat="53.016574" lon="14.016025"><ele>46</ele></trkpt>
   <trkpt lat="53.016575" lon="14.016199"><ele>46.25</ele></trkpt>
   <trkpt lat="53.016594" lon="14.017464"><ele>47.75</ele></trkpt>
   <trkpt lat="53.016641" lon="14.017877"><ele>48.75</ele></trkpt>
   <trkpt lat="53.016701" lon="14.018176"><ele>49.25</ele></trkpt>
   <trkpt lat="53.01674" lon="14.01837"><ele>50</ele></trkpt>
   <trkpt lat="53.016966" lon="14.019359"><ele>51.5</ele></trkpt>
   <trkpt lat="53.017163" lon="14.019257"><ele>50.25</ele></trkpt>
   <trkpt lat="53.017214" lon="14.019262"><ele>50</ele></trkpt>
   <trkpt lat="53.017266" lon="14.019334"><ele>49.75</ele></trkpt>
   <trkpt lat="53.017414" lon="14.0196"><ele>49.5</ele></trkpt>
   <trkpt lat="53.017436" lon="14.019615"><ele>49.5</ele></trkpt>
   <trkpt lat="53.017467" lon="14.019608"><ele>49.5</ele></trkpt>
   <trkpt lat="53.017526" lon="14.019576"><ele>49.5</ele></trkpt>
   <trkpt lat="53.018037" lon="14.019248"><ele>50.5</ele></trkpt>
   <trkpt lat="53.018083" lon="14.019203"><ele>50.75</ele></trkpt>
   <trkpt lat="53.018097" lon="14.019123"><ele>50.5</ele></trkpt>
   <trkpt lat="53.018139" lon="14.017614"><ele>47.25</ele></trkpt>
   <trkpt lat="53.018819" lon="14.017606"><ele>47.5</ele></trkpt>
   <trkpt lat="53.019213" lon="14.017757"><ele>44.75</ele></trkpt>
   <trkpt lat="53.019203" lon="14.017996"><ele>44.75</ele></trkpt>
   <trkpt lat="53.019219" lon="14.018263"><ele>44.75</ele></trkpt>
   <trkpt lat="53.019203" lon="14.018478"><ele>44.25</ele></trkpt>
   <trkpt lat="53.019091" lon="14.019608"><ele>44.25</ele></trkpt>
   <trkpt lat="53.019062" lon="14.019806"><ele>44.25</ele></trkpt>
   <trkpt lat="53.018781" lon="14.020539"><ele>44</ele></trkpt>
   <trkpt lat="53.018685" lon="14.020755"><ele>44</ele></trkpt>
   <trkpt lat="53.018635" lon="14.02092"><ele>43.75</ele></trkpt>
   <trkpt lat="53.018577" lon="14.021068"><ele>44</ele></trkpt>
   <trkpt lat="53.018541" lon="14.021654"><ele>43.25</ele></trkpt>
   <trkpt lat="53.018532" lon="14.021969"><ele>44.25</ele></trkpt>
   <trkpt lat="53.018539" lon="14.022146"><ele>44.5</ele></trkpt>
   <trkpt lat="53.018623" lon="14.022672"><ele>43.75</ele></trkpt>
   <trkpt lat="53.018637" lon="14.023003"><ele>43.75</ele></trkpt>
   <trkpt lat="53.018628" lon="14.023568"><ele>43.75</ele></trkpt>
   <trkpt lat="53.018634" lon="14.023897"><ele>43.75</ele></trkpt>
   <trkpt lat="53.018668" lon="14.024226"><ele>43.75</ele></trkpt>
   <trkpt lat="53.018744" lon="14.024762"><ele>44.5</ele></trkpt>
   <trkpt lat="53.018866" lon="14.025115"><ele>44</ele></trkpt>
   <trkpt lat="53.019075" lon="14.025571"><ele>44.25</ele></trkpt>
   <trkpt lat="53.019236" lon="14.026004"><ele>43.75</ele></trkpt>
   <trkpt lat="53.019335" lon="14.026432"><ele>43.75</ele></trkpt>
   <trkpt lat="53.019372" lon="14.026789"><ele>43.5</ele></trkpt>
   <trkpt lat="53.019429" lon="14.028619"><ele>44</ele></trkpt>
   <trkpt lat="53.019604" lon="14.029225"><ele>43.25</ele></trkpt>
   <trkpt lat="53.019653" lon="14.029344"><ele>42.75</ele></trkpt>
   <trkpt lat="53.019692" lon="14.029353"><ele>42.5</ele></trkpt>
   <trkpt lat="53.019846" lon="14.029306"><ele>42.25</ele></trkpt>
   <trkpt lat="53.019927" lon="14.029111"><ele>42.25</ele></trkpt>
   <trkpt lat="53.020216" lon="14.02869"><ele>42</ele></trkpt>
   <trkpt lat="53.020255" lon="14.028672"><ele>42</ele></trkpt>
   <trkpt lat="53.020281" lon="14.028681"><ele>41.75</ele></trkpt>
   <trkpt lat="53.020326" lon="14.028767"><ele>42</ele></trkpt>
   <trkpt lat="53.020359" lon="14.02878"><ele>42</ele></trkpt>
   <trkpt lat="53.020525" lon="14.028781"><ele>42</ele></trkpt>
   <trkpt lat="53.020637" lon="14.02882"><ele>41.75</ele></trkpt>
   <trkpt lat="53.020715" lon="14.028824"><ele>42</ele></trkpt>
   <trkpt lat="53.020887" lon="14.028801"><ele>42</ele></trkpt>
   <trkpt lat="53.021124" lon="14.028803"><ele>42.5</ele></trkpt>
   <trkpt lat="53.021271" lon="14.028793"><ele>42.75</ele></trkpt>
   <trkpt lat="53.021437" lon="14.028744"><ele>43</ele></trkpt>
   <trkpt lat="53.021597" lon="14.028712"><ele>43</ele></trkpt>
   <trkpt lat="53.021779" lon="14.028692"><ele>43</ele></trkpt>
   <trkpt lat="53.021978" lon="14.028669"><ele>43</ele></trkpt>
   <trkpt lat="53.022018" lon="14.028676"><ele>43</ele></trkpt>
   <trkpt lat="53.022082" lon="14.028718"><ele>43</ele></trkpt>
   <trkpt lat="53.022141" lon="14.028733"><ele>43.25</ele></trkpt>
   <trkpt lat="53.02242" lon="14.028727"><ele>43.25</ele></trkpt>
   <trkpt lat="53.022563" lon="14.028743"><ele>43.25</ele></trkpt>
   <trkpt lat="53.022799" lon="14.028797"><ele>43.5</ele></trkpt>
   <trkpt lat="53.022918" lon="14.028845"><ele>43.25</ele></trkpt>
   <trkpt lat="53.023058" lon="14.02895"><ele>43</ele></trkpt>
   <trkpt lat="53.023179" lon="14.029098"><ele>43.25</ele></trkpt>
   <trkpt lat="53.023276" lon="14.029254"><ele>43.25</ele></trkpt>
   <trkpt lat="53.023353" lon="14.029808"><ele>43.5</ele></trkpt>
   <trkpt lat="53.023168" lon="14.030523"><ele>44.25</ele></trkpt>
   <trkpt lat="53.023193" lon="14.030768"><ele>44</ele></trkpt>
   <trkpt lat="53.0232" lon="14.03092"><ele>44</ele></trkpt>
   <trkpt lat="53.023266" lon="14.03111"><ele>43.25</ele></trkpt>
   <trkpt lat="53.023271" lon="14.031265"><ele>44.25</ele></trkpt>
   <trkpt lat="53.023287" lon="14.031343"><ele>44.5</ele></trkpt>
   <trkpt lat="53.023338" lon="14.031453"><ele>44</ele></trkpt>
   <trkpt lat="53.023376" lon="14.031577"><ele>44.25</ele></trkpt>
   <trkpt lat="53.023496" lon="14.032312"><ele>43.5</ele></trkpt>
   <trkpt lat="53.023541" lon="14.032488"><ele>43</ele></trkpt>
   <trkpt lat="53.023638" lon="14.032657"><ele>42.5</ele></trkpt>
   <trkpt lat="53.02369" lon="14.032732"><ele>42.5</ele></trkpt>
   <trkpt lat="53.023754" lon="14.0328"><ele>42.5</ele></trkpt>
   <trkpt lat="53.023942" lon="14.032932"><ele>42.5</ele></trkpt>
   <trkpt lat="53.024026" lon="14.032966"><ele>42.5</ele></trkpt>
   <trkpt lat="53.023972" lon="14.033132"><ele>43</ele></trkpt>
   <trkpt lat="53.023871" lon="14.033502"><ele>44.5</ele></trkpt>
   <trkpt lat="53.023654" lon="14.034322"><ele>46.25</ele></trkpt>
   <trkpt lat="53.024007" lon="14.034699"><ele>45.5</ele></trkpt>
   <trkpt lat="53.024174" lon="14.034885"><ele>44.75</ele></trkpt>
   <trkpt lat="53.024305" lon="14.035005"><ele>43.75</ele></trkpt>
   <trkpt lat="53.024443" lon="14.035114"><ele>43</ele></trkpt>
   <trkpt lat="53.024563" lon="14.035232"><ele>43.75</ele></trkpt>
   <trkpt lat="53.02482" lon="14.035501"><ele>45.75</ele></trkpt>
   <trkpt lat="53.02489" lon="14.035551"><ele>46</ele></trkpt>
   <trkpt lat="53.025074" lon="14.03564"><ele>46.5</ele></trkpt>
   <trkpt lat="53.025236" lon="14.035704"><ele>46.25</ele></trkpt>
   <trkpt lat="53.025357" lon="14.035719"><ele>46</ele></trkpt>
   <trkpt lat="53.025607" lon="14.035782"><ele>45</ele></trkpt>
   <trkpt lat="53.025833" lon="14.035838"><ele>44.75</ele></trkpt>
   <trkpt lat="53.026213" lon="14.035933"><ele>46</ele></trkpt>
   <trkpt lat="53.026447" lon="14.036034"><ele>46.25</ele></trkpt>
   <trkpt lat="53.026575" lon="14.035802"><ele>47.75</ele></trkpt>
   <trkpt lat="53.026633" lon="14.035696"><ele>48.25</ele></trkpt>
   <trkpt lat="53.026763" lon="14.0354"><ele>49</ele></trkpt>
   <trkpt lat="53.026837" lon="14.03512"><ele>49</ele></trkpt>
   <trkpt lat="53.026879" lon="14.034892"><ele>49</ele></trkpt>
   <trkpt lat="53.026904" lon="14.034693"><ele>49</ele></trkpt>
   <trkpt lat="53.026968" lon="14.034299"><ele>50</ele></trkpt>
   <trkpt lat="53.026988" lon="14.03414"><ele>49.75</ele></trkpt>
   <trkpt lat="53.027525" lon="14.034025"><ele>50</ele></trkpt>
   <trkpt lat="53.028073" lon="14.033977"><ele>51.5</ele></trkpt>
   <trkpt lat="53.028715" lon="14.034101"><ele>54.75</ele></trkpt>
   <trkpt lat="53.029134" lon="14.03425"><ele>56.75</ele></trkpt>
   <trkpt lat="53.029432" lon="14.034425"><ele>58</ele></trkpt>
   <trkpt lat="53.030793" lon="14.035564"><ele>59.75</ele></trkpt>
   <trkpt lat="53.031745" lon="14.036843"><ele>59.25</ele></trkpt>
   <trkpt lat="53.032867" lon="14.039072"><ele>55</ele></trkpt>
   <trkpt lat="53.033149" lon="14.039389"><ele>55.5</ele></trkpt>
   <trkpt lat="53.034812" lon="14.040575"><ele>56.5</ele></trkpt>
   <trkpt lat="53.035836" lon="14.041209"><ele>55.75</ele></trkpt>
   <trkpt lat="53.036288" lon="14.041588"><ele>55.5</ele></trkpt>
   <trkpt lat="53.036661" lon="14.042217"><ele>56</ele></trkpt>
   <trkpt lat="53.036611" lon="14.044394"><ele>47</ele></trkpt>
   <trkpt lat="53.036796" lon="14.045658"><ele>46.75</ele></trkpt>
   <trkpt lat="53.037712" lon="14.045008"><ele>42.75</ele></trkpt>
   <trkpt lat="53.039638" lon="14.043846"><ele>44.25</ele></trkpt>
   <trkpt lat="53.042662" lon="14.041975"><ele>50.75</ele></trkpt>
   <trkpt lat="53.043367" lon="14.041574"><ele>53</ele></trkpt>
   <trkpt lat="53.046016" lon="14.039705"><ele>42.25</ele></trkpt>
   <trkpt lat="53.047459" lon="14.038659"><ele>45.5</ele></trkpt>
   <trkpt lat="53.048152" lon="14.038158"><ele>46</ele></trkpt>
   <trkpt lat="53.048717" lon="14.037752"><ele>45.75</ele></trkpt>
   <trkpt lat="53.04948" lon="14.037205"><ele>45.25</ele></trkpt>
   <trkpt lat="53.049574" lon="14.03714"><ele>44.25</ele></trkpt>
   <trkpt lat="53.050118" lon="14.036733"><ele>41.5</ele></trkpt>
   <trkpt lat="53.050537" lon="14.036423"><ele>40.75</ele></trkpt>
   <trkpt lat="53.050986" lon="14.036075"><ele>41</ele></trkpt>
   <trkpt lat="53.051001" lon="14.036062"><ele>41</ele></trkpt>
   <trkpt lat="53.051046" lon="14.036028"><ele>41</ele></trkpt>
   <trkpt lat="53.051162" lon="14.035938"><ele>40.75</ele></trkpt>
   <trkpt lat="53.051193" lon="14.035914"><ele>40.75</ele></trkpt>
   <trkpt lat="53.051267" lon="14.035857"><ele>40.25</ele></trkpt>
   <trkpt lat="53.051357" lon="14.035787"><ele>40</ele></trkpt>
   <trkpt lat="53.051421" lon="14.035737"><ele>39.75</ele></trkpt>
   <trkpt lat="53.051531" lon="14.035652"><ele>39</ele></trkpt>
   <trkpt lat="53.051794" lon="14.035447"><ele>37.75</ele></trkpt>
   <trkpt lat="53.05186" lon="14.035591"><ele>37.25</ele></trkpt>
   <trkpt lat="53.051662" lon="14.037203"><ele>38</ele></trkpt>
   <trkpt lat="53.05165" lon="14.0373"><ele>38</ele></trkpt>
   <trkpt lat="53.051516" lon="14.038391"><ele>37.5</ele></trkpt>
   <trkpt lat="53.051472" lon="14.038747"><ele>38.25</ele></trkpt>
   <trkpt lat="53.051451" lon="14.038917"><ele>38.5</ele></trkpt>
   <trkpt lat="53.051462" lon="14.039268"><ele>40</ele></trkpt>
   <trkpt lat="53.051603" lon="14.040621"><ele>37</ele></trkpt>
   <trkpt lat="53.051605" lon="14.04082"><ele>37.5</ele></trkpt>
   <trkpt lat="53.051538" lon="14.040902"><ele>37.5</ele></trkpt>
   <trkpt lat="53.051413" lon="14.041025"><ele>37.5</ele></trkpt>
   <trkpt lat="53.05119" lon="14.041274"><ele>39</ele></trkpt>
   <trkpt lat="53.051162" lon="14.041328"><ele>38.75</ele></trkpt>
   <trkpt lat="53.051153" lon="14.041395"><ele>38.75</ele></trkpt>
   <trkpt lat="53.051158" lon="14.041471"><ele>39.5</ele></trkpt>
   <trkpt lat="53.051178" lon="14.04153"><ele>40.25</ele></trkpt>
   <trkpt lat="53.051556" lon="14.042318"><ele>44.75</ele></trkpt>
   <trkpt lat="53.051805" lon="14.042711"><ele>44.5</ele></trkpt>
   <trkpt lat="53.05224" lon="14.043674"><ele>44</ele></trkpt>
   <trkpt lat="53.052905" lon="14.045233"><ele>45.75</ele></trkpt>
   <trkpt lat="53.053231" lon="14.046045"><ele>48.25</ele></trkpt>
   <trkpt lat="53.053388" lon="14.046462"><ele>47.75</ele></trkpt>
   <trkpt lat="53.053456" lon="14.046689"><ele>45.75</ele></trkpt>
   <trkpt lat="53.05351" lon="14.046917"><ele>45.5</ele></trkpt>
   <trkpt lat="53.053793" lon="14.048518"><ele>39.5</ele></trkpt>
   <trkpt lat="53.05458" lon="14.05342"><ele>47</ele></trkpt>
   <trkpt lat="53.05472" lon="14.054498"><ele>52</ele></trkpt>
   <trkpt lat="53.054764" lon="14.054751"><ele>51.75</ele></trkpt>
   <trkpt lat="53.054848" lon="14.055256"><ele>52</ele></trkpt>
   <trkpt lat="53.054935" lon="14.055784"><ele>52</ele></trkpt>
   <trkpt lat="53.055004" lon="14.056198"><ele>52.75</ele></trkpt>
   <trkpt lat="53.055021" lon="14.056302"><ele>52.75</ele></trkpt>
   <trkpt lat="53.055122" lon="14.056911"><ele>52.5</ele></trkpt>
   <trkpt lat="53.055136" lon="14.056998"><ele>52.5</ele></trkpt>
   <trkpt lat="53.05519" lon="14.057325"><ele>51.75</ele></trkpt>
   <trkpt lat="53.055195" lon="14.057363"><ele>51.75</ele></trkpt>
   <trkpt lat="53.055243" lon="14.057609"><ele>51</ele></trkpt>
   <trkpt lat="53.055257" lon="14.057681"><ele>51</ele></trkpt>
   <trkpt lat="53.0566" lon="14.066263"><ele>63.5</ele></trkpt>
   <trkpt lat="53.056669" lon="14.066855"><ele>62.5</ele></trkpt>
   <trkpt lat="53.05671" lon="14.067227"><ele>61</ele></trkpt>
   <trkpt lat="53.05677" lon="14.067928"><ele>63</ele></trkpt>
   <trkpt lat="53.056818" lon="14.069298"><ele>62.75</ele></trkpt>
   <trkpt lat="53.056849" lon="14.071528"><ele>57</ele></trkpt>
   <trkpt lat="53.056833" lon="14.073001"><ele>56.25</ele></trkpt>
   <trkpt lat="53.05687" lon="14.073659"><ele>54.25</ele></trkpt>
   <trkpt lat="53.057041" lon="14.074675"><ele>49.75</ele></trkpt>
   <trkpt lat="53.057396" lon="14.075893"><ele>43.25</ele></trkpt>
   <trkpt lat="53.058391" lon="14.078738"><ele>47.5</ele></trkpt>
   <trkpt lat="53.058675" lon="14.079433"><ele>47.75</ele></trkpt>
   <trkpt lat="53.058976" lon="14.080102"><ele>46.5</ele></trkpt>
   <trkpt lat="53.05979" lon="14.081878"><ele>44</ele></trkpt>
   <trkpt lat="53.059815" lon="14.081936"><ele>44</ele></trkpt>
   <trkpt lat="53.059739" lon="14.082802"><ele>43.75</ele></trkpt>
   <trkpt lat="53.059649" lon="14.083826"><ele>43</ele></trkpt>
   <trkpt lat="53.059923" lon="14.084703"><ele>43.5</ele></trkpt>
   <trkpt lat="53.060004" lon="14.084996"><ele>43</ele></trkpt>
   <trkpt lat="53.060039" lon="14.085139"><ele>43</ele></trkpt>
   <trkpt lat="53.060709" lon="14.085304"><ele>43</ele></trkpt>
   <trkpt lat="53.06067" lon="14.085643"><ele>42.75</ele></trkpt>
   <trkpt lat="53.060649" lon="14.085712"><ele>42.5</ele></trkpt>
   <trkpt lat="53.062028" lon="14.086079"><ele>44</ele></trkpt>
   <trkpt lat="53.06207" lon="14.085685"><ele>44</ele></trkpt>
   <trkpt lat="53.062815" lon="14.085841"><ele>45</ele></trkpt>
   <trkpt lat="53.063312" lon="14.085967"><ele>45.75</ele></trkpt>
   <trkpt lat="53.063459" lon="14.086024"><ele>46.5</ele></trkpt>
   <trkpt lat="53.063572" lon="14.086067"><ele>46.75</ele></trkpt>
   <trkpt lat="53.063879" lon="14.086296"><ele>46.75</ele></trkpt>
   <trkpt lat="53.064141" lon="14.086562"><ele>46.25</ele></trkpt>
   <trkpt lat="53.064403" lon="14.086829"><ele>46.75</ele></trkpt>
   <trkpt lat="53.064656" lon="14.087087"><ele>46.25</ele></trkpt>
   <trkpt lat="53.064912" lon="14.087347"><ele>46.25</ele></trkpt>
   <trkpt lat="53.064999" lon="14.087435"><ele>46.75</ele></trkpt>
   <trkpt lat="53.065135" lon="14.087573"><ele>46.5</ele></trkpt>
   <trkpt lat="53.065208" lon="14.087654"><ele>46.25</ele></trkpt>
   <trkpt lat="53.065573" lon="14.088072"><ele>47</ele></trkpt>
   <trkpt lat="53.066455" lon="14.089095"><ele>45</ele></trkpt>
   <trkpt lat="53.067571" lon="14.090554"><ele>47</ele></trkpt>
   <trkpt lat="53.06834" lon="14.091381"><ele>47</ele></trkpt>
   <trkpt lat="53.069038" lon="14.092117"><ele>46.5</ele></trkpt>
   <trkpt lat="53.070628" lon="14.093838"><ele>45.5</ele></trkpt>
   <trkpt lat="53.071195" lon="14.094452"><ele>44.5</ele></trkpt>
   <trkpt lat="53.07298" lon="14.096092"><ele>44</ele></trkpt>
   <trkpt lat="53.073039" lon="14.096163"><ele>44</ele></trkpt>
   <trkpt lat="53.073127" lon="14.096302"><ele>43.75</ele></trkpt>
   <trkpt lat="53.073224" lon="14.096504"><ele>43.5</ele></trkpt>
   <trkpt lat="53.073277" lon="14.096637"><ele>43.25</ele></trkpt>
   <trkpt lat="53.073347" lon="14.096778"><ele>43</ele></trkpt>
   <trkpt lat="53.073414" lon="14.096881"><ele>42.75</ele></trkpt>
   <trkpt lat="53.073514" lon="14.096983"><ele>43</ele></trkpt>
   <trkpt lat="53.073568" lon="14.097056"><ele>43.25</ele></trkpt>
   <trkpt lat="53.073653" lon="14.097116"><ele>43.5</ele></trkpt>
   <trkpt lat="53.073702" lon="14.097132"><ele>43.25</ele></trkpt>
   <trkpt lat="53.073834" lon="14.097153"><ele>43</ele></trkpt>
   <trkpt lat="53.07391" lon="14.097159"><ele>43</ele></trkpt>
   <trkpt lat="53.074047" lon="14.097206"><ele>43</ele></trkpt>
   <trkpt lat="53.074124" lon="14.097226"><ele>43</ele></trkpt>
   <trkpt lat="53.074173" lon="14.097232"><ele>43</ele></trkpt>
   <trkpt lat="53.07553" lon="14.098531"><ele>41</ele></trkpt>
   <trkpt lat="53.075914" lon="14.098942"><ele>41.5</ele></trkpt>
   <trkpt lat="53.076045" lon="14.099164"><ele>42</ele></trkpt>
   <trkpt lat="53.076117" lon="14.099329"><ele>41.25</ele></trkpt>
   <trkpt lat="53.076225" lon="14.099296"><ele>42.25</ele></trkpt>
   <trkpt lat="53.07647" lon="14.099388"><ele>42.75</ele></trkpt>
   <trkpt lat="53.077707" lon="14.100679"><ele>40.25</ele></trkpt>
   <trkpt lat="53.080236" lon="14.103995"><ele>46.5</ele></trkpt>
   <trkpt lat="53.080343" lon="14.104174"><ele>48</ele></trkpt>
   <trkpt lat="53.080902" lon="14.105448"><ele>50.75</ele></trkpt>
   <trkpt lat="53.081187" lon="14.106166"><ele>51.5</ele></trkpt>
   <trkpt lat="53.08203" lon="14.108335"><ele>49</ele></trkpt>
   <trkpt lat="53.08235" lon="14.108866"><ele>48</ele></trkpt>
   <trkpt lat="53.082576" lon="14.109376"><ele>46</ele></trkpt>
   <trkpt lat="53.082805" lon="14.10998"><ele>45</ele></trkpt>
   <trkpt lat="53.083152" lon="14.110951"><ele>41.25</ele></trkpt>
   <trkpt lat="53.084431" lon="14.113814"><ele>39</ele></trkpt>
   <trkpt lat="53.084786" lon="14.114579"><ele>38.5</ele></trkpt>
   <trkpt lat="53.0856" lon="14.116465"><ele>39.5</ele></trkpt>
   <trkpt lat="53.086841" lon="14.118741"><ele>43.5</ele></trkpt>
   <trkpt lat="53.087958" lon="14.120817"><ele>44.25</ele></trkpt>
   <trkpt lat="53.088168" lon="14.121269"><ele>43.75</ele></trkpt>
   <trkpt lat="53.088361" lon="14.121816"><ele>42.5</ele></trkpt>
   <trkpt lat="53.088579" lon="14.122321"><ele>39.75</ele></trkpt>
   <trkpt lat="53.088794" lon="14.122693"><ele>38.75</ele></trkpt>
   <trkpt lat="53.088977" lon="14.122945"><ele>37.75</ele></trkpt>
   <trkpt lat="53.089367" lon="14.123469"><ele>36.75</ele></trkpt>
   <trkpt lat="53.08984" lon="14.12392"><ele>36</ele></trkpt>
   <trkpt lat="53.09025" lon="14.123805"><ele>34</ele></trkpt>
   <trkpt lat="53.090727" lon="14.12328"><ele>33</ele></trkpt>
   <trkpt lat="53.091207" lon="14.122952"><ele>33</ele></trkpt>
   <trkpt lat="53.092076" lon="14.122352"><ele>35.75</ele></trkpt>
   <trkpt lat="53.092929" lon="14.12174"><ele>38.25</ele></trkpt>
   <trkpt lat="53.093886" lon="14.12095"><ele>35.5</ele></trkpt>
   <trkpt lat="53.094873" lon="14.120198"><ele>33.5</ele></trkpt>
   <trkpt lat="53.095091" lon="14.120049"><ele>33.25</ele></trkpt>
   <trkpt lat="53.096024" lon="14.119576"><ele>35.75</ele></trkpt>
   <trkpt lat="53.097205" lon="14.118943"><ele>35</ele></trkpt>
   <trkpt lat="53.098397" lon="14.118253"><ele>34</ele></trkpt>
   <trkpt lat="53.099474" lon="14.117662"><ele>37.5</ele></trkpt>
   <trkpt lat="53.099843" lon="14.117488"><ele>36.75</ele></trkpt>
   <trkpt lat="53.100394" lon="14.1173"><ele>37.25</ele></trkpt>
   <trkpt lat="53.10102" lon="14.117127"><ele>35.75</ele></trkpt>
   <trkpt lat="53.101791" lon="14.117099"><ele>36</ele></trkpt>
   <trkpt lat="53.10268" lon="14.117144"><ele>36</ele></trkpt>
   <trkpt lat="53.103169" lon="14.117181"><ele>36</ele></trkpt>
   <trkpt lat="53.103744" lon="14.117143"><ele>35.75</ele></trkpt>
   <trkpt lat="53.103874" lon="14.11717"><ele>35.25</ele></trkpt>
   <trkpt lat="53.103966" lon="14.117215"><ele>35.25</ele></trkpt>
   <trkpt lat="53.107651" lon="14.120939"><ele>37.25</ele></trkpt>
   <trkpt lat="53.108644" lon="14.121629"><ele>38</ele></trkpt>
   <trkpt lat="53.108972" lon="14.121895"><ele>38</ele></trkpt>
   <trkpt lat="53.110835" lon="14.123486"><ele>37</ele></trkpt>
   <trkpt lat="53.111509" lon="14.124084"><ele>37.5</ele></trkpt>
   <trkpt lat="53.113313" lon="14.128467"><ele>40</ele></trkpt>
   <trkpt lat="53.11367" lon="14.129029"><ele>40.5</ele></trkpt>
   <trkpt lat="53.114546" lon="14.130144"><ele>42</ele></trkpt>
   <trkpt lat="53.11547" lon="14.13216"><ele>42</ele></trkpt>
   <trkpt lat="53.116526" lon="14.135777"><ele>43.75</ele></trkpt>
   <trkpt lat="53.116674" lon="14.13643"><ele>43.75</ele></trkpt>
   <trkpt lat="53.117016" lon="14.137481"><ele>43</ele></trkpt>
   <trkpt lat="53.118367" lon="14.141147"><ele>44</ele></trkpt>
   <trkpt lat="53.118517" lon="14.141505"><ele>44.25</ele></trkpt>
   <trkpt lat="53.118679" lon="14.142074"><ele>44.25</ele></trkpt>
   <trkpt lat="53.119262" lon="14.143659"><ele>44</ele></trkpt>
   <trkpt lat="53.120875" lon="14.143422"><ele>47</ele></trkpt>
   <trkpt lat="53.121785" lon="14.143288"><ele>48</ele></trkpt>
   <trkpt lat="53.121849" lon="14.143302"><ele>48</ele></trkpt>
   <trkpt lat="53.122013" lon="14.143375"><ele>48</ele></trkpt>
   <trkpt lat="53.122085" lon="14.143428"><ele>48.25</ele></trkpt>
   <trkpt lat="53.122304" lon="14.143601"><ele>48</ele></trkpt>
   <trkpt lat="53.122523" lon="14.143879"><ele>48</ele></trkpt>
   <trkpt lat="53.122745" lon="14.144143"><ele>48</ele></trkpt>
   <trkpt lat="53.122875" lon="14.144177"><ele>47.5</ele></trkpt>
   <trkpt lat="53.123135" lon="14.144136"><ele>46.5</ele></trkpt>
   <trkpt lat="53.123329" lon="14.144044"><ele>45.25</ele></trkpt>
   <trkpt lat="53.124963" lon="14.145979"><ele>25.5</ele></trkpt>
   <trkpt lat="53.125543" lon="14.146654"><ele>21</ele></trkpt>
   <trkpt lat="53.125577" lon="14.146693"><ele>20.75</ele></trkpt>
   <trkpt lat="53.126745" lon="14.145748"><ele>20</ele></trkpt>
   <trkpt lat="53.127367" lon="14.145257"><ele>19</ele></trkpt>
   <trkpt lat="53.128081" lon="14.144713"><ele>19.75</ele></trkpt>
   <trkpt lat="53.129928" lon="14.143218"><ele>17.25</ele></trkpt>
   <trkpt lat="53.130151" lon="14.143018"><ele>17</ele></trkpt>
   <trkpt lat="53.130745" lon="14.142558"><ele>17</ele></trkpt>
   <trkpt lat="53.131599" lon="14.14188"><ele>17</ele></trkpt>
   <trkpt lat="53.132081" lon="14.141511"><ele>16.5</ele></trkpt>
   <trkpt lat="53.132986" lon="14.14038"><ele>16.75</ele></trkpt>
   <trkpt lat="53.133042" lon="14.140289"><ele>16.75</ele></trkpt>
   <trkpt lat="53.132877" lon="14.14074"><ele>16</ele></trkpt>
   <trkpt lat="53.132332" lon="14.142147"><ele>16</ele></trkpt>
   <trkpt lat="53.132274" lon="14.142449"><ele>15</ele></trkpt>
   <trkpt lat="53.132349" lon="14.142508"><ele>15</ele></trkpt>
   <trkpt lat="53.133044" lon="14.140563"><ele>16.75</ele></trkpt>
   <trkpt lat="53.133487" lon="14.139484"><ele>16.25</ele></trkpt>
   <trkpt lat="53.133829" lon="14.138766"><ele>16.5</ele></trkpt>
   <trkpt lat="53.134375" lon="14.137827"><ele>16.75</ele></trkpt>
   <trkpt lat="53.134847" lon="14.137085"><ele>16.75</ele></trkpt>
   <trkpt lat="53.135152" lon="14.136584"><ele>17.5</ele></trkpt>
   <trkpt lat="53.135303" lon="14.136812"><ele>17.25</ele></trkpt>
   <trkpt lat="53.135485" lon="14.136948"><ele>16.25</ele></trkpt>
   <trkpt lat="53.135582" lon="14.136961"><ele>15.75</ele></trkpt>
   <trkpt lat="53.135668" lon="14.136945"><ele>15.75</ele></trkpt>
   <trkpt lat="53.135756" lon="14.136917"><ele>15.75</ele></trkpt>
   <trkpt lat="53.135851" lon="14.136813"><ele>15.25</ele></trkpt>
   <trkpt lat="53.138803" lon="14.133193"><ele>16</ele></trkpt>
   <trkpt lat="53.139675" lon="14.131942"><ele>15</ele></trkpt>
   <trkpt lat="53.140361" lon="14.130853"><ele>15.75</ele></trkpt>
   <trkpt lat="53.139675" lon="14.131942"><ele>15</ele></trkpt>
   <trkpt lat="53.138803" lon="14.133193"><ele>16</ele></trkpt>
   <trkpt lat="53.135851" lon="14.136813"><ele>15.25</ele></trkpt>
   <trkpt lat="53.135756" lon="14.136917"><ele>15.75</ele></trkpt>
   <trkpt lat="53.135668" lon="14.136945"><ele>15.75</ele></trkpt>
   <trkpt lat="53.135582" lon="14.136961"><ele>15.75</ele></trkpt>
   <trkpt lat="53.135485" lon="14.136948"><ele>16.25</ele></trkpt>
   <trkpt lat="53.135303" lon="14.136812"><ele>17.25</ele></trkpt>
   <trkpt lat="53.135152" lon="14.136584"><ele>17.5</ele></trkpt>
   <trkpt lat="53.134847" lon="14.137085"><ele>16.75</ele></trkpt>
   <trkpt lat="53.134375" lon="14.137827"><ele>16.75</ele></trkpt>
   <trkpt lat="53.133829" lon="14.138766"><ele>16.5</ele></trkpt>
   <trkpt lat="53.133487" lon="14.139484"><ele>16.25</ele></trkpt>
   <trkpt lat="53.133044" lon="14.140563"><ele>16.75</ele></trkpt>
   <trkpt lat="53.132349" lon="14.142508"><ele>15</ele></trkpt>
   <trkpt lat="53.132274" lon="14.142449"><ele>15</ele></trkpt>
   <trkpt lat="53.132332" lon="14.142147"><ele>16</ele></trkpt>
   <trkpt lat="53.132877" lon="14.14074"><ele>16</ele></trkpt>
   <trkpt lat="53.133042" lon="14.140289"><ele>16.75</ele></trkpt>
   <trkpt lat="53.132986" lon="14.14038"><ele>16.75</ele></trkpt>
   <trkpt lat="53.132081" lon="14.141511"><ele>16.5</ele></trkpt>
   <trkpt lat="53.131599" lon="14.14188"><ele>17</ele></trkpt>
   <trkpt lat="53.130745" lon="14.142558"><ele>17</ele></trkpt>
   <trkpt lat="53.130151" lon="14.143018"><ele>17</ele></trkpt>
   <trkpt lat="53.129928" lon="14.143218"><ele>17.25</ele></trkpt>
   <trkpt lat="53.128081" lon="14.144713"><ele>19.75</ele></trkpt>
   <trkpt lat="53.127367" lon="14.145257"><ele>19</ele></trkpt>
   <trkpt lat="53.126745" lon="14.145748"><ele>20</ele></trkpt>
   <trkpt lat="53.125577" lon="14.146693"><ele>20.75</ele></trkpt>
   <trkpt lat="53.125543" lon="14.146654"><ele>21</ele></trkpt>
   <trkpt lat="53.123363" lon="14.148629"><ele>20.75</ele></trkpt>
   <trkpt lat="53.122847" lon="14.149218"><ele>21.5</ele></trkpt>
   <trkpt lat="53.121914" lon="14.150036"><ele>21</ele></trkpt>
   <trkpt lat="53.119625" lon="14.152238"><ele>19.75</ele></trkpt>
   <trkpt lat="53.119139" lon="14.152818"><ele>19.75</ele></trkpt>
   <trkpt lat="53.118884" lon="14.153242"><ele>19</ele></trkpt>
   <trkpt lat="53.118757" lon="14.1534"><ele>19</ele></trkpt>
   <trkpt lat="53.118198" lon="14.154595"><ele>18.25</ele></trkpt>
   <trkpt lat="53.117651" lon="14.155859"><ele>17.25</ele></trkpt>
   <trkpt lat="53.117644" lon="14.155892"><ele>17.25</ele></trkpt>
   <trkpt lat="53.11717" lon="14.156965"><ele>17</ele></trkpt>
   <trkpt lat="53.113307" lon="14.163831"><ele>16</ele></trkpt>
   <trkpt lat="53.107175" lon="14.174474"><ele>17.25</ele></trkpt>
   <trkpt lat="53.099273" lon="14.186977"><ele>17.5</ele></trkpt>
   <trkpt lat="53.098648" lon="14.188417"><ele>17.75</ele></trkpt>
   <trkpt lat="53.098301" lon="14.189136"><ele>18</ele></trkpt>
   <trkpt lat="53.09796" lon="14.189893"><ele>18.5</ele></trkpt>
   <trkpt lat="53.097348" lon="14.191128"><ele>17.25</ele></trkpt>
   <trkpt lat="53.097065" lon="14.191781"><ele>16.5</ele></trkpt>
   <trkpt lat="53.096647" lon="14.192494"><ele>17</ele></trkpt>
   <trkpt lat="53.096439" lon="14.192873"><ele>16.75</ele></trkpt>
   <trkpt lat="53.096153" lon="14.193597"><ele>16.5</ele></trkpt>
   <trkpt lat="53.09579" lon="14.19465"><ele>15.75</ele></trkpt>
   <trkpt lat="53.094865" lon="14.197193"><ele>17.25</ele></trkpt>
   <trkpt lat="53.094649" lon="14.197674"><ele>15.5</ele></trkpt>
   <trkpt lat="53.094544" lon="14.197889"><ele>15.25</ele></trkpt>
   <trkpt lat="53.094312" lon="14.198252"><ele>14.75</ele></trkpt>
   <trkpt lat="53.094073" lon="14.198716"><ele>14.25</ele></trkpt>
   <trkpt lat="53.093989" lon="14.198896"><ele>14</ele></trkpt>
   <trkpt lat="53.093148" lon="14.200363"><ele>15.5</ele></trkpt>
   <trkpt lat="53.092998" lon="14.200587"><ele>15.75</ele></trkpt>
   <trkpt lat="53.092698" lon="14.201143"><ele>15</ele></trkpt>
   <trkpt lat="53.092611" lon="14.201304"><ele>15.25</ele></trkpt>
   <trkpt lat="53.092211" lon="14.202043"><ele>14</ele></trkpt>
   <trkpt lat="53.092148" lon="14.202159"><ele>14</ele></trkpt>
   <trkpt lat="53.092017" lon="14.202383"><ele>14</ele></trkpt>
   <trkpt lat="53.091938" lon="14.202445"><ele>14</ele></trkpt>
   <trkpt lat="53.091582" lon="14.203108"><ele>14.25</ele></trkpt>
   <trkpt lat="53.091521" lon="14.203252"><ele>14.5</ele></trkpt>
   <trkpt lat="53.091245" lon="14.204015"><ele>14</ele></trkpt>
   <trkpt lat="53.09095" lon="14.204868"><ele>14</ele></trkpt>
   <trkpt lat="53.090935" lon="14.20491"><ele>14.25</ele></trkpt>
   <trkpt lat="53.090655" lon="14.205719"><ele>15.75</ele></trkpt>
   <trkpt lat="53.090309" lon="14.206718"><ele>14.75</ele></trkpt>
   <trkpt lat="53.090252" lon="14.206884"><ele>14.25</ele></trkpt>
   <trkpt lat="53.089975" lon="14.207684"><ele>14.5</ele></trkpt>
   <trkpt lat="53.089784" lon="14.208235"><ele>14.25</ele></trkpt>
   <trkpt lat="53.089235" lon="14.209822"><ele>13.75</ele></trkpt>
   <trkpt lat="53.089128" lon="14.210056"><ele>13.75</ele></trkpt>
   <trkpt lat="53.088895" lon="14.210451"><ele>13.75</ele></trkpt>
   <trkpt lat="53.088766" lon="14.210651"><ele>14</ele></trkpt>
   <trkpt lat="53.089057" lon="14.211609"><ele>14</ele></trkpt>
   <trkpt lat="53.089126" lon="14.211813"><ele>14</ele></trkpt>
   <trkpt lat="53.089415" lon="14.212675"><ele>14</ele></trkpt>
   <trkpt lat="53.089554" lon="14.213012"><ele>14.25</ele></trkpt>
   <trkpt lat="53.090127" lon="14.214344"><ele>15.25</ele></trkpt>
   <trkpt lat="53.090409" lon="14.215028"><ele>15.75</ele></trkpt>
   <trkpt lat="53.090453" lon="14.215179"><ele>15.75</ele></trkpt>
   <trkpt lat="53.090816" lon="14.217239"><ele>15.75</ele></trkpt>
   <trkpt lat="53.0912" lon="14.219436"><ele>16.75</ele></trkpt>
   <trkpt lat="53.09133" lon="14.220062"><ele>16.75</ele></trkpt>
   <trkpt lat="53.09151" lon="14.220658"><ele>19</ele></trkpt>
   <trkpt lat="53.091572" lon="14.22081"><ele>18.5</ele></trkpt>
   <trkpt lat="53.091633" lon="14.220952"><ele>17.25</ele></trkpt>
   <trkpt lat="53.091659" lon="14.221014"><ele>17</ele></trkpt>
   <trkpt lat="53.089436" lon="14.224149"><ele>16</ele></trkpt>
   <trkpt lat="53.0887" lon="14.225203"><ele>16</ele></trkpt>
   <trkpt lat="53.088762" lon="14.225327"><ele>15.75</ele></trkpt>
   <trkpt lat="53.088924" lon="14.225639"><ele>14.75</ele></trkpt>
   <trkpt lat="53.089008" lon="14.225801"><ele>15</ele></trkpt>
   <trkpt lat="53.089051" lon="14.225883"><ele>15</ele></trkpt>
   <trkpt lat="53.089342" lon="14.226439"><ele>15</ele></trkpt>
   <trkpt lat="53.089453" lon="14.226651"><ele>15</ele></trkpt>
   <trkpt lat="53.089492" lon="14.226726"><ele>15</ele></trkpt>
   <trkpt lat="53.089525" lon="14.226792"><ele>15</ele></trkpt>
   <trkpt lat="53.089748" lon="14.227228"><ele>15</ele></trkpt>
   <trkpt lat="53.090487" lon="14.22872"><ele>15</ele></trkpt>
   <trkpt lat="53.091211" lon="14.230119"><ele>14.25</ele></trkpt>
   <trkpt lat="53.091811" lon="14.231308"><ele>13.5</ele></trkpt>
   <trkpt lat="53.091873" lon="14.231431"><ele>13.75</ele></trkpt>
   <trkpt lat="53.092718" lon="14.233046"><ele>14</ele></trkpt>
   <trkpt lat="53.092912" lon="14.233427"><ele>14</ele></trkpt>
   <trkpt lat="53.093555" lon="14.234714"><ele>13.75</ele></trkpt>
   <trkpt lat="53.094364" lon="14.236335"><ele>13.25</ele></trkpt>
   <trkpt lat="53.094419" lon="14.236437"><ele>13</ele></trkpt>
   <trkpt lat="53.095188" lon="14.237927"><ele>13</ele></trkpt>
   <trkpt lat="53.095141" lon="14.238025"><ele>13</ele></trkpt>
   <trkpt lat="53.09511" lon="14.23823"><ele>13</ele></trkpt>
   <trkpt lat="53.09514" lon="14.238395"><ele>13</ele></trkpt>
   <trkpt lat="53.09527" lon="14.238661"><ele>13</ele></trkpt>
   <trkpt lat="53.09528" lon="14.238768"><ele>13</ele></trkpt>
   <trkpt lat="53.095249" lon="14.238912"><ele>13</ele></trkpt>
   <trkpt lat="53.094335" lon="14.240257"><ele>13</ele></trkpt>
   <trkpt lat="53.092061" lon="14.24343"><ele>13</ele></trkpt>
   <trkpt lat="53.091061" lon="14.244883"><ele>13</ele></trkpt>
   <trkpt lat="53.090781" lon="14.245278"><ele>13</ele></trkpt>
   <trkpt lat="53.090101" lon="14.246239"><ele>12.75</ele></trkpt>
   <trkpt lat="53.089946" lon="14.246458"><ele>13</ele></trkpt>
   <trkpt lat="53.089198" lon="14.247515"><ele>13</ele></trkpt>
   <trkpt lat="53.086614" lon="14.251165"><ele>12.75</ele></trkpt>
   <trkpt lat="53.085656" lon="14.252467"><ele>13</ele></trkpt>
   <trkpt lat="53.085387" lon="14.252843"><ele>13</ele></trkpt>
   <trkpt lat="53.085275" lon="14.253043"><ele>13</ele></trkpt>
   <trkpt lat="53.085206" lon="14.253251"><ele>13</ele></trkpt>
   <trkpt lat="53.085169" lon="14.253477"><ele>12.75</ele></trkpt>
   <trkpt lat="53.085155" lon="14.253763"><ele>12.75</ele></trkpt>
   <trkpt lat="53.08515" lon="14.254209"><ele>13</ele></trkpt>
   <trkpt lat="53.085145" lon="14.254677"><ele>13</ele></trkpt>
   <trkpt lat="53.085123" lon="14.256617"><ele>13</ele></trkpt>
   <trkpt lat="53.085084" lon="14.259676"><ele>11</ele></trkpt>
   <trkpt lat="53.085079" lon="14.259997"><ele>10.5</ele></trkpt>
   <trkpt lat="53.085077" lon="14.260128"><ele>10.5</ele></trkpt>
   <trkpt lat="53.08468" lon="14.260123"><ele>11</ele></trkpt>
   <trkpt lat="53.081773" lon="14.260024"><ele>10.75</ele></trkpt>
   <trkpt lat="53.081715" lon="14.260094"><ele>10.75</ele></trkpt>
   <trkpt lat="53.081683" lon="14.260235"><ele>10.75</ele></trkpt>
   <trkpt lat="53.081681" lon="14.260576"><ele>10</ele></trkpt>
   <trkpt lat="53.081109" lon="14.260583"><ele>10</ele></trkpt>
   <trkpt lat="53.080829" lon="14.260589"><ele>10</ele></trkpt>
   <trkpt lat="53.080489" lon="14.260705"><ele>11</ele></trkpt>
   <trkpt lat="53.079238" lon="14.261133"><ele>10.5</ele></trkpt>
   <trkpt lat="53.078944" lon="14.261339"><ele>10</ele></trkpt>
   <trkpt lat="53.078835" lon="14.261475"><ele>10</ele></trkpt>
   <trkpt lat="53.075129" lon="14.26651"><ele>8</ele></trkpt>
   <trkpt lat="53.074999" lon="14.26668"><ele>8</ele></trkpt>
   <trkpt lat="53.074132" lon="14.267808"><ele>8</ele></trkpt>
   <trkpt lat="53.074071" lon="14.269004"><ele>7</ele></trkpt>
   <trkpt lat="53.073872" lon="14.269262"><ele>7</ele></trkpt>
   <trkpt lat="53.073043" lon="14.270337"><ele>6.75</ele></trkpt>
   <trkpt lat="53.072111" lon="14.271546"><ele>7</ele></trkpt>
   <trkpt lat="53.071738" lon="14.272374"><ele>6.5</ele></trkpt>
   <trkpt lat="53.07168" lon="14.272742"><ele>6</ele></trkpt>
   <trkpt lat="53.070932" lon="14.272508"><ele>6.75</ele></trkpt>
   <trkpt lat="53.070891" lon="14.272801"><ele>6.5</ele></trkpt>
   <trkpt lat="53.069999" lon="14.273928"><ele>6.75</ele></trkpt>
   <trkpt lat="53.069158" lon="14.275038"><ele>6.75</ele></trkpt>
   <trkpt lat="53.069011" lon="14.274725"><ele>6.75</ele></trkpt>
   <trkpt lat="53.068846" lon="14.274398"><ele>6.75</ele></trkpt>
   <trkpt lat="53.068802" lon="14.274307"><ele>6.75</ele></trkpt>
   <trkpt lat="53.068572" lon="14.274613"><ele>5.75</ele></trkpt>
   <trkpt lat="53.067026" lon="14.276694"><ele>5</ele></trkpt>
   <trkpt lat="53.066918" lon="14.276873"><ele>5</ele></trkpt>
   <trkpt lat="53.066821" lon="14.277059"><ele>4.75</ele></trkpt>
   <trkpt lat="53.0667" lon="14.277369"><ele>4.25</ele></trkpt>
   <trkpt lat="53.066615" lon="14.277637"><ele>4</ele></trkpt>
   <trkpt lat="53.066214" lon="14.279048"><ele>4</ele></trkpt>
   <trkpt lat="53.066178" lon="14.279215"><ele>4.5</ele></trkpt>
   <trkpt lat="53.066136" lon="14.279193"><ele>4.75</ele></trkpt>
   <trkpt lat="53.066099" lon="14.27936"><ele>4.75</ele></trkpt>
   <trkpt lat="53.066081" lon="14.279404"><ele>4.75</ele></trkpt>
   <trkpt lat="53.066055" lon="14.279422"><ele>4.75</ele></trkpt>
   <trkpt lat="53.065995" lon="14.279393"><ele>4.5</ele></trkpt>
   <trkpt lat="53.065762" lon="14.279263"><ele>4</ele></trkpt>
   <trkpt lat="53.065682" lon="14.279226"><ele>4</ele></trkpt>
   <trkpt lat="53.065592" lon="14.279226"><ele>4</ele></trkpt>
   <trkpt lat="53.065487" lon="14.279244"><ele>3.75</ele></trkpt>
   <trkpt lat="53.065353" lon="14.279328"><ele>4</ele></trkpt>
   <trkpt lat="53.065079" lon="14.279674"><ele>4.75</ele></trkpt>
   <trkpt lat="53.064924" lon="14.27981"><ele>5</ele></trkpt>
   <trkpt lat="53.064765" lon="14.279864"><ele>5</ele></trkpt>
   <trkpt lat="53.064743" lon="14.280054"><ele>5</ele></trkpt>
   <trkpt lat="53.064698" lon="14.280056"><ele>4.75</ele></trkpt>
   <trkpt lat="53.064574" lon="14.28006"><ele>4.25</ele></trkpt>
   <trkpt lat="53.06446" lon="14.280049"><ele>4</ele></trkpt>
   <trkpt lat="53.06433" lon="14.280017"><ele>4</ele></trkpt>
   <trkpt lat="53.064296" lon="14.280152"><ele>4</ele></trkpt>
   <trkpt lat="53.064318" lon="14.280212"><ele>4</ele></trkpt>
   <trkpt lat="53.064333" lon="14.280319"><ele>4</ele></trkpt>
   <trkpt lat="53.064312" lon="14.280412"><ele>4.25</ele></trkpt>
   <trkpt lat="53.064252" lon="14.280649"><ele>4.25</ele></trkpt>
   <trkpt lat="53.064163" lon="14.280842"><ele>4</ele></trkpt>
   <trkpt lat="53.063963" lon="14.281115"><ele>4</ele></trkpt>
   <trkpt lat="53.063769" lon="14.281387"><ele>4.25</ele></trkpt>
   <trkpt lat="53.063704" lon="14.281578"><ele>4.75</ele></trkpt>
   <trkpt lat="53.063565" lon="14.281767"><ele>5</ele></trkpt>
   <trkpt lat="53.062587" lon="14.283083"><ele>5</ele></trkpt>
   <trkpt lat="53.062275" lon="14.283503"><ele>5.5</ele></trkpt>
   <trkpt lat="53.06193" lon="14.283969"><ele>6</ele></trkpt>
   <trkpt lat="53.060268" lon="14.286206"><ele>6</ele></trkpt>
   <trkpt lat="53.060187" lon="14.28605"><ele>6.25</ele></trkpt>
   <trkpt lat="53.059863" lon="14.286486"><ele>7</ele></trkpt>
   <trkpt lat="53.059551" lon="14.286891"><ele>7</ele></trkpt>
   <trkpt lat="53.059085" lon="14.287567"><ele>6.75</ele></trkpt>
   <trkpt lat="53.058994" lon="14.287703"><ele>6.75</ele></trkpt>
   <trkpt lat="53.058773" lon="14.287933"><ele>7</ele></trkpt>
   <trkpt lat="53.058695" lon="14.28779"><ele>7</ele></trkpt>
   <trkpt lat="53.058051" lon="14.288625"><ele>6</ele></trkpt>
   <trkpt lat="53.057533" lon="14.289323"><ele>6</ele></trkpt>
   <trkpt lat="53.057455" lon="14.289426"><ele>6</ele></trkpt>
   <trkpt lat="53.05699" lon="14.290042"><ele>6</ele></trkpt>
   <trkpt lat="53.056851" lon="14.289763"><ele>6.25</ele></trkpt>
   <trkpt lat="53.056535" lon="14.290196"><ele>6</ele></trkpt>
   <trkpt lat="53.055968" lon="14.288564"><ele>8</ele></trkpt>
   <trkpt lat="53.055726" lon="14.288758"><ele>7.25</ele></trkpt>
   <trkpt lat="53.055669" lon="14.288805"><ele>7</ele></trkpt>
   <trkpt lat="53.055309" lon="14.289102"><ele>7</ele></trkpt>
   <trkpt lat="53.055048" lon="14.289298"><ele>7</ele></trkpt>
   <trkpt lat="53.054791" lon="14.28949"><ele>6</ele></trkpt>
   <trkpt lat="53.05475" lon="14.28935"><ele>6.25</ele></trkpt>
   <trkpt lat="53.054574" lon="14.288799"><ele>7</ele></trkpt>
   <trkpt lat="53.054554" lon="14.288736"><ele>7</ele></trkpt>
   <trkpt lat="53.054275" lon="14.289021"><ele>7.25</ele></trkpt>
   <trkpt lat="53.053924" lon="14.289347"><ele>7</ele></trkpt>
   <trkpt lat="53.052555" lon="14.290749"><ele>6</ele></trkpt>
   <trkpt lat="53.052201" lon="14.291087"><ele>5.75</ele></trkpt>
   <trkpt lat="53.052" lon="14.29124"><ele>6</ele></trkpt>
   <trkpt lat="53.05184" lon="14.291362"><ele>6.25</ele></trkpt>
   <trkpt lat="53.051185" lon="14.291583"><ele>2.25</ele></trkpt>
   <trkpt lat="53.050007" lon="14.291954"><ele>3.75</ele></trkpt>
   <trkpt lat="53.049696" lon="14.292092"><ele>4.25</ele></trkpt>
   <trkpt lat="53.048356" lon="14.292541"><ele>4.25</ele></trkpt>
   <trkpt lat="53.047412" lon="14.292967"><ele>4.25</ele></trkpt>
   <trkpt lat="53.046723" lon="14.293329"><ele>4.25</ele></trkpt>
   <trkpt lat="53.046689" lon="14.2934"><ele>4.25</ele></trkpt>
   <trkpt lat="53.046655" lon="14.293436"><ele>4.25</ele></trkpt>
   <trkpt lat="53.046557" lon="14.293481"><ele>4.25</ele></trkpt>
   <trkpt lat="53.046168" lon="14.293692"><ele>4</ele></trkpt>
   <trkpt lat="53.045849" lon="14.293876"><ele>4.75</ele></trkpt>
   <trkpt lat="53.045721" lon="14.293973"><ele>4.25</ele></trkpt>
   <trkpt lat="53.045595" lon="14.294099"><ele>4.5</ele></trkpt>
   <trkpt lat="53.045495" lon="14.294234"><ele>3.75</ele></trkpt>
   <trkpt lat="53.045354" lon="14.294405"><ele>3.75</ele></trkpt>
   <trkpt lat="53.045186" lon="14.294693"><ele>3.75</ele></trkpt>
   <trkpt lat="53.044808" lon="14.295459"><ele>3.25</ele></trkpt>
   <trkpt lat="53.044605" lon="14.295952"><ele>3</ele></trkpt>
   <trkpt lat="53.044412" lon="14.296647"><ele>3.5</ele></trkpt>
   <trkpt lat="53.04428" lon="14.297166"><ele>3</ele></trkpt>
   <trkpt lat="53.043826" lon="14.298988"><ele>2.75</ele></trkpt>
   <trkpt lat="53.043662" lon="14.299608"><ele>3.75</ele></trkpt>
   <trkpt lat="53.043332" lon="14.300436"><ele>4.25</ele></trkpt>
   <trkpt lat="53.04306" lon="14.301235"><ele>4.5</ele></trkpt>
   <trkpt lat="53.042983" lon="14.301586"><ele>4.25</ele></trkpt>
   <trkpt lat="53.042825" lon="14.302582"><ele>3.75</ele></trkpt>
   <trkpt lat="53.042748" lon="14.302944"><ele>3.75</ele></trkpt>
   <trkpt lat="53.042587" lon="14.303541"><ele>3.75</ele></trkpt>
   <trkpt lat="53.042402" lon="14.303954"><ele>3.5</ele></trkpt>
   <trkpt lat="53.042051" lon="14.304779"><ele>3</ele></trkpt>
   <trkpt lat="53.042032" lon="14.304858"><ele>3.5</ele></trkpt>
   <trkpt lat="53.041726" lon="14.305539"><ele>4.25</ele></trkpt>
   <trkpt lat="53.041364" lon="14.30603"><ele>3.5</ele></trkpt>
   <trkpt lat="53.037759" lon="14.309467"><ele>3.75</ele></trkpt>
   <trkpt lat="53.036868" lon="14.310291"><ele>4.25</ele></trkpt>
   <trkpt lat="53.036442" lon="14.310654"><ele>5.25</ele></trkpt>
   <trkpt lat="53.036287" lon="14.310866"><ele>5</ele></trkpt>
   <trkpt lat="53.036053" lon="14.311056"><ele>4.25</ele></trkpt>
   <trkpt lat="53.035828" lon="14.311219"><ele>5.25</ele></trkpt>
   <trkpt lat="53.0358" lon="14.311221"><ele>4.75</ele></trkpt>
   <trkpt lat="53.035646" lon="14.31118"><ele>3</ele></trkpt>
   <trkpt lat="53.035611" lon="14.311201"><ele>3</ele></trkpt>
   <trkpt lat="53.034309" lon="14.312218"><ele>4.5</ele></trkpt>
   <trkpt lat="53.033737" lon="14.312675"><ele>5.5</ele></trkpt>
   <trkpt lat="53.033438" lon="14.312916"><ele>5.5</ele></trkpt>
   <trkpt lat="53.033293" lon="14.31306"><ele>5.75</ele></trkpt>
   <trkpt lat="53.033015" lon="14.313302"><ele>4.75</ele></trkpt>
   <trkpt lat="53.032588" lon="14.313621"><ele>3.75</ele></trkpt>
   <trkpt lat="53.032524" lon="14.313682"><ele>3.75</ele></trkpt>
   <trkpt lat="53.032406" lon="14.313788"><ele>4</ele></trkpt>
   <trkpt lat="53.032385" lon="14.313712"><ele>4</ele></trkpt>
   <trkpt lat="53.031969" lon="14.314068"><ele>4.5</ele></trkpt>
   <trkpt lat="53.031853" lon="14.314177"><ele>5</ele></trkpt>
   <trkpt lat="53.031808" lon="14.314204"><ele>5</ele></trkpt>
   <trkpt lat="53.031735" lon="14.314238"><ele>5</ele></trkpt>
   <trkpt lat="53.031679" lon="14.314249"><ele>5</ele></trkpt>
   <trkpt lat="53.031541" lon="14.314247"><ele>5.25</ele></trkpt>
   <trkpt lat="53.031431" lon="14.314216"><ele>5.75</ele></trkpt>
   <trkpt lat="53.031379" lon="14.31419"><ele>6</ele></trkpt>
   <trkpt lat="53.031319" lon="14.314149"><ele>5.75</ele></trkpt>
   <trkpt lat="53.031057" lon="14.313923"><ele>6</ele></trkpt>
   <trkpt lat="53.030833" lon="14.313743"><ele>6.25</ele></trkpt>
   <trkpt lat="53.030737" lon="14.313676"><ele>6.75</ele></trkpt>
   <trkpt lat="53.03064" lon="14.313629"><ele>7.25</ele></trkpt>
   <trkpt lat="53.03055" lon="14.313624"><ele>8</ele></trkpt>
   <trkpt lat="53.030471" lon="14.313657"><ele>8.25</ele></trkpt>
   <trkpt lat="53.030427" lon="14.313522"><ele>8</ele></trkpt>
   <trkpt lat="53.030399" lon="14.313465"><ele>8</ele></trkpt>
   <trkpt lat="53.030371" lon="14.313416"><ele>7.75</ele></trkpt>
   <trkpt lat="53.030239" lon="14.313288"><ele>7.75</ele></trkpt>
   <trkpt lat="53.030127" lon="14.313123"><ele>7.75</ele></trkpt>
   <trkpt lat="53.029936" lon="14.312876"><ele>8</ele></trkpt>
   <trkpt lat="53.029751" lon="14.312717"><ele>8.5</ele></trkpt>
   <trkpt lat="53.029681" lon="14.312672"><ele>8.5</ele></trkpt>
   <trkpt lat="53.029543" lon="14.312611"><ele>8.75</ele></trkpt>
   <trkpt lat="53.029348" lon="14.312586"><ele>9.25</ele></trkpt>
   <trkpt lat="53.029268" lon="14.312592"><ele>9.5</ele></trkpt>
   <trkpt lat="53.029119" lon="14.312627"><ele>10</ele></trkpt>
   <trkpt lat="53.029046" lon="14.312659"><ele>10</ele></trkpt>
   <trkpt lat="53.028747" lon="14.312857"><ele>11</ele></trkpt>
   <trkpt lat="53.028612" lon="14.31293"><ele>11.75</ele></trkpt>
   <trkpt lat="53.027891" lon="14.313186"><ele>13.75</ele></trkpt>
   <trkpt lat="53.027387" lon="14.313705"><ele>16.5</ele></trkpt>
   <trkpt lat="53.026746" lon="14.313894"><ele>18.25</ele></trkpt>
   <trkpt lat="53.026023" lon="14.314012"><ele>22.75</ele></trkpt>
   <trkpt lat="53.024903" lon="14.314095"><ele>26.5</ele></trkpt>
   <trkpt lat="53.02379" lon="14.313815"><ele>32.25</ele></trkpt>
   <trkpt lat="53.022795" lon="14.313637"><ele>41</ele></trkpt>
   <trkpt lat="53.022616" lon="14.313679"><ele>44</ele></trkpt>
   <trkpt lat="53.020525" lon="14.31443"><ele>46</ele></trkpt>
   <trkpt lat="53.019906" lon="14.314654"><ele>47</ele></trkpt>
   <trkpt lat="53.01934" lon="14.314846"><ele>47.75</ele></trkpt>
   <trkpt lat="53.019305" lon="14.314882"><ele>47.75</ele></trkpt>
   <trkpt lat="53.019266" lon="14.314942"><ele>47.75</ele></trkpt>
   <trkpt lat="53.019144" lon="14.314868"><ele>48.5</ele></trkpt>
   <trkpt lat="53.018755" lon="14.31499"><ele>49.5</ele></trkpt>
   <trkpt lat="53.018512" lon="14.315031"><ele>50.25</ele></trkpt>
   <trkpt lat="53.018266" lon="14.31493"><ele>51.25</ele></trkpt>
   <trkpt lat="53.018133" lon="14.314748"><ele>51.75</ele></trkpt>
   <trkpt lat="53.018002" lon="14.314407"><ele>52</ele></trkpt>
   <trkpt lat="53.017857" lon="14.313907"><ele>52.5</ele></trkpt>
   <trkpt lat="53.017346" lon="14.314098"><ele>53.5</ele></trkpt>
   <trkpt lat="53.01718" lon="14.314147"><ele>54</ele></trkpt>
   <trkpt lat="53.016515" lon="14.314737"><ele>55.25</ele></trkpt>
   <trkpt lat="53.016244" lon="14.314962"><ele>55.5</ele></trkpt>
   <trkpt lat="53.014994" lon="14.315428"><ele>59</ele></trkpt>
   <trkpt lat="53.013277" lon="14.316147"><ele>57.25</ele></trkpt>
   <trkpt lat="53.011984" lon="14.316543"><ele>59.75</ele></trkpt>
   <trkpt lat="53.009028" lon="14.317686"><ele>60</ele></trkpt>
   <trkpt lat="53.005808" lon="14.318887"><ele>58.75</ele></trkpt>
   <trkpt lat="53.003194" lon="14.319992"><ele>57.25</ele></trkpt>
   <trkpt lat="53.001725" lon="14.320569"><ele>54.75</ele></trkpt>
   <trkpt lat="53.000076" lon="14.321151"><ele>54.75</ele></trkpt>
   <trkpt lat="52.998943" lon="14.321599"><ele>56</ele></trkpt>
   <trkpt lat="52.99805" lon="14.321921"><ele>56</ele></trkpt>
   <trkpt lat="52.997283" lon="14.322221"><ele>57</ele></trkpt>
   <trkpt lat="52.997154" lon="14.322293"><ele>56.5</ele></trkpt>
   <trkpt lat="52.996214" lon="14.322637"><ele>54.25</ele></trkpt>
   <trkpt lat="52.994579" lon="14.323278"><ele>56</ele></trkpt>
   <trkpt lat="52.994345" lon="14.323361"><ele>55.5</ele></trkpt>
   <trkpt lat="52.993081" lon="14.323873"><ele>52</ele></trkpt>
   <trkpt lat="52.992835" lon="14.323943"><ele>51</ele></trkpt>
   <trkpt lat="52.992508" lon="14.324077"><ele>50</ele></trkpt>
   <trkpt lat="52.992084" lon="14.324167"><ele>51.75</ele></trkpt>
   <trkpt lat="52.991874" lon="14.324102"><ele>53.25</ele></trkpt>
   <trkpt lat="52.991793" lon="14.323925"><ele>53.5</ele></trkpt>
   <trkpt lat="52.991719" lon="14.323383"><ele>54.25</ele></trkpt>
   <trkpt lat="52.991684" lon="14.322783"><ele>54.75</ele></trkpt>
   <trkpt lat="52.991593" lon="14.322166"><ele>54.75</ele></trkpt>
   <trkpt lat="52.991448" lon="14.321501"><ele>53</ele></trkpt>
   <trkpt lat="52.991374" lon="14.320964"><ele>52.25</ele></trkpt>
   <trkpt lat="52.99115" lon="14.320361"><ele>52.5</ele></trkpt>
   <trkpt lat="52.991077" lon="14.320295"><ele>52.75</ele></trkpt>
   <trkpt lat="52.990927" lon="14.320266"><ele>52.75</ele></trkpt>
   <trkpt lat="52.990828" lon="14.320288"><ele>53</ele></trkpt>
   <trkpt lat="52.990549" lon="14.320405"><ele>53.25</ele></trkpt>
   <trkpt lat="52.989377" lon="14.321044"><ele>54.25</ele></trkpt>
   <trkpt lat="52.988899" lon="14.321255"><ele>55.75</ele></trkpt>
   <trkpt lat="52.98734" lon="14.321864"><ele>56.5</ele></trkpt>
   <trkpt lat="52.9862" lon="14.322213"><ele>57.25</ele></trkpt>
   <trkpt lat="52.98533" lon="14.322466"><ele>56</ele></trkpt>
   <trkpt lat="52.984732" lon="14.322658"><ele>55.25</ele></trkpt>
   <trkpt lat="52.984442" lon="14.322761"><ele>55</ele></trkpt>
   <trkpt lat="52.983931" lon="14.322991"><ele>55.75</ele></trkpt>
   <trkpt lat="52.983349" lon="14.323274"><ele>56</ele></trkpt>
   <trkpt lat="52.983167" lon="14.323314"><ele>56.5</ele></trkpt>
   <trkpt lat="52.983076" lon="14.323335"><ele>56.75</ele></trkpt>
   <trkpt lat="52.981861" lon="14.323898"><ele>57.75</ele></trkpt>
   <trkpt lat="52.980978" lon="14.324456"><ele>57</ele></trkpt>
   <trkpt lat="52.980484" lon="14.324826"><ele>57</ele></trkpt>
   <trkpt lat="52.9803" lon="14.32846"><ele>51.5</ele></trkpt>
   <trkpt lat="52.980199" lon="14.330429"><ele>48</ele></trkpt>
   <trkpt lat="52.98016" lon="14.331203"><ele>47.75</ele></trkpt>
   <trkpt lat="52.978587" lon="14.330936"><ele>48.75</ele></trkpt>
   <trkpt lat="52.976302" lon="14.330263"><ele>51</ele></trkpt>
   <trkpt lat="52.975986" lon="14.330133"><ele>51</ele></trkpt>
   <trkpt lat="52.975744" lon="14.330114"><ele>50.25</ele></trkpt>
   <trkpt lat="52.975452" lon="14.330101"><ele>49.5</ele></trkpt>
   <trkpt lat="52.975094" lon="14.330103"><ele>48.25</ele></trkpt>
   <trkpt lat="52.9749" lon="14.330066"><ele>47.75</ele></trkpt>
   <trkpt lat="52.974662" lon="14.329968"><ele>48</ele></trkpt>
   <trkpt lat="52.974532" lon="14.329887"><ele>48</ele></trkpt>
   <trkpt lat="52.973782" lon="14.32929"><ele>49.5</ele></trkpt>
   <trkpt lat="52.97371" lon="14.329273"><ele>49.75</ele></trkpt>
   <trkpt lat="52.973413" lon="14.3293"><ele>50</ele></trkpt>
   <trkpt lat="52.972794" lon="14.329586"><ele>48</ele></trkpt>
   <trkpt lat="52.97195" lon="14.330094"><ele>46.25</ele></trkpt>
   <trkpt lat="52.971081" lon="14.330717"><ele>44.75</ele></trkpt>
   <trkpt lat="52.970415" lon="14.331248"><ele>44.25</ele></trkpt>
   <trkpt lat="52.969152" lon="14.331908"><ele>42.5</ele></trkpt>
   <trkpt lat="52.968551" lon="14.332278"><ele>45</ele></trkpt>
   <trkpt lat="52.967756" lon="14.332771"><ele>48.25</ele></trkpt>
   <trkpt lat="52.967353" lon="14.333088"><ele>50.75</ele></trkpt>
   <trkpt lat="52.966606" lon="14.33363"><ele>52</ele></trkpt>
   <trkpt lat="52.965851" lon="14.333802"><ele>50</ele></trkpt>
   <trkpt lat="52.965253" lon="14.333951"><ele>49.75</ele></trkpt>
   <trkpt lat="52.96469" lon="14.334257"><ele>53</ele></trkpt>
   <trkpt lat="52.963879" lon="14.334676"><ele>55.75</ele></trkpt>
   <trkpt lat="52.961808" lon="14.336612"><ele>54.5</ele></trkpt>
   <trkpt lat="52.960535" lon="14.337744"><ele>48.5</ele></trkpt>
   <trkpt lat="52.958506" lon="14.339632"><ele>49</ele></trkpt>
   <trkpt lat="52.95625" lon="14.341778"><ele>40.75</ele></trkpt>
   <trkpt lat="52.955559" lon="14.342443"><ele>38</ele></trkpt>
   <trkpt lat="52.955441" lon="14.342572"><ele>37.5</ele></trkpt>
   <trkpt lat="52.954886" lon="14.343672"><ele>35.25</ele></trkpt>
   <trkpt lat="52.954731" lon="14.343924"><ele>35</ele></trkpt>
   <trkpt lat="52.954563" lon="14.344128"><ele>34.5</ele></trkpt>
   <trkpt lat="52.954337" lon="14.344353"><ele>33.5</ele></trkpt>
   <trkpt lat="52.954059" lon="14.344557"><ele>32.5</ele></trkpt>
   <trkpt lat="52.95394" lon="14.344709"><ele>32</ele></trkpt>
   <trkpt lat="52.953578" lon="14.345036"><ele>31</ele></trkpt>
   <trkpt lat="52.953294" lon="14.345267"><ele>30.75</ele></trkpt>
   <trkpt lat="52.952633" lon="14.345836"><ele>29</ele></trkpt>
   <trkpt lat="52.951826" lon="14.344999"><ele>30</ele></trkpt>
   <trkpt lat="52.951613" lon="14.344717"><ele>31</ele></trkpt>
   <trkpt lat="52.951411" lon="14.344443"><ele>32.75</ele></trkpt>
   <trkpt lat="52.95059" lon="14.343713"><ele>37</ele></trkpt>
   <trkpt lat="52.950483" lon="14.343632"><ele>37</ele></trkpt>
   <trkpt lat="52.950351" lon="14.343531"><ele>36.75</ele></trkpt>
   <trkpt lat="52.949491" lon="14.343113"><ele>38</ele></trkpt>
   <trkpt lat="52.949447" lon="14.343081"><ele>38</ele></trkpt>
   <trkpt lat="52.948521" lon="14.342415"><ele>40.75</ele></trkpt>
   <trkpt lat="52.948056" lon="14.34213"><ele>42.5</ele></trkpt>
   <trkpt lat="52.947828" lon="14.341958"><ele>42.75</ele></trkpt>
   <trkpt lat="52.947795" lon="14.341934"><ele>42.75</ele></trkpt>
   <trkpt lat="52.947588" lon="14.341793"><ele>43.5</ele></trkpt>
   <trkpt lat="52.946697" lon="14.340798"><ele>48.75</ele></trkpt>
   <trkpt lat="52.946453" lon="14.340538"><ele>49</ele></trkpt>
   <trkpt lat="52.946365" lon="14.340486"><ele>49</ele></trkpt>
   <trkpt lat="52.946286" lon="14.340461"><ele>49</ele></trkpt>
   <trkpt lat="52.945716" lon="14.340677"><ele>49.5</ele></trkpt>
   <trkpt lat="52.945462" lon="14.340928"><ele>49.75</ele></trkpt>
   <trkpt lat="52.944995" lon="14.341574"><ele>51</ele></trkpt>
   <trkpt lat="52.944484" lon="14.342268"><ele>54.75</ele></trkpt>
   <trkpt lat="52.943942" lon="14.343103"><ele>55.75</ele></trkpt>
   <trkpt lat="52.943348" lon="14.343801"><ele>54.25</ele></trkpt>
   <trkpt lat="52.943248" lon="14.343919"><ele>54.25</ele></trkpt>
   <trkpt lat="52.942766" lon="14.344091"><ele>56</ele></trkpt>
   <trkpt lat="52.941986" lon="14.344344"><ele>56.25</ele></trkpt>
   <trkpt lat="52.941198" lon="14.344646"><ele>55.25</ele></trkpt>
   <trkpt lat="52.941109" lon="14.344689"><ele>55</ele></trkpt>
   <trkpt lat="52.940072" lon="14.345092"><ele>54.75</ele></trkpt>
   <trkpt lat="52.938945" lon="14.345752"><ele>50.5</ele></trkpt>
   <trkpt lat="52.938911" lon="14.345781"><ele>50.25</ele></trkpt>
   <trkpt lat="52.93777" lon="14.346747"><ele>42.75</ele></trkpt>
   <trkpt lat="52.937299" lon="14.347186"><ele>39.75</ele></trkpt>
   <trkpt lat="52.937236" lon="14.347244"><ele>39.75</ele></trkpt>
   <trkpt lat="52.93703" lon="14.347396"><ele>40.75</ele></trkpt>
   <trkpt lat="52.936482" lon="14.347794"><ele>42</ele></trkpt>
   <trkpt lat="52.936097" lon="14.348151"><ele>41.25</ele></trkpt>
   <trkpt lat="52.935941" lon="14.348255"><ele>40.25</ele></trkpt>
   <trkpt lat="52.935771" lon="14.348307"><ele>39</ele></trkpt>
   <trkpt lat="52.935618" lon="14.348249"><ele>37</ele></trkpt>
   <trkpt lat="52.935452" lon="14.348071"><ele>35.5</ele></trkpt>
   <trkpt lat="52.93525" lon="14.34795"><ele>32.75</ele></trkpt>
   <trkpt lat="52.934436" lon="14.347901"><ele>22.5</ele></trkpt>
   <trkpt lat="52.934095" lon="14.347869"><ele>20.75</ele></trkpt>
   <trkpt lat="52.933942" lon="14.347835"><ele>19.75</ele></trkpt>
   <trkpt lat="52.933751" lon="14.347817"><ele>19</ele></trkpt>
   <trkpt lat="52.933262" lon="14.347609"><ele>17.25</ele></trkpt>
   <trkpt lat="52.932873" lon="14.347443"><ele>16.25</ele></trkpt>
   <trkpt lat="52.932446" lon="14.347184"><ele>15.75</ele></trkpt>
   <trkpt lat="52.932103" lon="14.347023"><ele>15.5</ele></trkpt>
   <trkpt lat="52.931704" lon="14.346799"><ele>16</ele></trkpt>
   <trkpt lat="52.93156" lon="14.346664"><ele>16</ele></trkpt>
   <trkpt lat="52.931349" lon="14.346341"><ele>16</ele></trkpt>
   <trkpt lat="52.93122" lon="14.346231"><ele>15.75</ele></trkpt>
   <trkpt lat="52.931081" lon="14.346223"><ele>15</ele></trkpt>
   <trkpt lat="52.931002" lon="14.346352"><ele>14.25</ele></trkpt>
   <trkpt lat="52.930912" lon="14.346888"><ele>14</ele></trkpt>
   <trkpt lat="52.930902" lon="14.346913"><ele>14</ele></trkpt>
   <trkpt lat="52.930858" lon="14.347029"><ele>14.25</ele></trkpt>
   <trkpt lat="52.930757" lon="14.347112"><ele>15</ele></trkpt>
   <trkpt lat="52.930446" lon="14.34723"><ele>17.25</ele></trkpt>
   <trkpt lat="52.930144" lon="14.347277"><ele>18.5</ele></trkpt>
   <trkpt lat="52.929939" lon="14.347254"><ele>18</ele></trkpt>
   <trkpt lat="52.929785" lon="14.347373"><ele>18</ele></trkpt>
   <trkpt lat="52.929406" lon="14.347538"><ele>17.75</ele></trkpt>
   <trkpt lat="52.929083" lon="14.347727"><ele>18</ele></trkpt>
   <trkpt lat="52.928783" lon="14.347719"><ele>18</ele></trkpt>
   <trkpt lat="52.92796" lon="14.347396"><ele>19.75</ele></trkpt>
   <trkpt lat="52.927528" lon="14.347254"><ele>21.75</ele></trkpt>
   <trkpt lat="52.927066" lon="14.347277"><ele>24</ele></trkpt>
   <trkpt lat="52.926443" lon="14.347412"><ele>26.5</ele></trkpt>
   <trkpt lat="52.926087" lon="14.347546"><ele>28.25</ele></trkpt>
   <trkpt lat="52.925563" lon="14.347775"><ele>31.75</ele></trkpt>
   <trkpt lat="52.924866" lon="14.348032"><ele>33</ele></trkpt>
   <trkpt lat="52.924687" lon="14.348071"><ele>32.75</ele></trkpt>
   <trkpt lat="52.923707" lon="14.348376"><ele>30</ele></trkpt>
   <trkpt lat="52.923146" lon="14.348564"><ele>30</ele></trkpt>
   <trkpt lat="52.923012" lon="14.348843"><ele>30</ele></trkpt>
   <trkpt lat="52.922671" lon="14.34948"><ele>29</ele></trkpt>
   <trkpt lat="52.92253" lon="14.349681"><ele>28.75</ele></trkpt>
   <trkpt lat="52.922169" lon="14.350103"><ele>27.75</ele></trkpt>
   <trkpt lat="52.921784" lon="14.350489"><ele>26</ele></trkpt>
   <trkpt lat="52.921458" lon="14.350891"><ele>24</ele></trkpt>
   <trkpt lat="52.921189" lon="14.351315"><ele>21</ele></trkpt>
   <trkpt lat="52.920795" lon="14.352109"><ele>16.75</ele></trkpt>
   <trkpt lat="52.920633" lon="14.352358"><ele>15.25</ele></trkpt>
   <trkpt lat="52.920341" lon="14.352609"><ele>14.25</ele></trkpt>
   <trkpt lat="52.919817" lon="14.352977"><ele>13</ele></trkpt>
   <trkpt lat="52.918892" lon="14.353652"><ele>11.75</ele></trkpt>
   <trkpt lat="52.917929" lon="14.354378"><ele>11.5</ele></trkpt>
   <trkpt lat="52.917432" lon="14.354802"><ele>12</ele></trkpt>
   <trkpt lat="52.917376" lon="14.354836"><ele>12.25</ele></trkpt>
   <trkpt lat="52.917247" lon="14.355194"><ele>12</ele></trkpt>
   <trkpt lat="52.917182" lon="14.355629"><ele>12</ele></trkpt>
   <trkpt lat="52.916481" lon="14.355589"><ele>12.5</ele></trkpt>
   <trkpt lat="52.916411" lon="14.355441"><ele>12.75</ele></trkpt>
   <trkpt lat="52.916387" lon="14.355282"><ele>13</ele></trkpt>
   <trkpt lat="52.916187" lon="14.355333"><ele>13.5</ele></trkpt>
   <trkpt lat="52.916174" lon="14.354888"><ele>14.75</ele></trkpt>
   <trkpt lat="52.916148" lon="14.35483"><ele>14.75</ele></trkpt>
   <trkpt lat="52.916112" lon="14.354798"><ele>14.75</ele></trkpt>
   <trkpt lat="52.91608" lon="14.354792"><ele>15</ele></trkpt>
   <trkpt lat="52.91557" lon="14.354942"><ele>16</ele></trkpt>
   <trkpt lat="52.915492" lon="14.35449"><ele>18</ele></trkpt>
   <trkpt lat="52.915371" lon="14.353226"><ele>22.25</ele></trkpt>
   <trkpt lat="52.915316" lon="14.353001"><ele>23</ele></trkpt>
   <trkpt lat="52.915261" lon="14.352872"><ele>23.5</ele></trkpt>
   <trkpt lat="52.915132" lon="14.352727"><ele>24.5</ele></trkpt>
   <trkpt lat="52.914826" lon="14.352451"><ele>26.5</ele></trkpt>
   <trkpt lat="52.914732" lon="14.352399"><ele>26.75</ele></trkpt>
   <trkpt lat="52.914656" lon="14.352326"><ele>27</ele></trkpt>
   <trkpt lat="52.914523" lon="14.352104"><ele>27.25</ele></trkpt>
   <trkpt lat="52.913506" lon="14.350065"><ele>35.75</ele></trkpt>
   <trkpt lat="52.912332" lon="14.347656"><ele>50.5</ele></trkpt>
   <trkpt lat="52.912227" lon="14.347689"><ele>50.75</ele></trkpt>
   <trkpt lat="52.912195" lon="14.347491"><ele>51.25</ele></trkpt>
   <trkpt lat="52.912165" lon="14.34737"><ele>52.5</ele></trkpt>
   <trkpt lat="52.912111" lon="14.347208"><ele>54.25</ele></trkpt>
   <trkpt lat="52.912037" lon="14.34704"><ele>54.75</ele></trkpt>
   <trkpt lat="52.911771" lon="14.346506"><ele>57.75</ele></trkpt>
   <trkpt lat="52.911053" lon="14.34511"><ele>63.25</ele></trkpt>
   <trkpt lat="52.910865" lon="14.344788"><ele>64</ele></trkpt>
   <trkpt lat="52.910734" lon="14.344587"><ele>64.75</ele></trkpt>
   <trkpt lat="52.910494" lon="14.344279"><ele>65.75</ele></trkpt>
   <trkpt lat="52.910044" lon="14.343747"><ele>67</ele></trkpt>
   <trkpt lat="52.909906" lon="14.343601"><ele>67.5</ele></trkpt>
   <trkpt lat="52.909808" lon="14.34351"><ele>67.75</ele></trkpt>
   <trkpt lat="52.909683" lon="14.343415"><ele>68.5</ele></trkpt>
   <trkpt lat="52.909586" lon="14.343355"><ele>69</ele></trkpt>
   <trkpt lat="52.909326" lon="14.343238"><ele>71.5</ele></trkpt>
   <trkpt lat="52.90875" lon="14.343025"><ele>73.5</ele></trkpt>
   <trkpt lat="52.908368" lon="14.342873"><ele>74.5</ele></trkpt>
   <trkpt lat="52.908233" lon="14.342802"><ele>74.75</ele></trkpt>
   <trkpt lat="52.908038" lon="14.342683"><ele>75.25</ele></trkpt>
   <trkpt lat="52.907956" lon="14.342759"><ele>74.5</ele></trkpt>
   <trkpt lat="52.906841" lon="14.343158"><ele>70.5</ele></trkpt>
   <trkpt lat="52.905494" lon="14.343671"><ele>68.75</ele></trkpt>
   <trkpt lat="52.904411" lon="14.34403"><ele>67.75</ele></trkpt>
   <trkpt lat="52.903831" lon="14.344234"><ele>67</ele></trkpt>
   <trkpt lat="52.903533" lon="14.344349"><ele>66.75</ele></trkpt>
   <trkpt lat="52.903217" lon="14.344435"><ele>67.75</ele></trkpt>
   <trkpt lat="52.902921" lon="14.344545"><ele>68.25</ele></trkpt>
   <trkpt lat="52.902716" lon="14.344591"><ele>68.25</ele></trkpt>
   <trkpt lat="52.902606" lon="14.344585"><ele>67.75</ele></trkpt>
   <trkpt lat="52.902491" lon="14.344508"><ele>67</ele></trkpt>
   <trkpt lat="52.902163" lon="14.344223"><ele>65.25</ele></trkpt>
   <trkpt lat="52.901797" lon="14.343853"><ele>64.75</ele></trkpt>
   <trkpt lat="52.899487" lon="14.341632"><ele>65</ele></trkpt>
   <trkpt lat="52.898843" lon="14.34094"><ele>59.5</ele></trkpt>
   <trkpt lat="52.898741" lon="14.340841"><ele>58.75</ele></trkpt>
   <trkpt lat="52.89864" lon="14.340785"><ele>58.25</ele></trkpt>
   <trkpt lat="52.89817" lon="14.340653"><ele>56.5</ele></trkpt>
   <trkpt lat="52.89795" lon="14.340557"><ele>55.75</ele></trkpt>
   <trkpt lat="52.89777" lon="14.340439"><ele>54.25</ele></trkpt>
   <trkpt lat="52.897543" lon="14.340232"><ele>53.25</ele></trkpt>
   <trkpt lat="52.897399" lon="14.340085"><ele>52.5</ele></trkpt>
   <trkpt lat="52.897118" lon="14.339765"><ele>51.75</ele></trkpt>
   <trkpt lat="52.896901" lon="14.339564"><ele>51</ele></trkpt>
   <trkpt lat="52.896613" lon="14.339352"><ele>50</ele></trkpt>
   <trkpt lat="52.89638" lon="14.339167"><ele>49.75</ele></trkpt>
   <trkpt lat="52.895731" lon="14.338709"><ele>49.25</ele></trkpt>
   <trkpt lat="52.895539" lon="14.338521"><ele>49.25</ele></trkpt>
   <trkpt lat="52.895424" lon="14.338373"><ele>49.75</ele></trkpt>
   <trkpt lat="52.895254" lon="14.338108"><ele>50.75</ele></trkpt>
   <trkpt lat="52.895011" lon="14.337689"><ele>51.25</ele></trkpt>
   <trkpt lat="52.89476" lon="14.337346"><ele>52.75</ele></trkpt>
   <trkpt lat="52.89459" lon="14.337131"><ele>53.25</ele></trkpt>
   <trkpt lat="52.894458" lon="14.337019"><ele>53.75</ele></trkpt>
   <trkpt lat="52.894356" lon="14.336957"><ele>54.5</ele></trkpt>
   <trkpt lat="52.894262" lon="14.336941"><ele>55.25</ele></trkpt>
   <trkpt lat="52.893885" lon="14.337011"><ele>57.25</ele></trkpt>
   <trkpt lat="52.893616" lon="14.337021"><ele>58.25</ele></trkpt>
   <trkpt lat="52.893476" lon="14.337038"><ele>58.75</ele></trkpt>
   <trkpt lat="52.893249" lon="14.337137"><ele>59.75</ele></trkpt>
   <trkpt lat="52.893034" lon="14.337196"><ele>60</ele></trkpt>
   <trkpt lat="52.89177" lon="14.337523"><ele>64.5</ele></trkpt>
   <trkpt lat="52.89135" lon="14.337607"><ele>63.75</ele></trkpt>
   <trkpt lat="52.890493" lon="14.337574"><ele>60.5</ele></trkpt>
   <trkpt lat="52.889902" lon="14.337531"><ele>62</ele></trkpt>
   <trkpt lat="52.889449" lon="14.337539"><ele>62</ele></trkpt>
   <trkpt lat="52.888572" lon="14.337485"><ele>62.75</ele></trkpt>
   <trkpt lat="52.888655" lon="14.337909"><ele>63.25</ele></trkpt>
   <trkpt lat="52.888726" lon="14.338762"><ele>64</ele></trkpt>
   <trkpt lat="52.888794" lon="14.339175"><ele>64.25</ele></trkpt>
   <trkpt lat="52.888881" lon="14.339991"><ele>65.75</ele></trkpt>
   <trkpt lat="52.889143" lon="14.342142"><ele>67.25</ele></trkpt>
   <trkpt lat="52.889224" lon="14.343563"><ele>67.75</ele></trkpt>
   <trkpt lat="52.889244" lon="14.344068"><ele>69</ele></trkpt>
   <trkpt lat="52.88927" lon="14.344314"><ele>68.75</ele></trkpt>
   <trkpt lat="52.889307" lon="14.344837"><ele>66</ele></trkpt>
   <trkpt lat="52.889356" lon="14.345219"><ele>65.25</ele></trkpt>
   <trkpt lat="52.889263" lon="14.345071"><ele>65</ele></trkpt>
   <trkpt lat="52.889082" lon="14.344867"><ele>65.75</ele></trkpt>
   <trkpt lat="52.888761" lon="14.344584"><ele>67.25</ele></trkpt>
   <trkpt lat="52.888559" lon="14.344286"><ele>67.25</ele></trkpt>
   <trkpt lat="52.888163" lon="14.34358"><ele>65.75</ele></trkpt>
   <trkpt lat="52.887892" lon="14.343007"><ele>64.75</ele></trkpt>
   <trkpt lat="52.88761" lon="14.342697"><ele>65.5</ele></trkpt>
   <trkpt lat="52.887462" lon="14.342569"><ele>66</ele></trkpt>
   <trkpt lat="52.887193" lon="14.342429"><ele>66</ele></trkpt>
   <trkpt lat="52.886817" lon="14.342452"><ele>66.75</ele></trkpt>
   <trkpt lat="52.886068" lon="14.342644"><ele>67</ele></trkpt>
   <trkpt lat="52.885702" lon="14.342626"><ele>68</ele></trkpt>
   <trkpt lat="52.885319" lon="14.342505"><ele>68.75</ele></trkpt>
   <trkpt lat="52.885203" lon="14.34249"><ele>69.5</ele></trkpt>
   <trkpt lat="52.884832" lon="14.342569"><ele>71.75</ele></trkpt>
   <trkpt lat="52.884652" lon="14.342554"><ele>72.25</ele></trkpt>
   <trkpt lat="52.884352" lon="14.342426"><ele>72.75</ele></trkpt>
   <trkpt lat="52.882995" lon="14.341256"><ele>70.25</ele></trkpt>
   <trkpt lat="52.881938" lon="14.340486"><ele>70</ele></trkpt>
   <trkpt lat="52.881044" lon="14.339566"><ele>67</ele></trkpt>
   <trkpt lat="52.880007" lon="14.338705"><ele>66</ele></trkpt>
   <trkpt lat="52.878785" lon="14.338918"><ele>68</ele></trkpt>
   <trkpt lat="52.877969" lon="14.339004"><ele>67.25</ele></trkpt>
   <trkpt lat="52.877658" lon="14.338811"><ele>66.25</ele></trkpt>
   <trkpt lat="52.87674" lon="14.338273"><ele>65</ele></trkpt>
   <trkpt lat="52.876411" lon="14.338107"><ele>65</ele></trkpt>
   <trkpt lat="52.875921" lon="14.337881"><ele>64.75</ele></trkpt>
   <trkpt lat="52.875386" lon="14.337587"><ele>65</ele></trkpt>
   <trkpt lat="52.87459" lon="14.337043"><ele>65</ele></trkpt>
   <trkpt lat="52.874524" lon="14.337366"><ele>65.5</ele></trkpt>
   <trkpt lat="52.874453" lon="14.33767"><ele>65.75</ele></trkpt>
   <trkpt lat="52.874007" lon="14.339061"><ele>64.25</ele></trkpt>
   <trkpt lat="52.873946" lon="14.339249"><ele>64</ele></trkpt>
   <trkpt lat="52.874265" lon="14.340264"><ele>65.5</ele></trkpt>
   <trkpt lat="52.874311" lon="14.340592"><ele>66</ele></trkpt>
   <trkpt lat="52.874316" lon="14.340638"><ele>66</ele></trkpt>
   <trkpt lat="52.874357" lon="14.341404"><ele>66.5</ele></trkpt>
   <trkpt lat="52.87444" lon="14.342168"><ele>66.75</ele></trkpt>
   <trkpt lat="52.874426" lon="14.342389"><ele>66.75</ele></trkpt>
   <trkpt lat="52.874411" lon="14.342635"><ele>67.25</ele></trkpt>
   <trkpt lat="52.874382" lon="14.344309"><ele>70.5</ele></trkpt>
   <trkpt lat="52.874401" lon="14.344504"><ele>71</ele></trkpt>
   <trkpt lat="52.874528" lon="14.345205"><ele>73.5</ele></trkpt>
   <trkpt lat="52.874476" lon="14.348702"><ele>73</ele></trkpt>
   <trkpt lat="52.873936" lon="14.351528"><ele>74.5</ele></trkpt>
   <trkpt lat="52.873208" lon="14.355454"><ele>73.25</ele></trkpt>
   <trkpt lat="52.87314" lon="14.35612"><ele>72.5</ele></trkpt>
   <trkpt lat="52.872997" lon="14.356055"><ele>71.5</ele></trkpt>
   <trkpt lat="52.871542" lon="14.35515"><ele>67.25</ele></trkpt>
   <trkpt lat="52.871333" lon="14.355009"><ele>67</ele></trkpt>
   <trkpt lat="52.87025" lon="14.354104"><ele>70.75</ele></trkpt>
   <trkpt lat="52.86904" lon="14.352997"><ele>68</ele></trkpt>
   <trkpt lat="52.868361" lon="14.354698"><ele>66.75</ele></trkpt>
   <trkpt lat="52.868302" lon="14.354658"><ele>66.75</ele></trkpt>
   <trkpt lat="52.867479" lon="14.354742"><ele>65</ele></trkpt>
   <trkpt lat="52.864273" lon="14.355126"><ele>63</ele></trkpt>
   <trkpt lat="52.858161" lon="14.355211"><ele>65.5</ele></trkpt>
   <trkpt lat="52.857545" lon="14.354753"><ele>66.75</ele></trkpt>
   <trkpt lat="52.85722" lon="14.354555"><ele>65.25</ele></trkpt>
   <trkpt lat="52.85685" lon="14.354396"><ele>62.25</ele></trkpt>
   <trkpt lat="52.856392" lon="14.354483"><ele>60.5</ele></trkpt>
   <trkpt lat="52.856033" lon="14.354732"><ele>62.75</ele></trkpt>
   <trkpt lat="52.855523" lon="14.3552"><ele>67</ele></trkpt>
   <trkpt lat="52.855131" lon="14.355873"><ele>68.75</ele></trkpt>
   <trkpt lat="52.854569" lon="14.35671"><ele>67.25</ele></trkpt>
   <trkpt lat="52.854138" lon="14.357522"><ele>67</ele></trkpt>
   <trkpt lat="52.853524" lon="14.358443"><ele>66.5</ele></trkpt>
   <trkpt lat="52.852816" lon="14.358877"><ele>67.75</ele></trkpt>
   <trkpt lat="52.852493" lon="14.359011"><ele>70</ele></trkpt>
   <trkpt lat="52.852195" lon="14.359147"><ele>68.75</ele></trkpt>
   <trkpt lat="52.85182" lon="14.359244"><ele>64.5</ele></trkpt>
   <trkpt lat="52.851149" lon="14.359227"><ele>58.25</ele></trkpt>
   <trkpt lat="52.849947" lon="14.358868"><ele>48.5</ele></trkpt>
   <trkpt lat="52.849222" lon="14.358896"><ele>48.75</ele></trkpt>
   <trkpt lat="52.848985" lon="14.358905"><ele>49.5</ele></trkpt>
   <trkpt lat="52.848765" lon="14.359066"><ele>49.75</ele></trkpt>
   <trkpt lat="52.848541" lon="14.359383"><ele>49.5</ele></trkpt>
   <trkpt lat="52.848415" lon="14.359667"><ele>48.5</ele></trkpt>
   <trkpt lat="52.848292" lon="14.360118"><ele>49</ele></trkpt>
   <trkpt lat="52.848234" lon="14.36044"><ele>49</ele></trkpt>
   <trkpt lat="52.848188" lon="14.361073"><ele>48</ele></trkpt>
   <trkpt lat="52.848111" lon="14.361298"><ele>48.5</ele></trkpt>
   <trkpt lat="52.847942" lon="14.361502"><ele>50.25</ele></trkpt>
   <trkpt lat="52.847757" lon="14.361615"><ele>52</ele></trkpt>
   <trkpt lat="52.846198" lon="14.361471"><ele>57.75</ele></trkpt>
   <trkpt lat="52.84579" lon="14.361656"><ele>61.25</ele></trkpt>
   <trkpt lat="52.84468" lon="14.362204"><ele>64</ele></trkpt>
   <trkpt lat="52.843229" lon="14.362931"><ele>59.75</ele></trkpt>
   <trkpt lat="52.843911" lon="14.366864"><ele>61.25</ele></trkpt>
   <trkpt lat="52.84417" lon="14.368347"><ele>63.75</ele></trkpt>
   <trkpt lat="52.845867" lon="14.378593"><ele>55.75</ele></trkpt>
   <trkpt lat="52.846742" lon="14.383893"><ele>56.5</ele></trkpt>
   <trkpt lat="52.847014" lon="14.385148"><ele>58</ele></trkpt>
   <trkpt lat="52.84717" lon="14.385738"><ele>58.5</ele></trkpt>
   <trkpt lat="52.847636" lon="14.386897"><ele>60</ele></trkpt>
   <trkpt lat="52.84838" lon="14.389193"><ele>60.75</ele></trkpt>
   <trkpt lat="52.848449" lon="14.389435"><ele>60.5</ele></trkpt>
   <trkpt lat="52.848517" lon="14.389718"><ele>60</ele></trkpt>
   <trkpt lat="52.848578" lon="14.390053"><ele>59</ele></trkpt>
   <trkpt lat="52.848626" lon="14.390469"><ele>58.75</ele></trkpt>
   <trkpt lat="52.848655" lon="14.390876"><ele>57.5</ele></trkpt>
   <trkpt lat="52.848653" lon="14.391197"><ele>56.75</ele></trkpt>
   <trkpt lat="52.848642" lon="14.391594"><ele>56</ele></trkpt>
   <trkpt lat="52.848627" lon="14.391743"><ele>55.75</ele></trkpt>
   <trkpt lat="52.84871" lon="14.391834"><ele>55.5</ele></trkpt>
   <trkpt lat="52.848687" lon="14.391932"><ele>55.5</ele></trkpt>
   <trkpt lat="52.848683" lon="14.392036"><ele>55.5</ele></trkpt>
   <trkpt lat="52.848692" lon="14.392777"><ele>57</ele></trkpt>
   <trkpt lat="52.848691" lon="14.393781"><ele>60.25</ele></trkpt>
   <trkpt lat="52.84869" lon="14.394082"><ele>61</ele></trkpt>
   <trkpt lat="52.84868" lon="14.395621"><ele>60.5</ele></trkpt>
   <trkpt lat="52.848677" lon="14.395942"><ele>60.75</ele></trkpt>
   <trkpt lat="52.848667" lon="14.396747"><ele>60</ele></trkpt>
   <trkpt lat="52.84867" lon="14.396872"><ele>60</ele></trkpt>
   <trkpt lat="52.848323" lon="14.396955"><ele>59.75</ele></trkpt>
   <trkpt lat="52.848234" lon="14.39698"><ele>59.75</ele></trkpt>
   <trkpt lat="52.848235" lon="14.396914"><ele>60</ele></trkpt>
   <trkpt lat="52.848241" lon="14.396296"><ele>61</ele></trkpt>
   <trkpt lat="52.848206" lon="14.396204"><ele>61.25</ele></trkpt>
   <trkpt lat="52.848051" lon="14.396256"><ele>61.25</ele></trkpt>
   <trkpt lat="52.847898" lon="14.396301"><ele>61.5</ele></trkpt>
   <trkpt lat="52.846669" lon="14.3968"><ele>62</ele></trkpt>
   <trkpt lat="52.846675" lon="14.397039"><ele>62</ele></trkpt>
   <trkpt lat="52.84678" lon="14.397744"><ele>61</ele></trkpt>
   <trkpt lat="52.846611" lon="14.397834"><ele>61</ele></trkpt>
   <trkpt lat="52.84602" lon="14.398157"><ele>61.25</ele></trkpt>
   <trkpt lat="52.845945" lon="14.39821"><ele>61.25</ele></trkpt>
   <trkpt lat="52.845828" lon="14.398318"><ele>62</ele></trkpt>
   <trkpt lat="52.845791" lon="14.398274"><ele>62</ele></trkpt>
   <trkpt lat="52.845768" lon="14.398246"><ele>62</ele></trkpt>
   <trkpt lat="52.845161" lon="14.398029"><ele>64.25</ele></trkpt>
   <trkpt lat="52.844871" lon="14.397926"><ele>65</ele></trkpt>
   <trkpt lat="52.843569" lon="14.397455"><ele>60.75</ele></trkpt>
   <trkpt lat="52.837401" lon="14.395125"><ele>61</ele></trkpt>
   <trkpt lat="52.836182" lon="14.394645"><ele>58</ele></trkpt>
   <trkpt lat="52.836159" lon="14.395233"><ele>58</ele></trkpt>
   <trkpt lat="52.836059" lon="14.395959"><ele>58</ele></trkpt>
   <trkpt lat="52.835553" lon="14.397397"><ele>60</ele></trkpt>
   <trkpt lat="52.835467" lon="14.397768"><ele>60.75</ele></trkpt>
   <trkpt lat="52.835151" lon="14.401521"><ele>65</ele></trkpt>
   <trkpt lat="52.835187" lon="14.401824"><ele>65</ele></trkpt>
   <trkpt lat="52.835306" lon="14.402205"><ele>65</ele></trkpt>
   <trkpt lat="52.835512" lon="14.402592"><ele>65</ele></trkpt>
   <trkpt lat="52.83669" lon="14.404718"><ele>65</ele></trkpt>
   <trkpt lat="52.837566" lon="14.406148"><ele>61.5</ele></trkpt>
   <trkpt lat="52.838243" lon="14.40728"><ele>62.75</ele></trkpt>
   <trkpt lat="52.838041" lon="14.407634"><ele>63.75</ele></trkpt>
   <trkpt lat="52.829257" lon="14.40978"><ele>57</ele></trkpt>
   <trkpt lat="52.82413" lon="14.411294"><ele>60</ele></trkpt>
   <trkpt lat="52.816353" lon="14.413296"><ele>55</ele></trkpt>
   <trkpt lat="52.811386" lon="14.414575"><ele>57.5</ele></trkpt>
   <trkpt lat="52.810847" lon="14.414669"><ele>55.75</ele></trkpt>
   <trkpt lat="52.809487" lon="14.414375"><ele>53</ele></trkpt>
   <trkpt lat="52.807432" lon="14.41391"><ele>51.5</ele></trkpt>
   <trkpt lat="52.806553" lon="14.413917"><ele>51</ele></trkpt>
   <trkpt lat="52.805531" lon="14.414195"><ele>51</ele></trkpt>
   <trkpt lat="52.804219" lon="14.414053"><ele>51.5</ele></trkpt>
   <trkpt lat="52.803917" lon="14.415251"><ele>52.75</ele></trkpt>
   <trkpt lat="52.803485" lon="14.416893"><ele>54</ele></trkpt>
   <trkpt lat="52.803269" lon="14.418157"><ele>53.75</ele></trkpt>
   <trkpt lat="52.80308" lon="14.41926"><ele>53</ele></trkpt>
   <trkpt lat="52.802848" lon="14.420861"><ele>53.5</ele></trkpt>
   <trkpt lat="52.802574" lon="14.422338"><ele>50.5</ele></trkpt>
   <trkpt lat="52.801848" lon="14.425833"><ele>52.25</ele></trkpt>
   <trkpt lat="52.801736" lon="14.426376"><ele>51.75</ele></trkpt>
   <trkpt lat="52.80139" lon="14.427365"><ele>52.75</ele></trkpt>
   <trkpt lat="52.800803" lon="14.42868"><ele>53</ele></trkpt>
   <trkpt lat="52.800415" lon="14.429481"><ele>54.5</ele></trkpt>
   <trkpt lat="52.799339" lon="14.432346"><ele>56.25</ele></trkpt>
   <trkpt lat="52.799187" lon="14.432813"><ele>57</ele></trkpt>
   <trkpt lat="52.798788" lon="14.433927"><ele>57</ele></trkpt>
   <trkpt lat="52.79819" lon="14.435534"><ele>56</ele></trkpt>
   <trkpt lat="52.797861" lon="14.438065"><ele>52.75</ele></trkpt>
   <trkpt lat="52.797366" lon="14.441123"><ele>51</ele></trkpt>
   <trkpt lat="52.797346" lon="14.44125"><ele>51</ele></trkpt>
   <trkpt lat="52.796577" lon="14.444261"><ele>45</ele></trkpt>
   <trkpt lat="52.795795" lon="14.448234"><ele>46.75</ele></trkpt>
   <trkpt lat="52.795764" lon="14.448393"><ele>46.75</ele></trkpt>
   <trkpt lat="52.795183" lon="14.452505"><ele>45.5</ele></trkpt>
   <trkpt lat="52.795007" lon="14.453456"><ele>46.25</ele></trkpt>
   <trkpt lat="52.794671" lon="14.454635"><ele>46.5</ele></trkpt>
   <trkpt lat="52.794426" lon="14.455468"><ele>48</ele></trkpt>
   <trkpt lat="52.793824" lon="14.457099"><ele>48.5</ele></trkpt>
   <trkpt lat="52.793272" lon="14.458617"><ele>48.25</ele></trkpt>
   <trkpt lat="52.79288" lon="14.459657"><ele>47.75</ele></trkpt>
   <trkpt lat="52.792622" lon="14.460242"><ele>47</ele></trkpt>
   <trkpt lat="52.792384" lon="14.460671"><ele>47</ele></trkpt>
   <trkpt lat="52.792178" lon="14.460897"><ele>46.75</ele></trkpt>
   <trkpt lat="52.791334" lon="14.461522"><ele>46.5</ele></trkpt>
   <trkpt lat="52.789315" lon="14.463082"><ele>42.75</ele></trkpt>
   <trkpt lat="52.789546" lon="14.465367"><ele>41.5</ele></trkpt>
   <trkpt lat="52.789667" lon="14.466509"><ele>41.5</ele></trkpt>
   <trkpt lat="52.789728" lon="14.467273"><ele>43</ele></trkpt>
   <trkpt lat="52.789756" lon="14.467833"><ele>43.75</ele></trkpt>
   <trkpt lat="52.789781" lon="14.468831"><ele>43.75</ele></trkpt>
   <trkpt lat="52.789764" lon="14.470003"><ele>43.5</ele></trkpt>
   <trkpt lat="52.789725" lon="14.471017"><ele>45</ele></trkpt>
   <trkpt lat="52.789651" lon="14.471891"><ele>45.75</ele></trkpt>
   <trkpt lat="52.789531" lon="14.472717"><ele>45.25</ele></trkpt>
   <trkpt lat="52.789727" lon="14.472817"><ele>46</ele></trkpt>
   <trkpt lat="52.789524" lon="14.474201"><ele>45.75</ele></trkpt>
   <trkpt lat="52.78938" lon="14.474307"><ele>45.75</ele></trkpt>
   <trkpt lat="52.789298" lon="14.474351"><ele>45.25</ele></trkpt>
   <trkpt lat="52.789248" lon="14.474341"><ele>45.25</ele></trkpt>
   <trkpt lat="52.789214" lon="14.474548"><ele>45</ele></trkpt>
   <trkpt lat="52.789094" lon="14.475413"><ele>44.25</ele></trkpt>
   <trkpt lat="52.788988" lon="14.476067"><ele>43.5</ele></trkpt>
   <trkpt lat="52.788957" lon="14.47625"><ele>44</ele></trkpt>
   <trkpt lat="52.788825" lon="14.477084"><ele>44.75</ele></trkpt>
   <trkpt lat="52.788579" lon="14.478714"><ele>45.75</ele></trkpt>
   <trkpt lat="52.788495" lon="14.479235"><ele>44.5</ele></trkpt>
   <trkpt lat="52.788481" lon="14.479355"><ele>45</ele></trkpt>
   <trkpt lat="52.788445" lon="14.479682"><ele>45.75</ele></trkpt>
   <trkpt lat="52.78842" lon="14.479939"><ele>46</ele></trkpt>
   <trkpt lat="52.788385" lon="14.480507"><ele>47</ele></trkpt>
   <trkpt lat="52.788378" lon="14.48074"><ele>47.25</ele></trkpt>
   <trkpt lat="52.788374" lon="14.4809"><ele>47</ele></trkpt>
   <trkpt lat="52.788358" lon="14.48168"><ele>45.25</ele></trkpt>
   <trkpt lat="52.788363" lon="14.481894"><ele>46</ele></trkpt>
   <trkpt lat="52.788371" lon="14.482003"><ele>46.75</ele></trkpt>
   <trkpt lat="52.788398" lon="14.482228"><ele>48</ele></trkpt>
   <trkpt lat="52.788423" lon="14.482467"><ele>48</ele></trkpt>
   <trkpt lat="52.788447" lon="14.482996"><ele>46.75</ele></trkpt>
   <trkpt lat="52.788449" lon="14.483026"><ele>46.5</ele></trkpt>
   <trkpt lat="52.788511" lon="14.483539"><ele>45.5</ele></trkpt>
   <trkpt lat="52.788571" lon="14.48393"><ele>45.75</ele></trkpt>
   <trkpt lat="52.788646" lon="14.484409"><ele>46</ele></trkpt>
   <trkpt lat="52.788793" lon="14.485423"><ele>45</ele></trkpt>
   <trkpt lat="52.788821" lon="14.48579"><ele>45.5</ele></trkpt>
   <trkpt lat="52.788836" lon="14.486361"><ele>45.75</ele></trkpt>
   <trkpt lat="52.788803" lon="14.486805"><ele>45.5</ele></trkpt>
   <trkpt lat="52.788733" lon="14.487257"><ele>46</ele></trkpt>
   <trkpt lat="52.788665" lon="14.487549"><ele>46</ele></trkpt>
   <trkpt lat="52.788573" lon="14.487871"><ele>46</ele></trkpt>
   <trkpt lat="52.788518" lon="14.488055"><ele>46</ele></trkpt>
   <trkpt lat="52.788456" lon="14.488238"><ele>46</ele></trkpt>
   <trkpt lat="52.788223" lon="14.488966"><ele>45.75</ele></trkpt>
   <trkpt lat="52.787901" lon="14.489953"><ele>45.5</ele></trkpt>
   <trkpt lat="52.787833" lon="14.490171"><ele>45.75</ele></trkpt>
   <trkpt lat="52.78779" lon="14.490338"><ele>45.75</ele></trkpt>
   <trkpt lat="52.787734" lon="14.49057"><ele>45.75</ele></trkpt>
   <trkpt lat="52.787721" lon="14.490648"><ele>45.5</ele></trkpt>
   <trkpt lat="52.787675" lon="14.490914"><ele>45.25</ele></trkpt>
   <trkpt lat="52.787614" lon="14.491493"><ele>45.5</ele></trkpt>
   <trkpt lat="52.787545" lon="14.492239"><ele>46</ele></trkpt>
   <trkpt lat="52.787505" lon="14.492622"><ele>46</ele></trkpt>
   <trkpt lat="52.787483" lon="14.492826"><ele>46</ele></trkpt>
   <trkpt lat="52.78748" lon="14.492922"><ele>46.25</ele></trkpt>
   <trkpt lat="52.787539" lon="14.492906"><ele>46.25</ele></trkpt>
   <trkpt lat="52.78758" lon="14.492898"><ele>46.25</ele></trkpt>
   <trkpt lat="52.787634" lon="14.492966"><ele>46.5</ele></trkpt>
   <trkpt lat="52.787727" lon="14.493059"><ele>46.75</ele></trkpt>
   <trkpt lat="52.787787" lon="14.493084"><ele>47</ele></trkpt>
   <trkpt lat="52.787788" lon="14.493214"><ele>47</ele></trkpt>
   <trkpt lat="52.787787" lon="14.493305"><ele>47</ele></trkpt>
   <trkpt lat="52.787795" lon="14.493387"><ele>47.25</ele></trkpt>
   <trkpt lat="52.787804" lon="14.49345"><ele>47.5</ele></trkpt>
   <trkpt lat="52.787827" lon="14.49348"><ele>47.75</ele></trkpt>
   <trkpt lat="52.787945" lon="14.493472"><ele>48.25</ele></trkpt>
   <trkpt lat="52.788557" lon="14.493409"><ele>49.25</ele></trkpt>
   <trkpt lat="52.788753" lon="14.493459"><ele>50</ele></trkpt>
   <trkpt lat="52.788792" lon="14.493466"><ele>50.25</ele></trkpt>
   <trkpt lat="52.788841" lon="14.493893"><ele>50.75</ele></trkpt>
   <trkpt lat="52.788868" lon="14.494038"><ele>50.75</ele></trkpt>
   <trkpt lat="52.788892" lon="14.49412"><ele>51</ele></trkpt>
   <trkpt lat="52.788944" lon="14.494186"><ele>51</ele></trkpt>
   <trkpt lat="52.789012" lon="14.494224"><ele>51</ele></trkpt>
   <trkpt lat="52.790091" lon="14.494387"><ele>51</ele></trkpt>
   <trkpt lat="52.790161" lon="14.494425"><ele>51</ele></trkpt>
   <trkpt lat="52.790222" lon="14.494491"><ele>51</ele></trkpt>
   <trkpt lat="52.79027" lon="14.494581"><ele>51</ele></trkpt>
   <trkpt lat="52.7903" lon="14.494682"><ele>51</ele></trkpt>
   <trkpt lat="52.790593" lon="14.496462"><ele>51</ele></trkpt>
   <trkpt lat="52.790648" lon="14.496789"><ele>51</ele></trkpt>
   <trkpt lat="52.79068" lon="14.49698"><ele>51</ele></trkpt>
   <trkpt lat="52.790922" lon="14.498448"><ele>50.75</ele></trkpt>
   <trkpt lat="52.790846" lon="14.498479"><ele>50.75</ele></trkpt>
   <trkpt lat="52.790632" lon="14.498567"><ele>50.25</ele></trkpt>
   <trkpt lat="52.790552" lon="14.498629"><ele>50</ele></trkpt>
   <trkpt lat="52.790081" lon="14.499318"><ele>50.5</ele></trkpt>
   <trkpt lat="52.791262" lon="14.501481"><ele>52.5</ele></trkpt>
   <trkpt lat="52.791292" lon="14.501547"><ele>52.5</ele></trkpt>
   <trkpt lat="52.791511" lon="14.501278"><ele>53.25</ele></trkpt>
   <trkpt lat="52.792121" lon="14.501316"><ele>53</ele></trkpt>
   <trkpt lat="52.792833" lon="14.501382"><ele>53</ele></trkpt>
   <trkpt lat="52.793583" lon="14.501452"><ele>53</ele></trkpt>
   <trkpt lat="52.794126" lon="14.501503"><ele>52.25</ele></trkpt>
   <trkpt lat="52.79425" lon="14.504184"><ele>52</ele></trkpt>
   <trkpt lat="52.794335" lon="14.506216"><ele>52</ele></trkpt>
   <trkpt lat="52.794424" lon="14.508229"><ele>53</ele></trkpt>
   <trkpt lat="52.794414" lon="14.50827"><ele>53</ele></trkpt>
   <trkpt lat="52.794366" lon="14.508342"><ele>53</ele></trkpt>
   <trkpt lat="52.794199" lon="14.508497"><ele>53</ele></trkpt>
   <trkpt lat="52.792664" lon="14.509289"><ele>52</ele></trkpt>
   <trkpt lat="52.792441" lon="14.509457"><ele>52</ele></trkpt>
   <trkpt lat="52.792248" lon="14.509651"><ele>52</ele></trkpt>
   <trkpt lat="52.792016" lon="14.509819"><ele>51.5</ele></trkpt>
   <trkpt lat="52.791819" lon="14.509852"><ele>51.25</ele></trkpt>
   <trkpt lat="52.791653" lon="14.509948"><ele>51</ele></trkpt>
   <trkpt lat="52.79021" lon="14.51069"><ele>47.75</ele></trkpt>
   <trkpt lat="52.79002" lon="14.510194"><ele>48</ele></trkpt>
   <trkpt lat="52.789946" lon="14.50997"><ele>47.5</ele></trkpt>
   <trkpt lat="52.789911" lon="14.510241"><ele>47</ele></trkpt>
   <trkpt lat="52.789906" lon="14.510821"><ele>45.5</ele></trkpt>
   <trkpt lat="52.789969" lon="14.511958"><ele>45.75</ele></trkpt>
   <trkpt lat="52.789971" lon="14.51263"><ele>45.75</ele></trkpt>
   <trkpt lat="52.789954" lon="14.513068"><ele>46.5</ele></trkpt>
   <trkpt lat="52.789846" lon="14.513644"><ele>45.25</ele></trkpt>
   <trkpt lat="52.789696" lon="14.514345"><ele>44.75</ele></trkpt>
   <trkpt lat="52.789632" lon="14.514694"><ele>45</ele></trkpt>
   <trkpt lat="52.789664" lon="14.515271"><ele>45.75</ele></trkpt>
   <trkpt lat="52.789679" lon="14.515535"><ele>46</ele></trkpt>
   <trkpt lat="52.789815" lon="14.51741"><ele>48.25</ele></trkpt>
   <trkpt lat="52.789986" lon="14.518663"><ele>50</ele></trkpt>
   <trkpt lat="52.790145" lon="14.519563"><ele>51</ele></trkpt>
   <trkpt lat="52.790165" lon="14.519915"><ele>51.25</ele></trkpt>
   <trkpt lat="52.790156" lon="14.520207"><ele>52</ele></trkpt>
   <trkpt lat="52.790095" lon="14.52053"><ele>52.5</ele></trkpt>
   <trkpt lat="52.790054" lon="14.520813"><ele>53.5</ele></trkpt>
   <trkpt lat="52.789908" lon="14.521452"><ele>55.25</ele></trkpt>
   <trkpt lat="52.78975" lon="14.522229"><ele>56.75</ele></trkpt>
   <trkpt lat="52.789593" lon="14.523203"><ele>58.75</ele></trkpt>
   <trkpt lat="52.788826" lon="14.527141"><ele>61.75</ele></trkpt>
   <trkpt lat="52.788786" lon="14.527254"><ele>62</ele></trkpt>
   <trkpt lat="52.788759" lon="14.527479"><ele>62</ele></trkpt>
   <trkpt lat="52.788592" lon="14.528445"><ele>63</ele></trkpt>
   <trkpt lat="52.788428" lon="14.529248"><ele>64</ele></trkpt>
   <trkpt lat="52.788288" lon="14.529985"><ele>64.75</ele></trkpt>
   <trkpt lat="52.788162" lon="14.530708"><ele>63</ele></trkpt>
   <trkpt lat="52.78809" lon="14.531033"><ele>63</ele></trkpt>
   <trkpt lat="52.788009" lon="14.531455"><ele>62.75</ele></trkpt>
   <trkpt lat="52.787757" lon="14.532741"><ele>64</ele></trkpt>
   <trkpt lat="52.787693" lon="14.533109"><ele>63.25</ele></trkpt>
   <trkpt lat="52.787627" lon="14.533427"><ele>63.5</ele></trkpt>
   <trkpt lat="52.787434" lon="14.534111"><ele>62.75</ele></trkpt>
   <trkpt lat="52.787269" lon="14.534783"><ele>63.5</ele></trkpt>
   <trkpt lat="52.786914" lon="14.536109"><ele>65.75</ele></trkpt>
   <trkpt lat="52.786703" lon="14.536948"><ele>68</ele></trkpt>
   <trkpt lat="52.786346" lon="14.538253"><ele>68</ele></trkpt>
   <trkpt lat="52.785541" lon="14.541262"><ele>65.75</ele></trkpt>
   <trkpt lat="52.785301" lon="14.542224"><ele>66</ele></trkpt>
   <trkpt lat="52.785156" lon="14.542642"><ele>65.75</ele></trkpt>
   <trkpt lat="52.785055" lon="14.543085"><ele>66</ele></trkpt>
   <trkpt lat="52.784512" lon="14.545119"><ele>66.75</ele></trkpt>
   <trkpt lat="52.784467" lon="14.545226"><ele>66.75</ele></trkpt>
   <trkpt lat="52.784386" lon="14.545286"><ele>66.75</ele></trkpt>
   <trkpt lat="52.782597" lon="14.546413"><ele>66</ele></trkpt>
   <trkpt lat="52.782347" lon="14.546593"><ele>66.25</ele></trkpt>
   <trkpt lat="52.781474" lon="14.547136"><ele>68</ele></trkpt>
   <trkpt lat="52.781328" lon="14.547316"><ele>68</ele></trkpt>
   <trkpt lat="52.77851" lon="14.552455"><ele>66.5</ele></trkpt>
   <trkpt lat="52.777453" lon="14.554381"><ele>64.75</ele></trkpt>
   <trkpt lat="52.777147" lon="14.554859"><ele>64</ele></trkpt>
   <trkpt lat="52.77673" lon="14.555323"><ele>64.75</ele></trkpt>
   <trkpt lat="52.776293" lon="14.555677"><ele>65.5</ele></trkpt>
   <trkpt lat="52.774217" lon="14.557265"><ele>65.75</ele></trkpt>
   <trkpt lat="52.774019" lon="14.557511"><ele>65</ele></trkpt>
   <trkpt lat="52.773757" lon="14.557897"><ele>65</ele></trkpt>
   <trkpt lat="52.773462" lon="14.558537"><ele>65</ele></trkpt>
   <trkpt lat="52.773127" lon="14.559261"><ele>64.5</ele></trkpt>
   <trkpt lat="52.773021" lon="14.559453"><ele>63.75</ele></trkpt>
   <trkpt lat="52.773043" lon="14.559694"><ele>63.75</ele></trkpt>
   <trkpt lat="52.773112" lon="14.559922"><ele>63.5</ele></trkpt>
   <trkpt lat="52.773243" lon="14.560085"><ele>64</ele></trkpt>
   <trkpt lat="52.773385" lon="14.560147"><ele>64.25</ele></trkpt>
   <trkpt lat="52.77369" lon="14.560076"><ele>64.5</ele></trkpt>
   <trkpt lat="52.773802" lon="14.5601"><ele>64.5</ele></trkpt>
   <trkpt lat="52.774007" lon="14.560225"><ele>64</ele></trkpt>
   <trkpt lat="52.774157" lon="14.560356"><ele>64.25</ele></trkpt>
   <trkpt lat="52.774288" lon="14.560559"><ele>65</ele></trkpt>
   <trkpt lat="52.774447" lon="14.560852"><ele>65</ele></trkpt>
   <trkpt lat="52.774489" lon="14.561272"><ele>65</ele></trkpt>
   <trkpt lat="52.774468" lon="14.562117"><ele>66.5</ele></trkpt>
   <trkpt lat="52.774455" lon="14.562276"><ele>66.75</ele></trkpt>
   <trkpt lat="52.774423" lon="14.562384"><ele>66.75</ele></trkpt>
   <trkpt lat="52.77436" lon="14.562548"><ele>66.5</ele></trkpt>
   <trkpt lat="52.77419" lon="14.562907"><ele>66.5</ele></trkpt>
   <trkpt lat="52.774126" lon="14.5629"><ele>66.5</ele></trkpt>
   <trkpt lat="52.774008" lon="14.562943"><ele>66.5</ele></trkpt>
   <trkpt lat="52.773916" lon="14.563009"><ele>66.75</ele></trkpt>
   <trkpt lat="52.773592" lon="14.563361"><ele>67</ele></trkpt>
   <trkpt lat="52.773297" lon="14.563086"><ele>67</ele></trkpt>
   <trkpt lat="52.772999" lon="14.562758"><ele>67</ele></trkpt>
   <trkpt lat="52.77246" lon="14.562216"><ele>67</ele></trkpt>
   <trkpt lat="52.771822" lon="14.561569"><ele>67</ele></trkpt>
   <trkpt lat="52.771495" lon="14.561242"><ele>67</ele></trkpt>
   <trkpt lat="52.771268" lon="14.561044"><ele>67</ele></trkpt>
   <trkpt lat="52.770435" lon="14.560325"><ele>66.75</ele></trkpt>
   <trkpt lat="52.770329" lon="14.56023"><ele>67</ele></trkpt>
   <trkpt lat="52.770241" lon="14.560156"><ele>67</ele></trkpt>
   <trkpt lat="52.770082" lon="14.560092"><ele>67</ele></trkpt>
   <trkpt lat="52.769908" lon="14.560033"><ele>66.75</ele></trkpt>
   <trkpt lat="52.769853" lon="14.560003"><ele>66.75</ele></trkpt>
   <trkpt lat="52.769813" lon="14.559965"><ele>67</ele></trkpt>
   <trkpt lat="52.769739" lon="14.560166"><ele>66.25</ele></trkpt>
   <trkpt lat="52.769594" lon="14.560738"><ele>65</ele></trkpt>
   <trkpt lat="52.769422" lon="14.561251"><ele>65</ele></trkpt>
   <trkpt lat="52.769367" lon="14.561462"><ele>65</ele></trkpt>
   <trkpt lat="52.769264" lon="14.561783"><ele>65</ele></trkpt>
   <trkpt lat="52.769152" lon="14.561982"><ele>65</ele></trkpt>
   <trkpt lat="52.768686" lon="14.562385"><ele>65.5</ele></trkpt>
   <trkpt lat="52.767669" lon="14.563135"><ele>64.75</ele></trkpt>
   <trkpt lat="52.767128" lon="14.563631"><ele>66.25</ele></trkpt>
   <trkpt lat="52.76674" lon="14.563948"><ele>67</ele></trkpt>
   <trkpt lat="52.76617" lon="14.564278"><ele>66</ele></trkpt>
   <trkpt lat="52.766134" lon="14.564438"><ele>66</ele></trkpt>
   <trkpt lat="52.766035" lon="14.565192"><ele>66</ele></trkpt>
   <trkpt lat="52.765959" lon="14.56556"><ele>67</ele></trkpt>
   <trkpt lat="52.765852" lon="14.566364"><ele>67</ele></trkpt>
   <trkpt lat="52.765812" lon="14.566717"><ele>66.75</ele></trkpt>
   <trkpt lat="52.765685" lon="14.56733"><ele>66</ele></trkpt>
   <trkpt lat="52.765547" lon="14.568256"><ele>66</ele></trkpt>
   <trkpt lat="52.765481" lon="14.568844"><ele>65.25</ele></trkpt>
   <trkpt lat="52.765172" lon="14.570687"><ele>67</ele></trkpt>
   <trkpt lat="52.765065" lon="14.571264"><ele>67</ele></trkpt>
   <trkpt lat="52.765027" lon="14.571434"><ele>67</ele></trkpt>
   <trkpt lat="52.765013" lon="14.571603"><ele>67</ele></trkpt>
   <trkpt lat="52.764942" lon="14.57205"><ele>66.75</ele></trkpt>
   <trkpt lat="52.764878" lon="14.572559"><ele>66.5</ele></trkpt>
   <trkpt lat="52.764719" lon="14.573662"><ele>67</ele></trkpt>
   <trkpt lat="52.764559" lon="14.574645"><ele>67</ele></trkpt>
   <trkpt lat="52.764298" lon="14.576402"><ele>66.5</ele></trkpt>
   <trkpt lat="52.764266" lon="14.576824"><ele>66.5</ele></trkpt>
   <trkpt lat="52.764288" lon="14.577115"><ele>66.75</ele></trkpt>
   <trkpt lat="52.764427" lon="14.5779"><ele>66.75</ele></trkpt>
   <trkpt lat="52.764465" lon="14.578231"><ele>66.75</ele></trkpt>
   <trkpt lat="52.764479" lon="14.578695"><ele>66</ele></trkpt>
   <trkpt lat="52.764451" lon="14.579992"><ele>67</ele></trkpt>
   <trkpt lat="52.764437" lon="14.580319"><ele>67.75</ele></trkpt>
   <trkpt lat="52.764422" lon="14.580583"><ele>67.75</ele></trkpt>
   <trkpt lat="52.764397" lon="14.580788"><ele>67.75</ele></trkpt>
   <trkpt lat="52.764348" lon="14.581346"><ele>67</ele></trkpt>
   <trkpt lat="52.764336" lon="14.581971"><ele>67.5</ele></trkpt>
   <trkpt lat="52.764282" lon="14.58248"><ele>68</ele></trkpt>
   <trkpt lat="52.764238" lon="14.583267"><ele>68</ele></trkpt>
   <trkpt lat="52.764212" lon="14.584073"><ele>68</ele></trkpt>
   <trkpt lat="52.764213" lon="14.584833"><ele>67</ele></trkpt>
   <trkpt lat="52.764184" lon="14.587072"><ele>65.5</ele></trkpt>
   <trkpt lat="52.764119" lon="14.588658"><ele>65.5</ele></trkpt>
   <trkpt lat="52.764102" lon="14.588758"><ele>65.25</ele></trkpt>
   <trkpt lat="52.764079" lon="14.588806"><ele>65</ele></trkpt>
   <trkpt lat="52.764043" lon="14.588861"><ele>65</ele></trkpt>
   <trkpt lat="52.763989" lon="14.588918"><ele>64.75</ele></trkpt>
   <trkpt lat="52.763911" lon="14.58897"><ele>64.5</ele></trkpt>
   <trkpt lat="52.763822" lon="14.589014"><ele>64.75</ele></trkpt>
   <trkpt lat="52.763555" lon="14.589121"><ele>65.5</ele></trkpt>
   <trkpt lat="52.763499" lon="14.589155"><ele>65.5</ele></trkpt>
   <trkpt lat="52.76343" lon="14.589222"><ele>65.25</ele></trkpt>
   <trkpt lat="52.762962" lon="14.590209"><ele>64.5</ele></trkpt>
   <trkpt lat="52.762779" lon="14.590568"><ele>66.75</ele></trkpt>
   <trkpt lat="52.762383" lon="14.591405"><ele>69</ele></trkpt>
   <trkpt lat="52.762277" lon="14.591561"><ele>69</ele></trkpt>
   <trkpt lat="52.762172" lon="14.591762"><ele>69</ele></trkpt>
   <trkpt lat="52.76185" lon="14.592475"><ele>70.75</ele></trkpt>
   <trkpt lat="52.761363" lon="14.593478"><ele>71</ele></trkpt>
   <trkpt lat="52.761357" lon="14.593528"><ele>71</ele></trkpt>
   <trkpt lat="52.76136" lon="14.593567"><ele>71</ele></trkpt>
   <trkpt lat="52.761378" lon="14.593627"><ele>71</ele></trkpt>
   <trkpt lat="52.761454" lon="14.593724"><ele>71</ele></trkpt>
   <trkpt lat="52.762169" lon="14.594644"><ele>71.75</ele></trkpt>
   <trkpt lat="52.762643" lon="14.595285"><ele>70.75</ele></trkpt>
   <trkpt lat="52.762785" lon="14.595511"><ele>70</ele></trkpt>
   <trkpt lat="52.762983" lon="14.595782"><ele>70</ele></trkpt>
   <trkpt lat="52.763038" lon="14.595891"><ele>69.75</ele></trkpt>
   <trkpt lat="52.763077" lon="14.596018"><ele>69.25</ele></trkpt>
   <trkpt lat="52.763132" lon="14.596239"><ele>69</ele></trkpt>
   <trkpt lat="52.763459" lon="14.597354"><ele>69.25</ele></trkpt>
   <trkpt lat="52.763926" lon="14.599001"><ele>69</ele></trkpt>
   <trkpt lat="52.764174" lon="14.599846"><ele>68.5</ele></trkpt>
   <trkpt lat="52.764203" lon="14.600081"><ele>68</ele></trkpt>
   <trkpt lat="52.764224" lon="14.600342"><ele>68</ele></trkpt>
   <trkpt lat="52.764226" lon="14.600772"><ele>68</ele></trkpt>
   <trkpt lat="52.764219" lon="14.60121"><ele>68</ele></trkpt>
   <trkpt lat="52.764195" lon="14.601753"><ele>68.25</ele></trkpt>
   <trkpt lat="52.764121" lon="14.602668"><ele>69.75</ele></trkpt>
   <trkpt lat="52.764084" lon="14.602967"><ele>69.75</ele></trkpt>
   <trkpt lat="52.764042" lon="14.603212"><ele>70.25</ele></trkpt>
   <trkpt lat="52.763874" lon="14.603957"><ele>71</ele></trkpt>
   <trkpt lat="52.763837" lon="14.604109"><ele>71</ele></trkpt>
   <trkpt lat="52.763791" lon="14.60425"><ele>71</ele></trkpt>
   <trkpt lat="52.763283" lon="14.605619"><ele>71</ele></trkpt>
   <trkpt lat="52.762877" lon="14.606742"><ele>70.25</ele></trkpt>
   <trkpt lat="52.762824" lon="14.60687"><ele>70</ele></trkpt>
   <trkpt lat="52.762791" lon="14.606931"><ele>70</ele></trkpt>
   <trkpt lat="52.762752" lon="14.606982"><ele>70</ele></trkpt>
   <trkpt lat="52.762689" lon="14.607041"><ele>70</ele></trkpt>
   <trkpt lat="52.762631" lon="14.607057"><ele>70</ele></trkpt>
   <trkpt lat="52.762581" lon="14.607051"><ele>70</ele></trkpt>
   <trkpt lat="52.761958" lon="14.606748"><ele>69.75</ele></trkpt>
   <trkpt lat="52.760982" lon="14.606281"><ele>68</ele></trkpt>
   <trkpt lat="52.760809" lon="14.606209"><ele>68</ele></trkpt>
   <trkpt lat="52.760665" lon="14.606159"><ele>68</ele></trkpt>
   <trkpt lat="52.760497" lon="14.606131"><ele>68</ele></trkpt>
   <trkpt lat="52.760433" lon="14.606142"><ele>68.25</ele></trkpt>
   <trkpt lat="52.760375" lon="14.606197"><ele>68.5</ele></trkpt>
   <trkpt lat="52.76021" lon="14.606439"><ele>69</ele></trkpt>
   <trkpt lat="52.760065" lon="14.606659"><ele>69.75</ele></trkpt>
   <trkpt lat="52.759778" lon="14.607126"><ele>71.5</ele></trkpt>
   <trkpt lat="52.758714" lon="14.608812"><ele>80.25</ele></trkpt>
   <trkpt lat="52.7582" lon="14.609622"><ele>81</ele></trkpt>
   <trkpt lat="52.757603" lon="14.610584"><ele>79.75</ele></trkpt>
   <trkpt lat="52.757379" lon="14.610927"><ele>79</ele></trkpt>
   <trkpt lat="52.756241" lon="14.61277"><ele>74.25</ele></trkpt>
   <trkpt lat="52.755895" lon="14.613334"><ele>73</ele></trkpt>
   <trkpt lat="52.755799" lon="14.613463"><ele>72.75</ele></trkpt>
   <trkpt lat="52.755698" lon="14.613578"><ele>72.5</ele></trkpt>
   <trkpt lat="52.755524" lon="14.613653"><ele>72</ele></trkpt>
   <trkpt lat="52.752523" lon="14.614727"><ele>68</ele></trkpt>
   <trkpt lat="52.752197" lon="14.614779"><ele>67</ele></trkpt>
   <trkpt lat="52.751964" lon="14.614755"><ele>67</ele></trkpt>
   <trkpt lat="52.751354" lon="14.614477"><ele>65.75</ele></trkpt>
   <trkpt lat="52.750004" lon="14.613948"><ele>65.75</ele></trkpt>
   <trkpt lat="52.749605" lon="14.61366"><ele>65</ele></trkpt>
   <trkpt lat="52.748643" lon="14.612808"><ele>64</ele></trkpt>
   <trkpt lat="52.747341" lon="14.611691"><ele>62</ele></trkpt>
   <trkpt lat="52.745991" lon="14.610414"><ele>63</ele></trkpt>
   <trkpt lat="52.743617" lon="14.608376"><ele>64</ele></trkpt>
   <trkpt lat="52.742449" lon="14.607547"><ele>63</ele></trkpt>
   <trkpt lat="52.742062" lon="14.608551"><ele>62.25</ele></trkpt>
   <trkpt lat="52.741603" lon="14.609849"><ele>61</ele></trkpt>
   <trkpt lat="52.741219" lon="14.611336"><ele>60.25</ele></trkpt>
   <trkpt lat="52.740941" lon="14.612412"><ele>58.75</ele></trkpt>
   <trkpt lat="52.740794" lon="14.613205"><ele>57.75</ele></trkpt>
   <trkpt lat="52.740782" lon="14.613271"><ele>57.75</ele></trkpt>
   <trkpt lat="52.74074" lon="14.613494"><ele>57.75</ele></trkpt>
   <trkpt lat="52.740728" lon="14.613614"><ele>58</ele></trkpt>
   <trkpt lat="52.740594" lon="14.614959"><ele>60</ele></trkpt>
   <trkpt lat="52.740539" lon="14.615309"><ele>59.75</ele></trkpt>
   <trkpt lat="52.740472" lon="14.615679"><ele>59.5</ele></trkpt>
   <trkpt lat="52.740358" lon="14.616114"><ele>59.25</ele></trkpt>
   <trkpt lat="52.740234" lon="14.616536"><ele>59.75</ele></trkpt>
   <trkpt lat="52.740116" lon="14.616661"><ele>59.75</ele></trkpt>
   <trkpt lat="52.739997" lon="14.616749"><ele>59.5</ele></trkpt>
   <trkpt lat="52.739784" lon="14.616715"><ele>59</ele></trkpt>
   <trkpt lat="52.739144" lon="14.616472"><ele>58.75</ele></trkpt>
   <trkpt lat="52.738976" lon="14.616409"><ele>59.5</ele></trkpt>
   <trkpt lat="52.737919" lon="14.616067"><ele>63.25</ele></trkpt>
   <trkpt lat="52.736487" lon="14.615549"><ele>63.5</ele></trkpt>
   <trkpt lat="52.734945" lon="14.615007"><ele>62</ele></trkpt>
   <trkpt lat="52.731843" lon="14.61394"><ele>64.75</ele></trkpt>
   <trkpt lat="52.73053" lon="14.613462"><ele>63.25</ele></trkpt>
   <trkpt lat="52.729336" lon="14.613049"><ele>62</ele></trkpt>
   <trkpt lat="52.728845" lon="14.612856"><ele>62</ele></trkpt>
   <trkpt lat="52.728688" lon="14.612849"><ele>62</ele></trkpt>
   <trkpt lat="52.728324" lon="14.613297"><ele>62</ele></trkpt>
   <trkpt lat="52.727825" lon="14.613833"><ele>61.75</ele></trkpt>
   <trkpt lat="52.727282" lon="14.614529"><ele>61</ele></trkpt>
   <trkpt lat="52.726897" lon="14.614973"><ele>60.5</ele></trkpt>
   <trkpt lat="52.726411" lon="14.615584"><ele>60.75</ele></trkpt>
   <trkpt lat="52.725069" lon="14.617153"><ele>62</ele></trkpt>
   <trkpt lat="52.724773" lon="14.617537"><ele>62</ele></trkpt>
   <trkpt lat="52.722988" lon="14.620069"><ele>61.75</ele></trkpt>
   <trkpt lat="52.721897" lon="14.621654"><ele>58.75</ele></trkpt>
   <trkpt lat="52.720712" lon="14.623339"><ele>54.5</ele></trkpt>
   <trkpt lat="52.719935" lon="14.624459"><ele>53</ele></trkpt>
   <trkpt lat="52.718905" lon="14.625922"><ele>54</ele></trkpt>
   <trkpt lat="52.718158" lon="14.62697"><ele>55.5</ele></trkpt>
   <trkpt lat="52.716479" lon="14.62938"><ele>52.25</ele></trkpt>
   <trkpt lat="52.715684" lon="14.630503"><ele>51.25</ele></trkpt>
   <trkpt lat="52.714644" lon="14.632003"><ele>51.5</ele></trkpt>
   <trkpt lat="52.713578" lon="14.633638"><ele>48</ele></trkpt>
   <trkpt lat="52.7125" lon="14.635336"><ele>46.75</ele></trkpt>
   <trkpt lat="52.7116" lon="14.636715"><ele>46.75</ele></trkpt>
   <trkpt lat="52.711144" lon="14.637429"><ele>46.75</ele></trkpt>
   <trkpt lat="52.710428" lon="14.638471"><ele>44.5</ele></trkpt>
   <trkpt lat="52.709955" lon="14.639083"><ele>43</ele></trkpt>
   <trkpt lat="52.70956" lon="14.639512"><ele>40.75</ele></trkpt>
   <trkpt lat="52.708666" lon="14.640362"><ele>35.75</ele></trkpt>
   <trkpt lat="52.708554" lon="14.6405"><ele>34.75</ele></trkpt>
   <trkpt lat="52.708442" lon="14.640678"><ele>34</ele></trkpt>
   <trkpt lat="52.708362" lon="14.640855"><ele>33.75</ele></trkpt>
   <trkpt lat="52.708337" lon="14.640712"><ele>34</ele></trkpt>
   <trkpt lat="52.708319" lon="14.640441"><ele>34.25</ele></trkpt>
   <trkpt lat="52.708197" lon="14.639724"><ele>34.5</ele></trkpt>
   <trkpt lat="52.708031" lon="14.638941"><ele>34.75</ele></trkpt>
   <trkpt lat="52.707911" lon="14.638281"><ele>36</ele></trkpt>
   <trkpt lat="52.707734" lon="14.637074"><ele>37.25</ele></trkpt>
   <trkpt lat="52.707673" lon="14.63651"><ele>37.75</ele></trkpt>
   <trkpt lat="52.707577" lon="14.635938"><ele>38.5</ele></trkpt>
   <trkpt lat="52.707502" lon="14.635575"><ele>39</ele></trkpt>
   <trkpt lat="52.707305" lon="14.634915"><ele>39</ele></trkpt>
   <trkpt lat="52.707191" lon="14.63457"><ele>39.5</ele></trkpt>
   <trkpt lat="52.70674" lon="14.633429"><ele>40</ele></trkpt>
   <trkpt lat="52.706174" lon="14.632085"><ele>41</ele></trkpt>
   <trkpt lat="52.705308" lon="14.629968"><ele>42</ele></trkpt>
   <trkpt lat="52.704674" lon="14.628455"><ele>42</ele></trkpt>
   <trkpt lat="52.704337" lon="14.627672"><ele>41.25</ele></trkpt>
   <trkpt lat="52.704008" lon="14.627064"><ele>40</ele></trkpt>
   <trkpt lat="52.703774" lon="14.626738"><ele>38.25</ele></trkpt>
   <trkpt lat="52.703614" lon="14.626536"><ele>37</ele></trkpt>
   <trkpt lat="52.703477" lon="14.626295"><ele>36</ele></trkpt>
   <trkpt lat="52.703365" lon="14.625984"><ele>35.25</ele></trkpt>
   <trkpt lat="52.703274" lon="14.625574"><ele>34.75</ele></trkpt>
   <trkpt lat="52.70322" lon="14.625239"><ele>34.5</ele></trkpt>
   <trkpt lat="52.703188" lon="14.624918"><ele>34.25</ele></trkpt>
   <trkpt lat="52.703165" lon="14.62457"><ele>34.25</ele></trkpt>
   <trkpt lat="52.703123" lon="14.624244"><ele>34</ele></trkpt>
   <trkpt lat="52.703054" lon="14.62398"><ele>33.75</ele></trkpt>
   <trkpt lat="52.702954" lon="14.623716"><ele>33.5</ele></trkpt>
   <trkpt lat="52.702605" lon="14.622952"><ele>33.5</ele></trkpt>
   <trkpt lat="52.70238" lon="14.622551"><ele>33.75</ele></trkpt>
   <trkpt lat="52.702103" lon="14.622104"><ele>33.75</ele></trkpt>
   <trkpt lat="52.701848" lon="14.621755"><ele>34.25</ele></trkpt>
   <trkpt lat="52.701614" lon="14.621542"><ele>34.25</ele></trkpt>
   <trkpt lat="52.701314" lon="14.621363"><ele>33.75</ele></trkpt>
   <trkpt lat="52.700985" lon="14.621222"><ele>33.5</ele></trkpt>
   <trkpt lat="52.700505" lon="14.621073"><ele>34</ele></trkpt>
   <trkpt lat="52.700431" lon="14.620419"><ele>35.25</ele></trkpt>
   <trkpt lat="52.700392" lon="14.620223"><ele>35.75</ele></trkpt>
   <trkpt lat="52.700302" lon="14.619989"><ele>36.75</ele></trkpt>
   <trkpt lat="52.699644" lon="14.618832"><ele>41.25</ele></trkpt>
   <trkpt lat="52.699393" lon="14.618356"><ele>42</ele></trkpt>
   <trkpt lat="52.699205" lon="14.617836"><ele>42</ele></trkpt>
   <trkpt lat="52.698629" lon="14.616363"><ele>41</ele></trkpt>
   <trkpt lat="52.697892" lon="14.614218"><ele>39.5</ele></trkpt>
   <trkpt lat="52.697756" lon="14.613974"><ele>39.75</ele></trkpt>
   <trkpt lat="52.697611" lon="14.613817"><ele>39.25</ele></trkpt>
   <trkpt lat="52.697362" lon="14.613344"><ele>39</ele></trkpt>
   <trkpt lat="52.697171" lon="14.613041"><ele>39</ele></trkpt>
   <trkpt lat="52.696929" lon="14.6128"><ele>39</ele></trkpt>
   <trkpt lat="52.696491" lon="14.612391"><ele>39</ele></trkpt>
   <trkpt lat="52.693606" lon="14.609764"><ele>40</ele></trkpt>
   <trkpt lat="52.692958" lon="14.610574"><ele>41.25</ele></trkpt>
   <trkpt lat="52.692826" lon="14.610694"><ele>41.75</ele></trkpt>
   <trkpt lat="52.692673" lon="14.610899"><ele>42</ele></trkpt>
   <trkpt lat="52.692314" lon="14.611296"><ele>40.5</ele></trkpt>
   <trkpt lat="52.692042" lon="14.61149"><ele>40</ele></trkpt>
   <trkpt lat="52.691728" lon="14.611692"><ele>39</ele></trkpt>
   <trkpt lat="52.690448" lon="14.612691"><ele>37</ele></trkpt>
   <trkpt lat="52.690292" lon="14.612785"><ele>37</ele></trkpt>
   <trkpt lat="52.689908" lon="14.613065"><ele>36</ele></trkpt>
   <trkpt lat="52.689594" lon="14.613242"><ele>35.5</ele></trkpt>
   <trkpt lat="52.68875" lon="14.613539"><ele>35.25</ele></trkpt>
   <trkpt lat="52.688466" lon="14.61361"><ele>35.75</ele></trkpt>
   <trkpt lat="52.687981" lon="14.613745"><ele>36.25</ele></trkpt>
   <trkpt lat="52.687827" lon="14.613816"><ele>36</ele></trkpt>
   <trkpt lat="52.687384" lon="14.614033"><ele>35.25</ele></trkpt>
   <trkpt lat="52.68679" lon="14.614273"><ele>35.5</ele></trkpt>
   <trkpt lat="52.686129" lon="14.614506"><ele>36.5</ele></trkpt>
   <trkpt lat="52.685845" lon="14.614602"><ele>36</ele></trkpt>
   <trkpt lat="52.685626" lon="14.614661"><ele>36</ele></trkpt>
   <trkpt lat="52.685518" lon="14.61472"><ele>36</ele></trkpt>
   <trkpt lat="52.685405" lon="14.614786"><ele>36</ele></trkpt>
   <trkpt lat="52.685262" lon="14.614833"><ele>36</ele></trkpt>
   <trkpt lat="52.684701" lon="14.614973"><ele>34.75</ele></trkpt>
   <trkpt lat="52.684155" lon="14.615148"><ele>30.75</ele></trkpt>
   <trkpt lat="52.683712" lon="14.615278"><ele>29.25</ele></trkpt>
   <trkpt lat="52.682903" lon="14.615475"><ele>28</ele></trkpt>
   <trkpt lat="52.682814" lon="14.615516"><ele>28</ele></trkpt>
   <trkpt lat="52.682668" lon="14.615626"><ele>28</ele></trkpt>
   <trkpt lat="52.682505" lon="14.615781"><ele>28</ele></trkpt>
   <trkpt lat="52.682193" lon="14.616142"><ele>28</ele></trkpt>
   <trkpt lat="52.682003" lon="14.616402"><ele>28</ele></trkpt>
   <trkpt lat="52.681804" lon="14.616703"><ele>27.25</ele></trkpt>
   <trkpt lat="52.681438" lon="14.617354"><ele>27</ele></trkpt>
   <trkpt lat="52.680721" lon="14.618897"><ele>27</ele></trkpt>
   <trkpt lat="52.680235" lon="14.620009"><ele>26</ele></trkpt>
   <trkpt lat="52.67957" lon="14.621316"><ele>24.75</ele></trkpt>
   <trkpt lat="52.678926" lon="14.62087"><ele>21.75</ele></trkpt>
   <trkpt lat="52.678764" lon="14.620709"><ele>22</ele></trkpt>
   <trkpt lat="52.678657" lon="14.620583"><ele>22.75</ele></trkpt>
   <trkpt lat="52.678515" lon="14.620378"><ele>23</ele></trkpt>
   <trkpt lat="52.678429" lon="14.620217"><ele>23</ele></trkpt>
   <trkpt lat="52.678352" lon="14.620034"><ele>23.75</ele></trkpt>
   <trkpt lat="52.678244" lon="14.619675"><ele>24</ele></trkpt>
   <trkpt lat="52.678113" lon="14.618811"><ele>25</ele></trkpt>
   <trkpt lat="52.678046" lon="14.618223"><ele>25</ele></trkpt>
   <trkpt lat="52.67799" lon="14.617441"><ele>26</ele></trkpt>
   <trkpt lat="52.677973" lon="14.616988"><ele>26.25</ele></trkpt>
   <trkpt lat="52.677833" lon="14.61697"><ele>26.5</ele></trkpt>
   <trkpt lat="52.677749" lon="14.616829"><ele>27</ele></trkpt>
   <trkpt lat="52.67768" lon="14.616742"><ele>27</ele></trkpt>
   <trkpt lat="52.677571" lon="14.616665"><ele>26.75</ele></trkpt>
   <trkpt lat="52.677102" lon="14.616627"><ele>28.25</ele></trkpt>
   <trkpt lat="52.676803" lon="14.616614"><ele>29.5</ele></trkpt>
   <trkpt lat="52.676627" lon="14.616622"><ele>30.25</ele></trkpt>
   <trkpt lat="52.676264" lon="14.61705"><ele>33.25</ele></trkpt>
   <trkpt lat="52.676043" lon="14.617265"><ele>34</ele></trkpt>
   <trkpt lat="52.675825" lon="14.617349"><ele>34.75</ele></trkpt>
   <trkpt lat="52.675744" lon="14.617352"><ele>35.25</ele></trkpt>
   <trkpt lat="52.67554" lon="14.617355"><ele>35.75</ele></trkpt>
   <trkpt lat="52.675256" lon="14.617326"><ele>36.25</ele></trkpt>
   <trkpt lat="52.674626" lon="14.617105"><ele>38</ele></trkpt>
   <trkpt lat="52.674068" lon="14.616973"><ele>39.5</ele></trkpt>
   <trkpt lat="52.673131" lon="14.616704"><ele>44</ele></trkpt>
   <trkpt lat="52.672239" lon="14.616567"><ele>45.5</ele></trkpt>
   <trkpt lat="52.671916" lon="14.616489"><ele>45.25</ele></trkpt>
   <trkpt lat="52.671695" lon="14.616416"><ele>45</ele></trkpt>
   <trkpt lat="52.671327" lon="14.616314"><ele>45</ele></trkpt>
   <trkpt lat="52.67096" lon="14.616245"><ele>45</ele></trkpt>
   <trkpt lat="52.670417" lon="14.616254"><ele>45.25</ele></trkpt>
   <trkpt lat="52.67009" lon="14.616329"><ele>45</ele></trkpt>
   <trkpt lat="52.669432" lon="14.616456"><ele>46</ele></trkpt>
   <trkpt lat="52.669015" lon="14.616477"><ele>46.25</ele></trkpt>
   <trkpt lat="52.668684" lon="14.616465"><ele>46</ele></trkpt>
   <trkpt lat="52.668454" lon="14.616412"><ele>46</ele></trkpt>
   <trkpt lat="52.667541" lon="14.616017"><ele>46.25</ele></trkpt>
   <trkpt lat="52.666818" lon="14.617001"><ele>46</ele></trkpt>
   <trkpt lat="52.666407" lon="14.617436"><ele>46.25</ele></trkpt>
   <trkpt lat="52.665485" lon="14.618648"><ele>48.75</ele></trkpt>
   <trkpt lat="52.665144" lon="14.619057"><ele>48.5</ele></trkpt>
   <trkpt lat="52.663798" lon="14.620834"><ele>50</ele></trkpt>
   <trkpt lat="52.663317" lon="14.621666"><ele>49</ele></trkpt>
   <trkpt lat="52.662083" lon="14.623795"><ele>49.5</ele></trkpt>
   <trkpt lat="52.66127" lon="14.625142"><ele>49.75</ele></trkpt>
   <trkpt lat="52.660965" lon="14.625645"><ele>48.25</ele></trkpt>
   <trkpt lat="52.659894" lon="14.627467"><ele>44.5</ele></trkpt>
   <trkpt lat="52.659373" lon="14.628459"><ele>44.25</ele></trkpt>
   <trkpt lat="52.659323" lon="14.628813"><ele>44.25</ele></trkpt>
   <trkpt lat="52.659284" lon="14.629066"><ele>45.25</ele></trkpt>
   <trkpt lat="52.659297" lon="14.629702"><ele>48.75</ele></trkpt>
   <trkpt lat="52.659395" lon="14.630398"><ele>51.75</ele></trkpt>
   <trkpt lat="52.659445" lon="14.631084"><ele>52.75</ele></trkpt>
   <trkpt lat="52.659559" lon="14.633681"><ele>52.5</ele></trkpt>
   <trkpt lat="52.659579" lon="14.634562"><ele>52</ele></trkpt>
   <trkpt lat="52.659588" lon="14.634729"><ele>52</ele></trkpt>
   <trkpt lat="52.659543" lon="14.634875"><ele>52</ele></trkpt>
   <trkpt lat="52.658556" lon="14.635412"><ele>54</ele></trkpt>
   <trkpt lat="52.655688" lon="14.636471"><ele>53</ele></trkpt>
   <trkpt lat="52.654928" lon="14.636786"><ele>52.25</ele></trkpt>
   <trkpt lat="52.654182" lon="14.637116"><ele>52.5</ele></trkpt>
   <trkpt lat="52.653431" lon="14.637521"><ele>51</ele></trkpt>
   <trkpt lat="52.652407" lon="14.638129"><ele>51</ele></trkpt>
   <trkpt lat="52.652125" lon="14.638166"><ele>52.25</ele></trkpt>
   <trkpt lat="52.6518" lon="14.638227"><ele>53</ele></trkpt>
   <trkpt lat="52.651128" lon="14.638572"><ele>55</ele></trkpt>
   <trkpt lat="52.650905" lon="14.638671"><ele>54.25</ele></trkpt>
   <trkpt lat="52.6505" lon="14.638818"><ele>53.5</ele></trkpt>
   <trkpt lat="52.64856" lon="14.640195"><ele>54</ele></trkpt>
   <trkpt lat="52.647552" lon="14.64105"><ele>54.75</ele></trkpt>
   <trkpt lat="52.646884" lon="14.6415"><ele>54.75</ele></trkpt>
   <trkpt lat="52.646709" lon="14.641615"><ele>54</ele></trkpt>
   <trkpt lat="52.646384" lon="14.641856"><ele>54</ele></trkpt>
   <trkpt lat="52.645794" lon="14.642445"><ele>57</ele></trkpt>
   <trkpt lat="52.645312" lon="14.64262"><ele>58</ele></trkpt>
   <trkpt lat="52.6448" lon="14.64284"><ele>58.5</ele></trkpt>
   <trkpt lat="52.644212" lon="14.642841"><ele>59.75</ele></trkpt>
   <trkpt lat="52.6438" lon="14.642832"><ele>59.5</ele></trkpt>
   <trkpt lat="52.64315" lon="14.642826"><ele>60.5</ele></trkpt>
   <trkpt lat="52.6426" lon="14.6429"><ele>62.25</ele></trkpt>
   <trkpt lat="52.642294" lon="14.642911"><ele>65.5</ele></trkpt>
   <trkpt lat="52.641976" lon="14.642962"><ele>63.75</ele></trkpt>
   <trkpt lat="52.641536" lon="14.643224"><ele>62.25</ele></trkpt>
   <trkpt lat="52.639466" lon="14.644719"><ele>62</ele></trkpt>
   <trkpt lat="52.636823" lon="14.646225"><ele>62</ele></trkpt>
   <trkpt lat="52.635677" lon="14.646822"><ele>60.75</ele></trkpt>
   <trkpt lat="52.634453" lon="14.647681"><ele>60</ele></trkpt>
   <trkpt lat="52.633463" lon="14.648324"><ele>60</ele></trkpt>
   <trkpt lat="52.632503" lon="14.6488"><ele>56.25</ele></trkpt>
   <trkpt lat="52.631604" lon="14.649005"><ele>55.5</ele></trkpt>
   <trkpt lat="52.631513" lon="14.649012"><ele>55.75</ele></trkpt>
   <trkpt lat="52.631312" lon="14.649027"><ele>56</ele></trkpt>
   <trkpt lat="52.630889" lon="14.649014"><ele>56.75</ele></trkpt>
   <trkpt lat="52.63052" lon="14.648946"><ele>57</ele></trkpt>
   <trkpt lat="52.630078" lon="14.648843"><ele>57</ele></trkpt>
   <trkpt lat="52.629294" lon="14.64851"><ele>54.75</ele></trkpt>
   <trkpt lat="52.628306" lon="14.648088"><ele>48.75</ele></trkpt>
   <trkpt lat="52.627681" lon="14.647917"><ele>45.25</ele></trkpt>
   <trkpt lat="52.627186" lon="14.647723"><ele>42.5</ele></trkpt>
   <trkpt lat="52.626969" lon="14.6477"><ele>40.75</ele></trkpt>
   <trkpt lat="52.626741" lon="14.647697"><ele>39.25</ele></trkpt>
   <trkpt lat="52.626461" lon="14.647762"><ele>37.5</ele></trkpt>
   <trkpt lat="52.625177" lon="14.648419"><ele>31.75</ele></trkpt>
   <trkpt lat="52.623946" lon="14.649142"><ele>31</ele></trkpt>
   <trkpt lat="52.623766" lon="14.648903"><ele>30.5</ele></trkpt>
   <trkpt lat="52.620604" lon="14.644421"><ele>24.75</ele></trkpt>
   <trkpt lat="52.618408" lon="14.639958"><ele>22</ele></trkpt>
   <trkpt lat="52.617808" lon="14.640729"><ele>22</ele></trkpt>
   <trkpt lat="52.615889" lon="14.643345"><ele>20.75</ele></trkpt>
   <trkpt lat="52.61529" lon="14.644041"><ele>21</ele></trkpt>
   <trkpt lat="52.614469" lon="14.643696"><ele>20</ele></trkpt>
   <trkpt lat="52.612928" lon="14.643019"><ele>19</ele></trkpt>
   <trkpt lat="52.609939" lon="14.642457"><ele>18</ele></trkpt>
   <trkpt lat="52.60978" lon="14.642453"><ele>18</ele></trkpt>
   <trkpt lat="52.609106" lon="14.642437"><ele>18</ele></trkpt>
   <trkpt lat="52.608768" lon="14.642704"><ele>18.5</ele></trkpt>
   <trkpt lat="52.608756" lon="14.642578"><ele>18.75</ele></trkpt>
   <trkpt lat="52.608745" lon="14.64253"><ele>18.75</ele></trkpt>
   <trkpt lat="52.608723" lon="14.64245"><ele>19</ele></trkpt>
   <trkpt lat="52.608707" lon="14.642386"><ele>19</ele></trkpt>
   <trkpt lat="52.608693" lon="14.642331"><ele>18.75</ele></trkpt>
   <trkpt lat="52.608686" lon="14.642281"><ele>19</ele></trkpt>
   <trkpt lat="52.608691" lon="14.642157"><ele>19</ele></trkpt>
   <trkpt lat="52.608591" lon="14.642183"><ele>18.75</ele></trkpt>
   <trkpt lat="52.608438" lon="14.642298"><ele>19</ele></trkpt>
   <trkpt lat="52.607974" lon="14.642583"><ele>18.75</ele></trkpt>
   <trkpt lat="52.607775" lon="14.642652"><ele>18.5</ele></trkpt>
   <trkpt lat="52.607322" lon="14.642721"><ele>18</ele></trkpt>
   <trkpt lat="52.606316" lon="14.642875"><ele>19</ele></trkpt>
   <trkpt lat="52.603741" lon="14.643207"><ele>19</ele></trkpt>
   <trkpt lat="52.603125" lon="14.64326"><ele>19</ele></trkpt>
   <trkpt lat="52.602751" lon="14.643231"><ele>18.75</ele></trkpt>
   <trkpt lat="52.602223" lon="14.643193"><ele>17.75</ele></trkpt>
   <trkpt lat="52.602221" lon="14.643275"><ele>18</ele></trkpt>
   <trkpt lat="52.602103" lon="14.643272"><ele>18</ele></trkpt>
   <trkpt lat="52.600863" lon="14.64322"><ele>19</ele></trkpt>
   <trkpt lat="52.60013" lon="14.643194"><ele>19.25</ele></trkpt>
   <trkpt lat="52.599105" lon="14.643136"><ele>18</ele></trkpt>
   <trkpt lat="52.599013" lon="14.643131"><ele>18</ele></trkpt>
   <trkpt lat="52.598773" lon="14.643118"><ele>18</ele></trkpt>
   <trkpt lat="52.597979" lon="14.643088"><ele>18</ele></trkpt>
   <trkpt lat="52.597927" lon="14.643086"><ele>18</ele></trkpt>
   <trkpt lat="52.597873" lon="14.643083"><ele>18</ele></trkpt>
   <trkpt lat="52.597714" lon="14.643082"><ele>18.25</ele></trkpt>
   <trkpt lat="52.597572" lon="14.643103"><ele>18.75</ele></trkpt>
   <trkpt lat="52.597434" lon="14.643152"><ele>19</ele></trkpt>
   <trkpt lat="52.597325" lon="14.643206"><ele>19</ele></trkpt>
   <trkpt lat="52.59704" lon="14.643416"><ele>19</ele></trkpt>
   <trkpt lat="52.597023" lon="14.643472"><ele>19</ele></trkpt>
   <trkpt lat="52.59701" lon="14.643525"><ele>19</ele></trkpt>
   <trkpt lat="52.59692" lon="14.643603"><ele>18.75</ele></trkpt>
   <trkpt lat="52.596837" lon="14.643669"><ele>19</ele></trkpt>
   <trkpt lat="52.59617" lon="14.644197"><ele>19.25</ele></trkpt>
   <trkpt lat="52.595938" lon="14.64438"><ele>19.25</ele></trkpt>
   <trkpt lat="52.595852" lon="14.644342"><ele>19</ele></trkpt>
   <trkpt lat="52.595645" lon="14.644508"><ele>19</ele></trkpt>
   <trkpt lat="52.595618" lon="14.644544"><ele>19</ele></trkpt>
   <trkpt lat="52.595568" lon="14.644584"><ele>19</ele></trkpt>
   <trkpt lat="52.59552" lon="14.644613"><ele>19</ele></trkpt>
   <trkpt lat="52.59548" lon="14.644624"><ele>19</ele></trkpt>
   <trkpt lat="52.595317" lon="14.644754"><ele>19</ele></trkpt>
   <trkpt lat="52.594693" lon="14.645247"><ele>19</ele></trkpt>
   <trkpt lat="52.59389" lon="14.64591"><ele>19.25</ele></trkpt>
   <trkpt lat="52.593042" lon="14.646611"><ele>19</ele></trkpt>
   <trkpt lat="52.593013" lon="14.646533"><ele>19</ele></trkpt>
   <trkpt lat="52.592993" lon="14.646467"><ele>19</ele></trkpt>
   <trkpt lat="52.59282" lon="14.646574"><ele>19</ele></trkpt>
   <trkpt lat="52.592708" lon="14.646626"><ele>19</ele></trkpt>
   <trkpt lat="52.592596" lon="14.646659"><ele>19</ele></trkpt>
   <trkpt lat="52.592454" lon="14.646644"><ele>19</ele></trkpt>
   <trkpt lat="52.592316" lon="14.646599"><ele>19</ele></trkpt>
   <trkpt lat="52.592155" lon="14.646491"><ele>19</ele></trkpt>
   <trkpt lat="52.592037" lon="14.646357"><ele>19</ele></trkpt>
   <trkpt lat="52.591988" lon="14.646307"><ele>19</ele></trkpt>
   <trkpt lat="52.591974" lon="14.646204"><ele>19</ele></trkpt>
   <trkpt lat="52.591941" lon="14.646125"><ele>19</ele></trkpt>
   <trkpt lat="52.591857" lon="14.646228"><ele>19</ele></trkpt>
   <trkpt lat="52.591793" lon="14.646082"><ele>18.75</ele></trkpt>
   <trkpt lat="52.591587" lon="14.645547"><ele>18</ele></trkpt>
   <trkpt lat="52.591457" lon="14.645197"><ele>17.75</ele></trkpt>
   <trkpt lat="52.591051" lon="14.644087"><ele>15.75</ele></trkpt>
   <trkpt lat="52.59099" lon="14.643937"><ele>15.5</ele></trkpt>
   <trkpt lat="52.590954" lon="14.643894"><ele>15.25</ele></trkpt>
   <trkpt lat="52.590924" lon="14.643858"><ele>15.25</ele></trkpt>
   <trkpt lat="52.59083" lon="14.643725"><ele>15</ele></trkpt>
   <trkpt lat="52.590528" lon="14.644185"><ele>15.5</ele></trkpt>
   <trkpt lat="52.590425" lon="14.644331"><ele>17.75</ele></trkpt>
   <trkpt lat="52.590274" lon="14.644541"><ele>16.5</ele></trkpt>
   <trkpt lat="52.590106" lon="14.644776"><ele>15.25</ele></trkpt>
   <trkpt lat="52.589896" lon="14.645027"><ele>15</ele></trkpt>
   <trkpt lat="52.589573" lon="14.645379"><ele>15.25</ele></trkpt>
   <trkpt lat="52.589482" lon="14.645485"><ele>15.5</ele></trkpt>
   <trkpt lat="52.589305" lon="14.645702"><ele>15.25</ele></trkpt>
   <trkpt lat="52.589256" lon="14.64576"><ele>15.25</ele></trkpt>
   <trkpt lat="52.589162" lon="14.645883"><ele>15</ele></trkpt>
   <trkpt lat="52.589114" lon="14.645947"><ele>15.25</ele></trkpt>
   <trkpt lat="52.588896" lon="14.646236"><ele>16</ele></trkpt>
   <trkpt lat="52.588833" lon="14.64617"><ele>15.75</ele></trkpt>
   <trkpt lat="52.588803" lon="14.646114"><ele>15.5</ele></trkpt>
   <trkpt lat="52.588739" lon="14.646054"><ele>15.25</ele></trkpt>
   <trkpt lat="52.588681" lon="14.646023"><ele>15</ele></trkpt>
   <trkpt lat="52.588602" lon="14.645983"><ele>15</ele></trkpt>
   <trkpt lat="52.588409" lon="14.645832"><ele>15</ele></trkpt>
   <trkpt lat="52.588209" lon="14.645721"><ele>15</ele></trkpt>
   <trkpt lat="52.587957" lon="14.645621"><ele>15</ele></trkpt>
   <trkpt lat="52.587791" lon="14.645571"><ele>15</ele></trkpt>
   <trkpt lat="52.587321" lon="14.645432"><ele>14.25</ele></trkpt>
   <trkpt lat="52.587264" lon="14.645406"><ele>14</ele></trkpt>
   <trkpt lat="52.586649" lon="14.645123"><ele>13.5</ele></trkpt>
   <trkpt lat="52.586162" lon="14.644898"><ele>13.25</ele></trkpt>
   <trkpt lat="52.586026" lon="14.644802"><ele>13.5</ele></trkpt>
   <trkpt lat="52.585956" lon="14.644719"><ele>14</ele></trkpt>
   <trkpt lat="52.585894" lon="14.644674"><ele>14</ele></trkpt>
   <trkpt lat="52.585684" lon="14.644609"><ele>13.75</ele></trkpt>
   <trkpt lat="52.585516" lon="14.644529"><ele>13.5</ele></trkpt>
   <trkpt lat="52.585159" lon="14.64428"><ele>13</ele></trkpt>
   <trkpt lat="52.584803" lon="14.645311"><ele>13.5</ele></trkpt>
   <trkpt lat="52.584783" lon="14.645478"><ele>13.75</ele></trkpt>
   <trkpt lat="52.584814" lon="14.645647"><ele>14</ele></trkpt>
   <trkpt lat="52.584914" lon="14.645886"><ele>14</ele></trkpt>
   <trkpt lat="52.584987" lon="14.646104"><ele>14.75</ele></trkpt>
   <trkpt lat="52.585014" lon="14.646197"><ele>14.75</ele></trkpt>
   <trkpt lat="52.585035" lon="14.64631"><ele>14.5</ele></trkpt>
   <trkpt lat="52.585045" lon="14.646422"><ele>14.5</ele></trkpt>
   <trkpt lat="52.585037" lon="14.646562"><ele>15</ele></trkpt>
   <trkpt lat="52.584991" lon="14.646804"><ele>16</ele></trkpt>
   <trkpt lat="52.584932" lon="14.647012"><ele>16</ele></trkpt>
   <trkpt lat="52.584451" lon="14.646512"><ele>14.75</ele></trkpt>
   <trkpt lat="52.583045" lon="14.645037"><ele>14.5</ele></trkpt>
   <trkpt lat="52.582311" lon="14.644251"><ele>15.25</ele></trkpt>
   <trkpt lat="52.582118" lon="14.644057"><ele>14.25</ele></trkpt>
   <trkpt lat="52.581565" lon="14.643475"><ele>12.5</ele></trkpt>
   <trkpt lat="52.581388" lon="14.643289"><ele>15.75</ele></trkpt>
   <trkpt lat="52.581287" lon="14.643148"><ele>15</ele></trkpt>
   <trkpt lat="52.581196" lon="14.642985"><ele>14.75</ele></trkpt>
   <trkpt lat="52.581056" lon="14.642629"><ele>15.75</ele></trkpt>
   <trkpt lat="52.581027" lon="14.64254"><ele>15.75</ele></trkpt>
   <trkpt lat="52.580747" lon="14.641652"><ele>15.5</ele></trkpt>
   <trkpt lat="52.580671" lon="14.641339"><ele>15.75</ele></trkpt>
   <trkpt lat="52.580588" lon="14.641107"><ele>15.75</ele></trkpt>
   <trkpt lat="52.580421" lon="14.640755"><ele>15</ele></trkpt>
   <trkpt lat="52.580331" lon="14.640573"><ele>15</ele></trkpt>
   <trkpt lat="52.580244" lon="14.640683"><ele>15</ele></trkpt>
   <trkpt lat="52.58015" lon="14.640856"><ele>15</ele></trkpt>
   <trkpt lat="52.579974" lon="14.641109"><ele>15</ele></trkpt>
   <trkpt lat="52.579778" lon="14.641172"><ele>15</ele></trkpt>
   <trkpt lat="52.579078" lon="14.641427"><ele>14.5</ele></trkpt>
   <trkpt lat="52.57889" lon="14.641486"><ele>14</ele></trkpt>
   <trkpt lat="52.577911" lon="14.641869"><ele>14.5</ele></trkpt>
   <trkpt lat="52.577884" lon="14.641664"><ele>15</ele></trkpt>
   <trkpt lat="52.577857" lon="14.64146"><ele>15</ele></trkpt>
   <trkpt lat="52.577837" lon="14.641307"><ele>15</ele></trkpt>
   <trkpt lat="52.577801" lon="14.640969"><ele>15</ele></trkpt>
   <trkpt lat="52.577518" lon="14.641062"><ele>14.5</ele></trkpt>
   <trkpt lat="52.577347" lon="14.641068"><ele>14.5</ele></trkpt>
   <trkpt lat="52.577224" lon="14.641057"><ele>14.5</ele></trkpt>
   <trkpt lat="52.57675" lon="14.640977"><ele>14.25</ele></trkpt>
   <trkpt lat="52.576618" lon="14.640932"><ele>14.75</ele></trkpt>
   <trkpt lat="52.576443" lon="14.64086"><ele>15.75</ele></trkpt>
   <trkpt lat="52.5764" lon="14.640819"><ele>15.75</ele></trkpt>
   <trkpt lat="52.576377" lon="14.640766"><ele>15.5</ele></trkpt>
   <trkpt lat="52.576348" lon="14.640723"><ele>15.25</ele></trkpt>
   <trkpt lat="52.576313" lon="14.640691"><ele>15</ele></trkpt>
   <trkpt lat="52.576275" lon="14.640673"><ele>15</ele></trkpt>
   <trkpt lat="52.576285" lon="14.640444"><ele>14.5</ele></trkpt>
   <trkpt lat="52.576304" lon="14.640345"><ele>14.5</ele></trkpt>
   <trkpt lat="52.576347" lon="14.640125"><ele>14</ele></trkpt>
   <trkpt lat="52.576354" lon="14.639981"><ele>13.75</ele></trkpt>
   <trkpt lat="52.576342" lon="14.63986"><ele>13.75</ele></trkpt>
   <trkpt lat="52.576378" lon="14.639607"><ele>14.25</ele></trkpt>
   <trkpt lat="52.576384" lon="14.639423"><ele>14.75</ele></trkpt>
   <trkpt lat="52.576309" lon="14.639284"><ele>14.75</ele></trkpt>
   <trkpt lat="52.576008" lon="14.638714"><ele>14.25</ele></trkpt>
   <trkpt lat="52.576024" lon="14.638853"><ele>14.75</ele></trkpt>
   <trkpt lat="52.576074" lon="14.63903"><ele>15</ele></trkpt>
   <trkpt lat="52.57618" lon="14.639207"><ele>14.75</ele></trkpt>
   <trkpt lat="52.576242" lon="14.639328"><ele>14.25</ele></trkpt>
   <trkpt lat="52.576224" lon="14.639482"><ele>13.75</ele></trkpt>
   <trkpt lat="52.576125" lon="14.639777"><ele>13</ele></trkpt>
   <trkpt lat="52.576001" lon="14.640104"><ele>13.75</ele></trkpt>
   <trkpt lat="52.575567" lon="14.640323"><ele>13.25</ele></trkpt>
   <trkpt lat="52.575178" lon="14.64056"><ele>13.25</ele></trkpt>
   <trkpt lat="52.574623" lon="14.641112"><ele>14.25</ele></trkpt>
   <trkpt lat="52.574295" lon="14.641386"><ele>13.75</ele></trkpt>
   <trkpt lat="52.574067" lon="14.641537"><ele>14</ele></trkpt>
   <trkpt lat="52.573596" lon="14.64171"><ele>13.25</ele></trkpt>
   <trkpt lat="52.572828" lon="14.642042"><ele>13.25</ele></trkpt>
   <trkpt lat="52.572125" lon="14.642281"><ele>13.5</ele></trkpt>
   <trkpt lat="52.5718" lon="14.642382"><ele>14</ele></trkpt>
   <trkpt lat="52.57139" lon="14.642475"><ele>13.75</ele></trkpt>
   <trkpt lat="52.571014" lon="14.642543"><ele>13.25</ele></trkpt>
   <trkpt lat="52.570618" lon="14.642559"><ele>13.5</ele></trkpt>
   <trkpt lat="52.570111" lon="14.642503"><ele>13</ele></trkpt>
   <trkpt lat="52.569372" lon="14.642284"><ele>13.5</ele></trkpt>
   <trkpt lat="52.569192" lon="14.642192"><ele>13</ele></trkpt>
   <trkpt lat="52.568729" lon="14.642007"><ele>13.25</ele></trkpt>
   <trkpt lat="52.568172" lon="14.64169"><ele>13</ele></trkpt>
   <trkpt lat="52.567728" lon="14.641388"><ele>13.25</ele></trkpt>
   <trkpt lat="52.56722" lon="14.640979"><ele>14</ele></trkpt>
   <trkpt lat="52.566877" lon="14.640684"><ele>13.75</ele></trkpt>
   <trkpt lat="52.56641" lon="14.64017"><ele>14</ele></trkpt>
   <trkpt lat="52.566029" lon="14.639704"><ele>13.75</ele></trkpt>
   <trkpt lat="52.565304" lon="14.638753"><ele>14.25</ele></trkpt>
   <trkpt lat="52.564539" lon="14.637702"><ele>14.5</ele></trkpt>
   <trkpt lat="52.563031" lon="14.635686"><ele>14</ele></trkpt>
   <trkpt lat="52.56173" lon="14.633944"><ele>14</ele></trkpt>
   <trkpt lat="52.561288" lon="14.633315"><ele>14.5</ele></trkpt>
   <trkpt lat="52.561182" lon="14.633096"><ele>13.75</ele></trkpt>
   <trkpt lat="52.561152" lon="14.632846"><ele>13.75</ele></trkpt>
   <trkpt lat="52.561265" lon="14.632532"><ele>13.25</ele></trkpt>
   <trkpt lat="52.561127" lon="14.632593"><ele>13.75</ele></trkpt>
   <trkpt lat="52.560869" lon="14.632738"><ele>16</ele></trkpt>
   <trkpt lat="52.560799" lon="14.632786"><ele>16.75</ele></trkpt>
   <trkpt lat="52.560755" lon="14.632829"><ele>16.5</ele></trkpt>
   <trkpt lat="52.560404" lon="14.632257"><ele>14.5</ele></trkpt>
   <trkpt lat="52.559225" lon="14.630466"><ele>14.75</ele></trkpt>
   <trkpt lat="52.558457" lon="14.629337"><ele>15</ele></trkpt>
   <trkpt lat="52.558015" lon="14.628782"><ele>15</ele></trkpt>
   <trkpt lat="52.557656" lon="14.628307"><ele>15.5</ele></trkpt>
   <trkpt lat="52.557428" lon="14.62811"><ele>15.5</ele></trkpt>
   <trkpt lat="52.557343" lon="14.627926"><ele>15.25</ele></trkpt>
   <trkpt lat="52.555622" lon="14.625908"><ele>16</ele></trkpt>
   <trkpt lat="52.554422" lon="14.624663"><ele>15.75</ele></trkpt>
   <trkpt lat="52.553633" lon="14.623845"><ele>15.25</ele></trkpt>
   <trkpt lat="52.552674" lon="14.622956"><ele>15.5</ele></trkpt>
   <trkpt lat="52.55212" lon="14.622533"><ele>16</ele></trkpt>
   <trkpt lat="52.551978" lon="14.622478"><ele>15.25</ele></trkpt>
   <trkpt lat="52.551711" lon="14.62231"><ele>16</ele></trkpt>
   <trkpt lat="52.551649" lon="14.622227"><ele>16.75</ele></trkpt>
   <trkpt lat="52.5509" lon="14.621802"><ele>15.5</ele></trkpt>
   <trkpt lat="52.550114" lon="14.621387"><ele>15.75</ele></trkpt>
   <trkpt lat="52.5476" lon="14.620132"><ele>16</ele></trkpt>
   <trkpt lat="52.545886" lon="14.619506"><ele>16.25</ele></trkpt>
   <trkpt lat="52.545775" lon="14.619508"><ele>16</ele></trkpt>
   <trkpt lat="52.545681" lon="14.619414"><ele>16.25</ele></trkpt>
   <trkpt lat="52.545491" lon="14.619369"><ele>16</ele></trkpt>
   <trkpt lat="52.544107" lon="14.618804"><ele>16</ele></trkpt>
   <trkpt lat="52.543322" lon="14.618388"><ele>16.5</ele></trkpt>
   <trkpt lat="52.542427" lon="14.617833"><ele>16.75</ele></trkpt>
   <trkpt lat="52.542149" lon="14.617674"><ele>16.25</ele></trkpt>
   <trkpt lat="52.54204" lon="14.61768"><ele>16</ele></trkpt>
   <trkpt lat="52.541933" lon="14.617592"><ele>16.75</ele></trkpt>
   <trkpt lat="52.54181" lon="14.617437"><ele>16.5</ele></trkpt>
   <trkpt lat="52.538842" lon="14.615419"><ele>16.5</ele></trkpt>
   <trkpt lat="52.535641" lon="14.613016"><ele>16.25</ele></trkpt>
   <trkpt lat="52.533084" lon="14.611756"><ele>17.5</ele></trkpt>
   <trkpt lat="52.532803" lon="14.611617"><ele>17.75</ele></trkpt>
   <trkpt lat="52.530959" lon="14.611049"><ele>16.25</ele></trkpt>
   <trkpt lat="52.529114" lon="14.610698"><ele>16.25</ele></trkpt>
   <trkpt lat="52.526867" lon="14.610456"><ele>16.5</ele></trkpt>
   <trkpt lat="52.525483" lon="14.610359"><ele>16.25</ele></trkpt>
   <trkpt lat="52.52532" lon="14.61036"><ele>16.25</ele></trkpt>
   <trkpt lat="52.52445" lon="14.610428"><ele>15.75</ele></trkpt>
   <trkpt lat="52.523158" lon="14.610626"><ele>16.75</ele></trkpt>
   <trkpt lat="52.522668" lon="14.610749"><ele>16</ele></trkpt>
   <trkpt lat="52.522242" lon="14.610891"><ele>17</ele></trkpt>
   <trkpt lat="52.521155" lon="14.611355"><ele>15.75</ele></trkpt>
   <trkpt lat="52.515332" lon="14.613704"><ele>16.5</ele></trkpt>
   <trkpt lat="52.514398" lon="14.614116"><ele>16.25</ele></trkpt>
   <trkpt lat="52.512509" lon="14.615114"><ele>16.5</ele></trkpt>
   <trkpt lat="52.512289" lon="14.615244"><ele>16.5</ele></trkpt>
   <trkpt lat="52.512178" lon="14.615354"><ele>16.25</ele></trkpt>
   <trkpt lat="52.512056" lon="14.61544"><ele>16</ele></trkpt>
   <trkpt lat="52.511921" lon="14.615453"><ele>16.75</ele></trkpt>
   <trkpt lat="52.511047" lon="14.615964"><ele>16</ele></trkpt>
   <trkpt lat="52.510055" lon="14.616561"><ele>16.5</ele></trkpt>
   <trkpt lat="52.509732" lon="14.616934"><ele>16.75</ele></trkpt>
   <trkpt lat="52.508936" lon="14.618015"><ele>17</ele></trkpt>
   <trkpt lat="52.50851" lon="14.61861"><ele>16.25</ele></trkpt>
   <trkpt lat="52.508312" lon="14.619078"><ele>16.5</ele></trkpt>
   <trkpt lat="52.508166" lon="14.619513"><ele>16.25</ele></trkpt>
   <trkpt lat="52.507675" lon="14.621463"><ele>15.25</ele></trkpt>
   <trkpt lat="52.50753" lon="14.622069"><ele>17</ele></trkpt>
   <trkpt lat="52.506599" lon="14.625618"><ele>16</ele></trkpt>
   <trkpt lat="52.506231" lon="14.627055"><ele>16.5</ele></trkpt>
   <trkpt lat="52.505661" lon="14.629056"><ele>16.75</ele></trkpt>
   <trkpt lat="52.505467" lon="14.629922"><ele>15.5</ele></trkpt>
   <trkpt lat="52.505197" lon="14.6307"><ele>16.25</ele></trkpt>
   <trkpt lat="52.503877" lon="14.632755"><ele>17</ele></trkpt>
   <trkpt lat="52.503089" lon="14.634063"><ele>17</ele></trkpt>
   <trkpt lat="52.502245" lon="14.635317"><ele>17.25</ele></trkpt>
   <trkpt lat="52.501939" lon="14.635642"><ele>17.5</ele></trkpt>
   <trkpt lat="52.501446" lon="14.636049"><ele>17.25</ele></trkpt>
   <trkpt lat="52.500961" lon="14.636396"><ele>18</ele></trkpt>
   <trkpt lat="52.500386" lon="14.636629"><ele>19</ele></trkpt>
   <trkpt lat="52.500341" lon="14.636648"><ele>19.25</ele></trkpt>
   <trkpt lat="52.498148" lon="14.637777"><ele>17.25</ele></trkpt>
   <trkpt lat="52.495807" lon="14.638164"><ele>18</ele></trkpt>
   <trkpt lat="52.495694" lon="14.638151"><ele>18</ele></trkpt>
   <trkpt lat="52.495583" lon="14.638109"><ele>18.25</ele></trkpt>
   <trkpt lat="52.494063" lon="14.637662"><ele>17</ele></trkpt>
   <trkpt lat="52.492822" lon="14.637265"><ele>17.5</ele></trkpt>
   <trkpt lat="52.490411" lon="14.636836"><ele>17.75</ele></trkpt>
   <trkpt lat="52.488687" lon="14.635913"><ele>17.25</ele></trkpt>
   <trkpt lat="52.485572" lon="14.632203"><ele>18</ele></trkpt>
   <trkpt lat="52.485482" lon="14.632115"><ele>17.5</ele></trkpt>
   <trkpt lat="52.485055" lon="14.631769"><ele>16.75</ele></trkpt>
   <trkpt lat="52.483992" lon="14.63078"><ele>18.25</ele></trkpt>
   <trkpt lat="52.482767" lon="14.629621"><ele>17.5</ele></trkpt>
   <trkpt lat="52.481026" lon="14.627245"><ele>18.5</ele></trkpt>
   <trkpt lat="52.480943" lon="14.627085"><ele>17.75</ele></trkpt>
   <trkpt lat="52.48084" lon="14.626933"><ele>18.75</ele></trkpt>
   <trkpt lat="52.480619" lon="14.626516"><ele>18</ele></trkpt>
   <trkpt lat="52.480373" lon="14.62589"><ele>17.5</ele></trkpt>
   <trkpt lat="52.479831" lon="14.624662"><ele>17.25</ele></trkpt>
   <trkpt lat="52.479426" lon="14.623653"><ele>18.5</ele></trkpt>
   <trkpt lat="52.478808" lon="14.622331"><ele>18</ele></trkpt>
   <trkpt lat="52.477269" lon="14.619337"><ele>17.5</ele></trkpt>
   <trkpt lat="52.47659" lon="14.617994"><ele>18</ele></trkpt>
   <trkpt lat="52.475543" lon="14.61606"><ele>18</ele></trkpt>
   <trkpt lat="52.475397" lon="14.615821"><ele>17.75</ele></trkpt>
   <trkpt lat="52.47509" lon="14.615499"><ele>17.75</ele></trkpt>
   <trkpt lat="52.474165" lon="14.614737"><ele>18.75</ele></trkpt>
   <trkpt lat="52.473403" lon="14.614043"><ele>18.25</ele></trkpt>
   <trkpt lat="52.473263" lon="14.613984"><ele>18.75</ele></trkpt>
   <trkpt lat="52.472946" lon="14.613935"><ele>19</ele></trkpt>
   <trkpt lat="52.469921" lon="14.613841"><ele>17.75</ele></trkpt>
   <trkpt lat="52.469299" lon="14.613764"><ele>18</ele></trkpt>
   <trkpt lat="52.467854" lon="14.613716"><ele>18.25</ele></trkpt>
   <trkpt lat="52.466603" lon="14.613662"><ele>19.25</ele></trkpt>
   <trkpt lat="52.465889" lon="14.613644"><ele>18.5</ele></trkpt>
   <trkpt lat="52.464228" lon="14.6136"><ele>18</ele></trkpt>
   <trkpt lat="52.46324" lon="14.613528"><ele>17.25</ele></trkpt>
   <trkpt lat="52.4631" lon="14.613477"><ele>17.75</ele></trkpt>
   <trkpt lat="52.46291" lon="14.613268"><ele>17.75</ele></trkpt>
   <trkpt lat="52.461913" lon="14.611999"><ele>18.75</ele></trkpt>
   <trkpt lat="52.461515" lon="14.611477"><ele>18</ele></trkpt>
   <trkpt lat="52.461128" lon="14.610969"><ele>18.5</ele></trkpt>
   <trkpt lat="52.460482" lon="14.610086"><ele>18.25</ele></trkpt>
   <trkpt lat="52.460213" lon="14.609537"><ele>18.5</ele></trkpt>
   <trkpt lat="52.457877" lon="14.604406"><ele>17.75</ele></trkpt>
   <trkpt lat="52.457615" lon="14.603991"><ele>18</ele></trkpt>
   <trkpt lat="52.457511" lon="14.603826"><ele>18.25</ele></trkpt>
   <trkpt lat="52.45699" lon="14.603062"><ele>18</ele></trkpt>
   <trkpt lat="52.456772" lon="14.60271"><ele>17.75</ele></trkpt>
   <trkpt lat="52.456406" lon="14.60226"><ele>18.5</ele></trkpt>
   <trkpt lat="52.455059" lon="14.600897"><ele>19.25</ele></trkpt>
   <trkpt lat="52.452922" lon="14.598846"><ele>18.5</ele></trkpt>
   <trkpt lat="52.452075" lon="14.598011"><ele>18.5</ele></trkpt>
   <trkpt lat="52.450852" lon="14.596904"><ele>19</ele></trkpt>
   <trkpt lat="52.450808" lon="14.596846"><ele>19</ele></trkpt>
   <trkpt lat="52.450713" lon="14.596722"><ele>18.75</ele></trkpt>
   <trkpt lat="52.450393" lon="14.596292"><ele>18.25</ele></trkpt>
   <trkpt lat="52.450173" lon="14.595568"><ele>18.75</ele></trkpt>
   <trkpt lat="52.448978" lon="14.591787"><ele>18.5</ele></trkpt>
   <trkpt lat="52.448614" lon="14.590688"><ele>19</ele></trkpt>
   <trkpt lat="52.448334" lon="14.589769"><ele>19.5</ele></trkpt>
   <trkpt lat="52.447742" lon="14.587905"><ele>20</ele></trkpt>
   <trkpt lat="52.447448" lon="14.587207"><ele>19.25</ele></trkpt>
   <trkpt lat="52.447239" lon="14.586971"><ele>19.5</ele></trkpt>
   <trkpt lat="52.44611" lon="14.586105"><ele>19.75</ele></trkpt>
   <trkpt lat="52.445884" lon="14.585931"><ele>19.25</ele></trkpt>
   <trkpt lat="52.4456" lon="14.58567"><ele>19</ele></trkpt>
   <trkpt lat="52.444201" lon="14.584622"><ele>18.75</ele></trkpt>
   <trkpt lat="52.443328" lon="14.583908"><ele>20.5</ele></trkpt>
   <trkpt lat="52.442317" lon="14.583165"><ele>19</ele></trkpt>
   <trkpt lat="52.440909" lon="14.582079"><ele>19</ele></trkpt>
   <trkpt lat="52.440087" lon="14.581518"><ele>18.75</ele></trkpt>
   <trkpt lat="52.439975" lon="14.581383"><ele>19.5</ele></trkpt>
   <trkpt lat="52.439838" lon="14.581218"><ele>19</ele></trkpt>
   <trkpt lat="52.439395" lon="14.580856"><ele>19.25</ele></trkpt>
   <trkpt lat="52.439233" lon="14.580724"><ele>19.25</ele></trkpt>
   <trkpt lat="52.438776" lon="14.58029"><ele>19</ele></trkpt>
   <trkpt lat="52.437958" lon="14.579491"><ele>19.5</ele></trkpt>
   <trkpt lat="52.437652" lon="14.578994"><ele>19</ele></trkpt>
   <trkpt lat="52.436751" lon="14.577629"><ele>18.25</ele></trkpt>
   <trkpt lat="52.436673" lon="14.577217"><ele>19.75</ele></trkpt>
   <trkpt lat="52.436075" lon="14.573748"><ele>20.5</ele></trkpt>
   <trkpt lat="52.436049" lon="14.573533"><ele>20.25</ele></trkpt>
   <trkpt lat="52.436082" lon="14.573287"><ele>20.5</ele></trkpt>
   <trkpt lat="52.436566" lon="14.571039"><ele>19.25</ele></trkpt>
   <trkpt lat="52.437125" lon="14.568394"><ele>20</ele></trkpt>
   <trkpt lat="52.437583" lon="14.566415"><ele>18.5</ele></trkpt>
   <trkpt lat="52.437799" lon="14.565878"><ele>20</ele></trkpt>
   <trkpt lat="52.43804" lon="14.565106"><ele>20</ele></trkpt>
   <trkpt lat="52.438103" lon="14.564784"><ele>19</ele></trkpt>
   <trkpt lat="52.438083" lon="14.564387"><ele>19</ele></trkpt>
   <trkpt lat="52.437802" lon="14.56311"><ele>19.5</ele></trkpt>
   <trkpt lat="52.43737" lon="14.562359"><ele>19.25</ele></trkpt>
   <trkpt lat="52.434486" lon="14.558196"><ele>19.25</ele></trkpt>
   <trkpt lat="52.432088" lon="14.55472"><ele>19.5</ele></trkpt>
   <trkpt lat="52.43113" lon="14.553352"><ele>19.75</ele></trkpt>
   <trkpt lat="52.430381" lon="14.552184"><ele>20.75</ele></trkpt>
   <trkpt lat="52.430066" lon="14.55186"><ele>19.75</ele></trkpt>
   <trkpt lat="52.429978" lon="14.551638"><ele>20.5</ele></trkpt>
   <trkpt lat="52.429465" lon="14.550938"><ele>19.75</ele></trkpt>
   <trkpt lat="52.427964" lon="14.54876"><ele>20.75</ele></trkpt>
   <trkpt lat="52.427748" lon="14.5486"><ele>21.5</ele></trkpt>
   <trkpt lat="52.427515" lon="14.548454"><ele>20.5</ele></trkpt>
   <trkpt lat="52.427421" lon="14.548396"><ele>21</ele></trkpt>
   <trkpt lat="52.426093" lon="14.547945"><ele>20.25</ele></trkpt>
   <trkpt lat="52.42502" lon="14.547666"><ele>20.25</ele></trkpt>
   <trkpt lat="52.423486" lon="14.547233"><ele>22.75</ele></trkpt>
   <trkpt lat="52.423392" lon="14.547167"><ele>22.25</ele></trkpt>
   <trkpt lat="52.423184" lon="14.547279"><ele>21.75</ele></trkpt>
   <trkpt lat="52.422992" lon="14.547263"><ele>21.75</ele></trkpt>
   <trkpt lat="52.421922" lon="14.547317"><ele>20.75</ele></trkpt>
   <trkpt lat="52.421621" lon="14.54735"><ele>20.5</ele></trkpt>
   <trkpt lat="52.420996" lon="14.547704"><ele>20</ele></trkpt>
   <trkpt lat="52.42011" lon="14.547902"><ele>20</ele></trkpt>
   <trkpt lat="52.419164" lon="14.548299"><ele>20.75</ele></trkpt>
   <trkpt lat="52.418336" lon="14.548777"><ele>20</ele></trkpt>
   <trkpt lat="52.418065" lon="14.548809"><ele>20.25</ele></trkpt>
   <trkpt lat="52.41756" lon="14.54873"><ele>21</ele></trkpt>
   <trkpt lat="52.417309" lon="14.548691"><ele>21</ele></trkpt>
   <trkpt lat="52.41654" lon="14.548621"><ele>21.25</ele></trkpt>
   <trkpt lat="52.414973" lon="14.549176"><ele>20.75</ele></trkpt>
   <trkpt lat="52.414531" lon="14.549415"><ele>20.5</ele></trkpt>
   <trkpt lat="52.414302" lon="14.54949"><ele>21</ele></trkpt>
   <trkpt lat="52.414085" lon="14.549473"><ele>21</ele></trkpt>
   <trkpt lat="52.414024" lon="14.549458"><ele>20.75</ele></trkpt>
   <trkpt lat="52.41261" lon="14.548964"><ele>21</ele></trkpt>
   <trkpt lat="52.410683" lon="14.548632"><ele>20.25</ele></trkpt>
   <trkpt lat="52.410431" lon="14.548581"><ele>20</ele></trkpt>
   <trkpt lat="52.410042" lon="14.548498"><ele>20.75</ele></trkpt>
   <trkpt lat="52.409351" lon="14.54809"><ele>21.25</ele></trkpt>
   <trkpt lat="52.40836" lon="14.547328"><ele>21.75</ele></trkpt>
   <trkpt lat="52.406752" lon="14.547058"><ele>21</ele></trkpt>
   <trkpt lat="52.406668" lon="14.547065"><ele>21</ele></trkpt>
   <trkpt lat="52.406529" lon="14.547019"><ele>21</ele></trkpt>
   <trkpt lat="52.405981" lon="14.546915"><ele>21</ele></trkpt>
   <trkpt lat="52.405642" lon="14.546862"><ele>20.5</ele></trkpt>
   <trkpt lat="52.405374" lon="14.546831"><ele>20.5</ele></trkpt>
   <trkpt lat="52.404999" lon="14.546698"><ele>21.5</ele></trkpt>
   <trkpt lat="52.404722" lon="14.546554"><ele>20.5</ele></trkpt>
   <trkpt lat="52.404569" lon="14.546489"><ele>21</ele></trkpt>
   <trkpt lat="52.404419" lon="14.546399"><ele>21.5</ele></trkpt>
   <trkpt lat="52.404271" lon="14.546228"><ele>20.5</ele></trkpt>
   <trkpt lat="52.403974" lon="14.546035"><ele>21</ele></trkpt>
   <trkpt lat="52.402382" lon="14.544822"><ele>21</ele></trkpt>
   <trkpt lat="52.401995" lon="14.544362"><ele>21.5</ele></trkpt>
   <trkpt lat="52.400722" lon="14.543119"><ele>21.25</ele></trkpt>
   <trkpt lat="52.400222" lon="14.54271"><ele>21.5</ele></trkpt>
   <trkpt lat="52.399843" lon="14.542573"><ele>22</ele></trkpt>
   <trkpt lat="52.399409" lon="14.542485"><ele>21.5</ele></trkpt>
   <trkpt lat="52.398397" lon="14.542017"><ele>21.25</ele></trkpt>
   <trkpt lat="52.397407" lon="14.541522"><ele>21.25</ele></trkpt>
   <trkpt lat="52.396358" lon="14.541064"><ele>21.5</ele></trkpt>
   <trkpt lat="52.395265" lon="14.540766"><ele>20.5</ele></trkpt>
   <trkpt lat="52.394772" lon="14.540614"><ele>21.25</ele></trkpt>
   <trkpt lat="52.393204" lon="14.540205"><ele>21</ele></trkpt>
   <trkpt lat="52.392223" lon="14.539959"><ele>21.25</ele></trkpt>
   <trkpt lat="52.391637" lon="14.53979"><ele>22</ele></trkpt>
   <trkpt lat="52.391073" lon="14.539834"><ele>21.25</ele></trkpt>
   <trkpt lat="52.390691" lon="14.539932"><ele>20.75</ele></trkpt>
   <trkpt lat="52.390251" lon="14.540166"><ele>21.25</ele></trkpt>
   <trkpt lat="52.389883" lon="14.540457"><ele>20.75</ele></trkpt>
   <trkpt lat="52.388769" lon="14.541561"><ele>20.75</ele></trkpt>
   <trkpt lat="52.387689" lon="14.542764"><ele>21</ele></trkpt>
   <trkpt lat="52.387408" lon="14.543121"><ele>21</ele></trkpt>
   <trkpt lat="52.386139" lon="14.545011"><ele>20.5</ele></trkpt>
   <trkpt lat="52.385706" lon="14.54553"><ele>21.25</ele></trkpt>
   <trkpt lat="52.385195" lon="14.546143"><ele>20.5</ele></trkpt>
   <trkpt lat="52.384437" lon="14.546737"><ele>21.25</ele></trkpt>
   <trkpt lat="52.384213" lon="14.54694"><ele>21.5</ele></trkpt>
   <trkpt lat="52.383732" lon="14.54752"><ele>21.5</ele></trkpt>
   <trkpt lat="52.383148" lon="14.548393"><ele>21.5</ele></trkpt>
   <trkpt lat="52.382551" lon="14.549063"><ele>21.5</ele></trkpt>
   <trkpt lat="52.382029" lon="14.54965"><ele>21.75</ele></trkpt>
   <trkpt lat="52.381768" lon="14.55007"><ele>21.25</ele></trkpt>
   <trkpt lat="52.38154" lon="14.55058"><ele>20.75</ele></trkpt>
   <trkpt lat="52.381126" lon="14.551174"><ele>22</ele></trkpt>
   <trkpt lat="52.380648" lon="14.551613"><ele>21.75</ele></trkpt>
   <trkpt lat="52.379573" lon="14.552608"><ele>21.5</ele></trkpt>
   <trkpt lat="52.379045" lon="14.553258"><ele>21.5</ele></trkpt>
   <trkpt lat="52.37848" lon="14.554125"><ele>21.75</ele></trkpt>
   <trkpt lat="52.37768" lon="14.555314"><ele>20.75</ele></trkpt>
   <trkpt lat="52.37749" lon="14.555625"><ele>22</ele></trkpt>
   <trkpt lat="52.377187" lon="14.555968"><ele>21.5</ele></trkpt>
   <trkpt lat="52.376503" lon="14.556586"><ele>21.25</ele></trkpt>
   <trkpt lat="52.376004" lon="14.55708"><ele>21.25</ele></trkpt>
   <trkpt lat="52.374617" lon="14.558711"><ele>22</ele></trkpt>
   <trkpt lat="52.374528" lon="14.558825"><ele>22</ele></trkpt>
   <trkpt lat="52.371966" lon="14.561862"><ele>22.75</ele></trkpt>
   <trkpt lat="52.37111" lon="14.56269"><ele>22.5</ele></trkpt>
   <trkpt lat="52.370791" lon="14.562891"><ele>22.25</ele></trkpt>
   <trkpt lat="52.37042" lon="14.563097"><ele>22</ele></trkpt>
   <trkpt lat="52.369928" lon="14.563269"><ele>22</ele></trkpt>
   <trkpt lat="52.369426" lon="14.563331"><ele>22.75</ele></trkpt>
   <trkpt lat="52.368858" lon="14.563242"><ele>22.25</ele></trkpt>
   <trkpt lat="52.368335" lon="14.563108"><ele>23.25</ele></trkpt>
   <trkpt lat="52.367875" lon="14.562989"><ele>22</ele></trkpt>
   <trkpt lat="52.367559" lon="14.56288"><ele>22.25</ele></trkpt>
   <trkpt lat="52.367111" lon="14.562721"><ele>22</ele></trkpt>
   <trkpt lat="52.366369" lon="14.562307"><ele>23</ele></trkpt>
   <trkpt lat="52.366253" lon="14.562241"><ele>23.25</ele></trkpt>
   <trkpt lat="52.365347" lon="14.561728"><ele>22.75</ele></trkpt>
   <trkpt lat="52.364779" lon="14.561513"><ele>22.75</ele></trkpt>
   <trkpt lat="52.363531" lon="14.561283"><ele>22.25</ele></trkpt>
   <trkpt lat="52.36336" lon="14.56126"><ele>22.25</ele></trkpt>
   <trkpt lat="52.36329" lon="14.561251"><ele>22.5</ele></trkpt>
   <trkpt lat="52.36268" lon="14.56117"><ele>23</ele></trkpt>
   <trkpt lat="52.362341" lon="14.56114"><ele>22.75</ele></trkpt>
   <trkpt lat="52.36196" lon="14.561084"><ele>22.75</ele></trkpt>
   <trkpt lat="52.361673" lon="14.561041"><ele>22.25</ele></trkpt>
   <trkpt lat="52.361673" lon="14.561204"><ele>22</ele></trkpt>
   <trkpt lat="52.361706" lon="14.562507"><ele>20.75</ele></trkpt>
   <trkpt lat="52.36171" lon="14.562634"><ele>21</ele></trkpt>
   <trkpt lat="52.361658" lon="14.562633"><ele>21</ele></trkpt>
   <trkpt lat="52.361158" lon="14.562482"><ele>21</ele></trkpt>
   <trkpt lat="52.360801" lon="14.562471"><ele>20.75</ele></trkpt>
   <trkpt lat="52.360692" lon="14.562467"><ele>20.75</ele></trkpt>
   <trkpt lat="52.360638" lon="14.562465"><ele>20.75</ele></trkpt>
   <trkpt lat="52.360573" lon="14.562461"><ele>20.75</ele></trkpt>
   <trkpt lat="52.360317" lon="14.562454"><ele>20.75</ele></trkpt>
   <trkpt lat="52.360003" lon="14.562436"><ele>21</ele></trkpt>
   <trkpt lat="52.359889" lon="14.562432"><ele>21</ele></trkpt>
   <trkpt lat="52.359759" lon="14.56238"><ele>21</ele></trkpt>
   <trkpt lat="52.359465" lon="14.562271"><ele>21</ele></trkpt>
   <trkpt lat="52.359383" lon="14.562227"><ele>21</ele></trkpt>
   <trkpt lat="52.359257" lon="14.562109"><ele>21</ele></trkpt>
   <trkpt lat="52.359205" lon="14.562098"><ele>20.75</ele></trkpt>
   <trkpt lat="52.359189" lon="14.562179"><ele>21</ele></trkpt>
   <trkpt lat="52.359138" lon="14.562648"><ele>21</ele></trkpt>
   <trkpt lat="52.35906" lon="14.563552"><ele>21</ele></trkpt>
   <trkpt lat="52.359055" lon="14.563618"><ele>21</ele></trkpt>
   <trkpt lat="52.359049" lon="14.563683"><ele>21</ele></trkpt>
   <trkpt lat="52.359101" lon="14.563706"><ele>21</ele></trkpt>
   <trkpt lat="52.359094" lon="14.563761"><ele>21</ele></trkpt>
   <trkpt lat="52.359078" lon="14.563888"><ele>21</ele></trkpt>
   <trkpt lat="52.359042" lon="14.564386"><ele>21</ele></trkpt>
   <trkpt lat="52.358966" lon="14.565393"><ele>21</ele></trkpt>
   <trkpt lat="52.358901" lon="14.566191"><ele>21</ele></trkpt>
   <trkpt lat="52.358892" lon="14.566298"><ele>21</ele></trkpt>
   <trkpt lat="52.358882" lon="14.566438"><ele>21</ele></trkpt>
   <trkpt lat="52.358832" lon="14.567096"><ele>21</ele></trkpt>
   <trkpt lat="52.358824" lon="14.567194"><ele>21</ele></trkpt>
   <trkpt lat="52.358745" lon="14.568029"><ele>21</ele></trkpt>
   <trkpt lat="52.358721" lon="14.568231"><ele>21</ele></trkpt>
   <trkpt lat="52.358596" lon="14.568202"><ele>21</ele></trkpt>
   <trkpt lat="52.358253" lon="14.56812"><ele>21</ele></trkpt>
   <trkpt lat="52.358224" lon="14.568114"><ele>21</ele></trkpt>
   <trkpt lat="52.357376" lon="14.567903"><ele>21</ele></trkpt>
   <trkpt lat="52.35683" lon="14.567769"><ele>21</ele></trkpt>
   <trkpt lat="52.356673" lon="14.567726"><ele>21</ele></trkpt>
   <trkpt lat="52.356596" lon="14.567704"><ele>21</ele></trkpt>
   <trkpt lat="52.356589" lon="14.567794"><ele>21</ele></trkpt>
   <trkpt lat="52.356556" lon="14.568101"><ele>21</ele></trkpt>
   <trkpt lat="52.356381" lon="14.568551"><ele>21</ele></trkpt>
   <trkpt lat="52.356229" lon="14.568939"><ele>21</ele></trkpt>
   <trkpt lat="52.356079" lon="14.569248"><ele>21</ele></trkpt>
   <trkpt lat="52.356009" lon="14.569417"><ele>21</ele></trkpt>
   <trkpt lat="52.355499" lon="14.569499"><ele>21</ele></trkpt>
   <trkpt lat="52.35468" lon="14.569622"><ele>21</ele></trkpt>
   <trkpt lat="52.354628" lon="14.569639"><ele>21</ele></trkpt>
   <trkpt lat="52.354543" lon="14.569671"><ele>21</ele></trkpt>
   <trkpt lat="52.353851" lon="14.569972"><ele>21</ele></trkpt>
   <trkpt lat="52.353771" lon="14.570003"><ele>21</ele></trkpt>
   <trkpt lat="52.353663" lon="14.570045"><ele>21</ele></trkpt>
   <trkpt lat="52.353002" lon="14.570265"><ele>21</ele></trkpt>
   <trkpt lat="52.352496" lon="14.570439"><ele>21</ele></trkpt>
   <trkpt lat="52.352426" lon="14.57046"><ele>21</ele></trkpt>
   <trkpt lat="52.352344" lon="14.570487"><ele>21</ele></trkpt>
   <trkpt lat="52.351823" lon="14.570664"><ele>21</ele></trkpt>
   <trkpt lat="52.351755" lon="14.570688"><ele>21</ele></trkpt>
   <trkpt lat="52.351777" lon="14.57083"><ele>21</ele></trkpt>
   <trkpt lat="52.351822" lon="14.571097"><ele>21</ele></trkpt>
   <trkpt lat="52.351755" lon="14.571127"><ele>21</ele></trkpt>
   <trkpt lat="52.351502" lon="14.57123"><ele>21</ele></trkpt>
   <trkpt lat="52.351283" lon="14.571319"><ele>21</ele></trkpt>
   <trkpt lat="52.351171" lon="14.571362"><ele>21</ele></trkpt>
   <trkpt lat="52.351085" lon="14.571367"><ele>21</ele></trkpt>
   <trkpt lat="52.350977" lon="14.571348"><ele>21</ele></trkpt>
   <trkpt lat="52.350837" lon="14.571315"><ele>21</ele></trkpt>
   <trkpt lat="52.350798" lon="14.571302"><ele>21</ele></trkpt>
   <trkpt lat="52.350513" lon="14.571251"><ele>22</ele></trkpt>
   <trkpt lat="52.350294" lon="14.571193"><ele>22</ele></trkpt>
   <trkpt lat="52.350002" lon="14.57113"><ele>21</ele></trkpt>
   <trkpt lat="52.349936" lon="14.571111"><ele>21</ele></trkpt>
   <trkpt lat="52.349833" lon="14.571074"><ele>21</ele></trkpt>
   <trkpt lat="52.349817" lon="14.571164"><ele>21</ele></trkpt>
   <trkpt lat="52.349833" lon="14.5717"><ele>21.5</ele></trkpt>
   <trkpt lat="52.34985" lon="14.572611"><ele>21.5</ele></trkpt>
   <trkpt lat="52.349853" lon="14.572743"><ele>21.5</ele></trkpt>
   <trkpt lat="52.349872" lon="14.57376"><ele>21</ele></trkpt>
   <trkpt lat="52.349874" lon="14.573882"><ele>21</ele></trkpt>
   <trkpt lat="52.350002" lon="14.573841"><ele>21</ele></trkpt>
   <trkpt lat="52.35001" lon="14.573883"><ele>21</ele></trkpt>
   <trkpt lat="52.350049" lon="14.574097"><ele>20.75</ele></trkpt>
   <trkpt lat="52.350139" lon="14.574632"><ele>21</ele></trkpt>
   <trkpt lat="52.350194" lon="14.57513"><ele>21</ele></trkpt>
   <trkpt lat="52.350272" lon="14.575806"><ele>21</ele></trkpt>
   <trkpt lat="52.350284" lon="14.576145"><ele>20.75</ele></trkpt>
   <trkpt lat="52.350274" lon="14.576475"><ele>20</ele></trkpt>
   <trkpt lat="52.350256" lon="14.576802"><ele>20.25</ele></trkpt>
   <trkpt lat="52.350146" lon="14.577719"><ele>21</ele></trkpt>
   <trkpt lat="52.349904" lon="14.577608"><ele>20.75</ele></trkpt>
   <trkpt lat="52.349547" lon="14.577355"><ele>20.5</ele></trkpt>
   <trkpt lat="52.349284" lon="14.577139"><ele>21</ele></trkpt>
   <trkpt lat="52.348848" lon="14.576809"><ele>21</ele></trkpt>
   <trkpt lat="52.348343" lon="14.576466"><ele>22.5</ele></trkpt>
   <trkpt lat="52.348222" lon="14.576403"><ele>23.75</ele></trkpt>
   <trkpt lat="52.34818" lon="14.576714"><ele>23</ele></trkpt>
   <trkpt lat="52.347805" lon="14.579011"><ele>24.25</ele></trkpt>
   <trkpt lat="52.347501" lon="14.579966"><ele>24</ele></trkpt>
   <trkpt lat="52.347477" lon="14.580145"><ele>23.5</ele></trkpt>
   <trkpt lat="52.347415" lon="14.580115"><ele>23.75</ele></trkpt>
   <trkpt lat="52.347303" lon="14.580003"><ele>24.5</ele></trkpt>
   <trkpt lat="52.347241" lon="14.580141"><ele>24.25</ele></trkpt>
   <trkpt lat="52.34717" lon="14.580087"><ele>24</ele></trkpt>
   <trkpt lat="52.346831" lon="14.580381"><ele>22.5</ele></trkpt>
   <trkpt lat="52.346677" lon="14.580628"><ele>21.75</ele></trkpt>
   <trkpt lat="52.346498" lon="14.580858"><ele>22.25</ele></trkpt>
   <trkpt lat="52.346086" lon="14.581325"><ele>22.25</ele></trkpt>
   <trkpt lat="52.34511" lon="14.582334"><ele>22</ele></trkpt>
   <trkpt lat="52.344584" lon="14.582828"><ele>21.75</ele></trkpt>
   <trkpt lat="52.344107" lon="14.583157"><ele>22</ele></trkpt>
   <trkpt lat="52.343476" lon="14.583463"><ele>22.75</ele></trkpt>
   <trkpt lat="52.342896" lon="14.583618"><ele>22.25</ele></trkpt>
   <trkpt lat="52.342531" lon="14.58373"><ele>22.75</ele></trkpt>
   <trkpt lat="52.342187" lon="14.583864"><ele>23</ele></trkpt>
   <trkpt lat="52.342045" lon="14.58404"><ele>24.75</ele></trkpt>
   <trkpt lat="52.342062" lon="14.584115"><ele>24.75</ele></trkpt>
   <trkpt lat="52.34139" lon="14.584454"><ele>24.75</ele></trkpt>
   <trkpt lat="52.341296" lon="14.584524"><ele>24.75</ele></trkpt>
   <trkpt lat="52.340007" lon="14.585172"><ele>26.75</ele></trkpt>
   <trkpt lat="52.339961" lon="14.585183"><ele>26.75</ele></trkpt>
   <trkpt lat="52.339754" lon="14.585113"><ele>26</ele></trkpt>
   <trkpt lat="52.339743" lon="14.585155"><ele>26.5</ele></trkpt>
   <trkpt lat="52.339483" lon="14.585077"><ele>26.75</ele></trkpt>
   <trkpt lat="52.33931" lon="14.585052"><ele>27</ele></trkpt>
   <trkpt lat="52.339253" lon="14.585037"><ele>27</ele></trkpt>
   <trkpt lat="52.339017" lon="14.584991"><ele>26.75</ele></trkpt>
   <trkpt lat="52.336931" lon="14.584649"><ele>25.5</ele></trkpt>
   <trkpt lat="52.336061" lon="14.584513"><ele>26</ele></trkpt>
   <trkpt lat="52.335312" lon="14.584409"><ele>25.5</ele></trkpt>
   <trkpt lat="52.33511" lon="14.584381"><ele>25.5</ele></trkpt>
   <trkpt lat="52.334888" lon="14.58435"><ele>25.75</ele></trkpt>
   <trkpt lat="52.334111" lon="14.58427"><ele>25.5</ele></trkpt>
   <trkpt lat="52.333517" lon="14.584297"><ele>25.5</ele></trkpt>
   <trkpt lat="52.333299" lon="14.584304"><ele>24.75</ele></trkpt>
   <trkpt lat="52.333233" lon="14.584294"><ele>24.75</ele></trkpt>
   <trkpt lat="52.332117" lon="14.58401"><ele>26.25</ele></trkpt>
   <trkpt lat="52.330796" lon="14.583623"><ele>27</ele></trkpt>
   <trkpt lat="52.329893" lon="14.583189"><ele>26</ele></trkpt>
   <trkpt lat="52.328738" lon="14.582855"><ele>28</ele></trkpt>
   <trkpt lat="52.326856" lon="14.582291"><ele>26.75</ele></trkpt>
   <trkpt lat="52.325805" lon="14.582292"><ele>26.5</ele></trkpt>
   <trkpt lat="52.325446" lon="14.58224"><ele>26.25</ele></trkpt>
   <trkpt lat="52.325027" lon="14.582116"><ele>25</ele></trkpt>
   <trkpt lat="52.324784" lon="14.582063"><ele>25.5</ele></trkpt>
   <trkpt lat="52.324691" lon="14.5821"><ele>26.25</ele></trkpt>
   <trkpt lat="52.324623" lon="14.582231"><ele>28.75</ele></trkpt>
   <trkpt lat="52.324552" lon="14.582478"><ele>29.75</ele></trkpt>
   <trkpt lat="52.32448" lon="14.582694"><ele>27</ele></trkpt>
   <trkpt lat="52.324432" lon="14.582723"><ele>26.25</ele></trkpt>
   <trkpt lat="52.324375" lon="14.582757"><ele>26.25</ele></trkpt>
   <trkpt lat="52.32429" lon="14.582758"><ele>26.5</ele></trkpt>
   <trkpt lat="52.324005" lon="14.582563"><ele>26.5</ele></trkpt>
   <trkpt lat="52.323677" lon="14.582377"><ele>27</ele></trkpt>
   <trkpt lat="52.323293" lon="14.582272"><ele>27.25</ele></trkpt>
   <trkpt lat="52.322616" lon="14.582271"><ele>26</ele></trkpt>
   <trkpt lat="52.322171" lon="14.582262"><ele>26</ele></trkpt>
   <trkpt lat="52.322128" lon="14.582263"><ele>26</ele></trkpt>
   <trkpt lat="52.321052" lon="14.582285"><ele>25.25</ele></trkpt>
   <trkpt lat="52.320395" lon="14.582365"><ele>23.75</ele></trkpt>
   <trkpt lat="52.319567" lon="14.582626"><ele>25</ele></trkpt>
   <trkpt lat="52.318906" lon="14.583133"><ele>26.25</ele></trkpt>
   <trkpt lat="52.318686" lon="14.583333"><ele>26.75</ele></trkpt>
   <trkpt lat="52.318481" lon="14.583431"><ele>26.75</ele></trkpt>
   <trkpt lat="52.318329" lon="14.583538"><ele>26.5</ele></trkpt>
   <trkpt lat="52.317913" lon="14.584002"><ele>27.25</ele></trkpt>
   <trkpt lat="52.317657" lon="14.584329"><ele>27.75</ele></trkpt>
   <trkpt lat="52.317439" lon="14.584564"><ele>27.75</ele></trkpt>
   <trkpt lat="52.317259" lon="14.584685"><ele>27.75</ele></trkpt>
   <trkpt lat="52.316934" lon="14.584796"><ele>27.25</ele></trkpt>
   <trkpt lat="52.316807" lon="14.584769"><ele>28</ele></trkpt>
   <trkpt lat="52.316737" lon="14.584687"><ele>28.25</ele></trkpt>
   <trkpt lat="52.316641" lon="14.58421"><ele>27.25</ele></trkpt>
   <trkpt lat="52.316494" lon="14.582627"><ele>26.75</ele></trkpt>
   <trkpt lat="52.316457" lon="14.581889"><ele>25</ele></trkpt>
   <trkpt lat="52.316398" lon="14.58104"><ele>22.75</ele></trkpt>
   <trkpt lat="52.316363" lon="14.580859"><ele>23.25</ele></trkpt>
   <trkpt lat="52.316228" lon="14.580636"><ele>23.5</ele></trkpt>
   <trkpt lat="52.316005" lon="14.580602"><ele>23.5</ele></trkpt>
   <trkpt lat="52.315706" lon="14.580683"><ele>23.75</ele></trkpt>
   <trkpt lat="52.315635" lon="14.580721"><ele>23.5</ele></trkpt>
   <trkpt lat="52.315435" lon="14.580991"><ele>24.5</ele></trkpt>
   <trkpt lat="52.315367" lon="14.581169"><ele>24.25</ele></trkpt>
   <trkpt lat="52.315385" lon="14.581475"><ele>25.5</ele></trkpt>
   <trkpt lat="52.315653" lon="14.58413"><ele>27</ele></trkpt>
   <trkpt lat="52.315667" lon="14.584404"><ele>26.75</ele></trkpt>
   <trkpt lat="52.315652" lon="14.584617"><ele>26.5</ele></trkpt>
   <trkpt lat="52.31573" lon="14.585454"><ele>26.25</ele></trkpt>
   <trkpt lat="52.315811" lon="14.586135"><ele>28</ele></trkpt>
   <trkpt lat="52.3158" lon="14.586334"><ele>28.5</ele></trkpt>
   <trkpt lat="52.31574" lon="14.586495"><ele>29</ele></trkpt>
   <trkpt lat="52.315016" lon="14.586914"><ele>28.75</ele></trkpt>
   <trkpt lat="52.313571" lon="14.587601"><ele>27.75</ele></trkpt>
   <trkpt lat="52.313144" lon="14.587719"><ele>27.75</ele></trkpt>
   <trkpt lat="52.312474" lon="14.587942"><ele>27.5</ele></trkpt>
   <trkpt lat="52.312052" lon="14.588082"><ele>27</ele></trkpt>
   <trkpt lat="52.310905" lon="14.588538"><ele>27</ele></trkpt>
   <trkpt lat="52.308346" lon="14.589858"><ele>27</ele></trkpt>
   <trkpt lat="52.307954" lon="14.590018"><ele>27</ele></trkpt>
   <trkpt lat="52.307613" lon="14.590116"><ele>27</ele></trkpt>
   <trkpt lat="52.307107" lon="14.590207"><ele>27.5</ele></trkpt>
   <trkpt lat="52.306636" lon="14.590244"><ele>27</ele></trkpt>
   <trkpt lat="52.306417" lon="14.590269"><ele>27</ele></trkpt>
   <trkpt lat="52.306282" lon="14.590327"><ele>27</ele></trkpt>
   <trkpt lat="52.306175" lon="14.590403"><ele>27.25</ele></trkpt>
   <trkpt lat="52.305356" lon="14.591102"><ele>28</ele></trkpt>
   <trkpt lat="52.30479" lon="14.591558"><ele>28</ele></trkpt>
   <trkpt lat="52.304463" lon="14.591887"><ele>28</ele></trkpt>
   <trkpt lat="52.304174" lon="14.592198"><ele>28</ele></trkpt>
   <trkpt lat="52.30406" lon="14.592388"><ele>28</ele></trkpt>
   <trkpt lat="52.303983" lon="14.592174"><ele>28</ele></trkpt>
   <trkpt lat="52.303523" lon="14.59141"><ele>28</ele></trkpt>
   <trkpt lat="52.303462" lon="14.591314"><ele>28</ele></trkpt>
   <trkpt lat="52.303363" lon="14.591163"><ele>28</ele></trkpt>
   <trkpt lat="52.303257" lon="14.590953"><ele>28</ele></trkpt>
   <trkpt lat="52.303072" lon="14.590442"><ele>27.5</ele></trkpt>
   <trkpt lat="52.302863" lon="14.590612"><ele>28</ele></trkpt>
   <trkpt lat="52.302665" lon="14.590826"><ele>27.5</ele></trkpt>
   <trkpt lat="52.302185" lon="14.591175"><ele>26.75</ele></trkpt>
   <trkpt lat="52.301933" lon="14.591523"><ele>26.25</ele></trkpt>
   <trkpt lat="52.301894" lon="14.591609"><ele>26</ele></trkpt>
   <trkpt lat="52.301652" lon="14.5913"><ele>23.75</ele></trkpt>
   <trkpt lat="52.301523" lon="14.591171"><ele>22.5</ele></trkpt>
   <trkpt lat="52.301375" lon="14.590967"><ele>23</ele></trkpt>
   <trkpt lat="52.301263" lon="14.590849"><ele>23.75</ele></trkpt>
   <trkpt lat="52.300942" lon="14.59048"><ele>23</ele></trkpt>
   <trkpt lat="52.300681" lon="14.590237"><ele>23.75</ele></trkpt>
   <trkpt lat="52.297781" lon="14.587822"><ele>22.75</ele></trkpt>
   <trkpt lat="52.294983" lon="14.58546"><ele>23</ele></trkpt>
   <trkpt lat="52.293158" lon="14.58409"><ele>23.5</ele></trkpt>
   <trkpt lat="52.290886" lon="14.582135"><ele>23</ele></trkpt>
   <trkpt lat="52.290788" lon="14.58173"><ele>23</ele></trkpt>
   <trkpt lat="52.290616" lon="14.58109"><ele>24</ele></trkpt>
   <trkpt lat="52.290288" lon="14.580983"><ele>24.25</ele></trkpt>
   <trkpt lat="52.289942" lon="14.580946"><ele>25</ele></trkpt>
   <trkpt lat="52.289582" lon="14.580991"><ele>24.25</ele></trkpt>
   <trkpt lat="52.289263" lon="14.581062"><ele>24.5</ele></trkpt>
   <trkpt lat="52.288846" lon="14.581262"><ele>24.75</ele></trkpt>
   <trkpt lat="52.288169" lon="14.581749"><ele>24.5</ele></trkpt>
   <trkpt lat="52.287666" lon="14.58227"><ele>24.25</ele></trkpt>
   <trkpt lat="52.287515" lon="14.582492"><ele>24.75</ele></trkpt>
   <trkpt lat="52.287125" lon="14.583172"><ele>23.75</ele></trkpt>
   <trkpt lat="52.286818" lon="14.583838"><ele>23.75</ele></trkpt>
   <trkpt lat="52.286622" lon="14.58448"><ele>23.75</ele></trkpt>
   <trkpt lat="52.286371" lon="14.585489"><ele>24</ele></trkpt>
   <trkpt lat="52.285968" lon="14.587268"><ele>23.5</ele></trkpt>
   <trkpt lat="52.285787" lon="14.588029"><ele>23.75</ele></trkpt>
   <trkpt lat="52.285473" lon="14.588753"><ele>24</ele></trkpt>
   <trkpt lat="52.285157" lon="14.589272"><ele>24</ele></trkpt>
   <trkpt lat="52.283389" lon="14.591479"><ele>25</ele></trkpt>
   <trkpt lat="52.280284" lon="14.595266"><ele>24.75</ele></trkpt>
   <trkpt lat="52.279204" lon="14.596573"><ele>24.5</ele></trkpt>
   <trkpt lat="52.278247" lon="14.597733"><ele>24.5</ele></trkpt>
   <trkpt lat="52.278113" lon="14.597972"><ele>25</ele></trkpt>
   <trkpt lat="52.28089" lon="14.606268"><ele>23</ele></trkpt>
   <trkpt lat="52.282497" lon="14.610857"><ele>22.75</ele></trkpt>
   <trkpt lat="52.282656" lon="14.611316"><ele>22.5</ele></trkpt>
   <trkpt lat="52.283276" lon="14.612964"><ele>24.25</ele></trkpt>
   <trkpt lat="52.283225" lon="14.614244"><ele>24</ele></trkpt>
   <trkpt lat="52.283382" lon="14.614781"><ele>24</ele></trkpt>
   <trkpt lat="52.28355" lon="14.61518"><ele>23.5</ele></trkpt>
   <trkpt lat="52.283761" lon="14.615734"><ele>24.75</ele></trkpt>
   <trkpt lat="52.284007" lon="14.61631"><ele>27.25</ele></trkpt>
   <trkpt lat="52.284152" lon="14.616914"><ele>28.75</ele></trkpt>
   <trkpt lat="52.284154" lon="14.617394"><ele>30.5</ele></trkpt>
   <trkpt lat="52.284115" lon="14.617472"><ele>30.5</ele></trkpt>
   <trkpt lat="52.28405" lon="14.617654"><ele>31</ele></trkpt>
   <trkpt lat="52.283943" lon="14.618124"><ele>31.25</ele></trkpt>
   <trkpt lat="52.283874" lon="14.618474"><ele>31.75</ele></trkpt>
   <trkpt lat="52.283832" lon="14.618827"><ele>32.5</ele></trkpt>
   <trkpt lat="52.283815" lon="14.619039"><ele>32.75</ele></trkpt>
   <trkpt lat="52.283749" lon="14.619903"><ele>33.25</ele></trkpt>
   <trkpt lat="52.283701" lon="14.620237"><ele>31.75</ele></trkpt>
   <trkpt lat="52.283676" lon="14.620478"><ele>30.75</ele></trkpt>
   <trkpt lat="52.283671" lon="14.620685"><ele>30</ele></trkpt>
   <trkpt lat="52.283685" lon="14.620871"><ele>29.75</ele></trkpt>
   <trkpt lat="52.283799" lon="14.621778"><ele>28.25</ele></trkpt>
   <trkpt lat="52.283897" lon="14.622308"><ele>27</ele></trkpt>
   <trkpt lat="52.284061" lon="14.623231"><ele>26</ele></trkpt>
   <trkpt lat="52.284089" lon="14.623556"><ele>26</ele></trkpt>
   <trkpt lat="52.284083" lon="14.623694"><ele>25.75</ele></trkpt>
   <trkpt lat="52.28406" lon="14.623873"><ele>25.5</ele></trkpt>
   <trkpt lat="52.283912" lon="14.624606"><ele>26.5</ele></trkpt>
   <trkpt lat="52.283827" lon="14.624851"><ele>27</ele></trkpt>
   <trkpt lat="52.284033" lon="14.625401"><ele>28.75</ele></trkpt>
   <trkpt lat="52.284447" lon="14.625972"><ele>29.75</ele></trkpt>
   <trkpt lat="52.284664" lon="14.626762"><ele>32.25</ele></trkpt>
   <trkpt lat="52.284894" lon="14.627573"><ele>34</ele></trkpt>
   <trkpt lat="52.285857" lon="14.631357"><ele>36</ele></trkpt>
   <trkpt lat="52.286399" lon="14.63325"><ele>34.25</ele></trkpt>
   <trkpt lat="52.286868" lon="14.634838"><ele>37.25</ele></trkpt>
   <trkpt lat="52.287603" lon="14.638118"><ele>47.25</ele></trkpt>
   <trkpt lat="52.288523" lon="14.642543"><ele>47</ele></trkpt>
   <trkpt lat="52.291293" lon="14.65606"><ele>48</ele></trkpt>
   <trkpt lat="52.291993" lon="14.658175"><ele>49</ele></trkpt>
   <trkpt lat="52.294032" lon="14.66495"><ele>45.5</ele></trkpt>
   <trkpt lat="52.296759" lon="14.671918"><ele>40.25</ele></trkpt>
   <trkpt lat="52.297497" lon="14.673732"><ele>38</ele></trkpt>
   <trkpt lat="52.296722" lon="14.674794"><ele>37</ele></trkpt>
   <trkpt lat="52.295492" lon="14.676679"><ele>37</ele></trkpt>
   <trkpt lat="52.293498" lon="14.679689"><ele>46.25</ele></trkpt>
   <trkpt lat="52.293276" lon="14.680035"><ele>47</ele></trkpt>
   <trkpt lat="52.293356" lon="14.68039"><ele>47</ele></trkpt>
   <trkpt lat="52.293786" lon="14.682596"><ele>48</ele></trkpt>
   <trkpt lat="52.29387" lon="14.683201"><ele>48</ele></trkpt>
   <trkpt lat="52.293524" lon="14.68664"><ele>47</ele></trkpt>
   <trkpt lat="52.293607" lon="14.688973"><ele>47</ele></trkpt>
   <trkpt lat="52.293674" lon="14.693024"><ele>47</ele></trkpt>
   <trkpt lat="52.293586" lon="14.694231"><ele>47</ele></trkpt>
   <trkpt lat="52.293404" lon="14.695469"><ele>48.5</ele></trkpt>
   <trkpt lat="52.293089" lon="14.696759"><ele>48</ele></trkpt>
   <trkpt lat="52.292361" lon="14.699076"><ele>47</ele></trkpt>
   <trkpt lat="52.291653" lon="14.702005"><ele>46</ele></trkpt>
   <trkpt lat="52.29102" lon="14.703482"><ele>45.25</ele></trkpt>
   <trkpt lat="52.290781" lon="14.703985"><ele>44</ele></trkpt>
   <trkpt lat="52.290333" lon="14.705631"><ele>41.75</ele></trkpt>
   <trkpt lat="52.290246" lon="14.706147"><ele>40.75</ele></trkpt>
   <trkpt lat="52.289964" lon="14.707047"><ele>42</ele></trkpt>
   <trkpt lat="52.28981" lon="14.707354"><ele>42.75</ele></trkpt>
   <trkpt lat="52.289312" lon="14.708226"><ele>43.75</ele></trkpt>
   <trkpt lat="52.288901" lon="14.709013"><ele>44.75</ele></trkpt>
   <trkpt lat="52.288714" lon="14.709504"><ele>45.5</ele></trkpt>
   <trkpt lat="52.288594" lon="14.70972"><ele>46</ele></trkpt>
   <trkpt lat="52.28848" lon="14.709827"><ele>46.25</ele></trkpt>
   <trkpt lat="52.288298" lon="14.709997"><ele>46</ele></trkpt>
   <trkpt lat="52.287776" lon="14.710313"><ele>45.75</ele></trkpt>
   <trkpt lat="52.287153" lon="14.710778"><ele>42.75</ele></trkpt>
   <trkpt lat="52.285901" lon="14.711959"><ele>39.25</ele></trkpt>
   <trkpt lat="52.283679" lon="14.716541"><ele>49</ele></trkpt>
   <trkpt lat="52.283072" lon="14.718047"><ele>49</ele></trkpt>
   <trkpt lat="52.28294" lon="14.718457"><ele>48.75</ele></trkpt>
   <trkpt lat="52.282917" lon="14.71876"><ele>48</ele></trkpt>
   <trkpt lat="52.282365" lon="14.719796"><ele>45.5</ele></trkpt>
   <trkpt lat="52.281994" lon="14.720371"><ele>43.75</ele></trkpt>
   <trkpt lat="52.2815" lon="14.721302"><ele>47.25</ele></trkpt>
   <trkpt lat="52.281277" lon="14.721851"><ele>48.25</ele></trkpt>
   <trkpt lat="52.280641" lon="14.724006"><ele>48</ele></trkpt>
   <trkpt lat="52.280261" lon="14.725201"><ele>46.75</ele></trkpt>
   <trkpt lat="52.280139" lon="14.725638"><ele>46.5</ele></trkpt>
   <trkpt lat="52.279715" lon="14.727159"><ele>45.75</ele></trkpt>
   <trkpt lat="52.279337" lon="14.728241"><ele>44.5</ele></trkpt>
   <trkpt lat="52.278543" lon="14.730812"><ele>41.75</ele></trkpt>
   <trkpt lat="52.277294" lon="14.73372"><ele>39</ele></trkpt>
   <trkpt lat="52.27672" lon="14.736373"><ele>40</ele></trkpt>
   <trkpt lat="52.276469" lon="14.737723"><ele>40.25</ele></trkpt>
   <trkpt lat="52.276267" lon="14.739109"><ele>39</ele></trkpt>
   <trkpt lat="52.276193" lon="14.739988"><ele>39</ele></trkpt>
   <trkpt lat="52.276292" lon="14.740744"><ele>38</ele></trkpt>
   <trkpt lat="52.276644" lon="14.742311"><ele>37.75</ele></trkpt>
   <trkpt lat="52.276641" lon="14.742596"><ele>37.75</ele></trkpt>
   <trkpt lat="52.276593" lon="14.742691"><ele>37.25</ele></trkpt>
   <trkpt lat="52.276242" lon="14.743183"><ele>36.25</ele></trkpt>
   <trkpt lat="52.275801" lon="14.744216"><ele>39</ele></trkpt>
   <trkpt lat="52.275612" lon="14.74471"><ele>37.5</ele></trkpt>
   <trkpt lat="52.275467" lon="14.745167"><ele>35</ele></trkpt>
   <trkpt lat="52.275322" lon="14.74554"><ele>34.25</ele></trkpt>
   <trkpt lat="52.274916" lon="14.746219"><ele>34.25</ele></trkpt>
   <trkpt lat="52.274891" lon="14.746097"><ele>33.75</ele></trkpt>
   <trkpt lat="52.274862" lon="14.746016"><ele>33.75</ele></trkpt>
   <trkpt lat="52.274728" lon="14.745779"><ele>33</ele></trkpt>
   <trkpt lat="52.274656" lon="14.745695"><ele>32.75</ele></trkpt>
   <trkpt lat="52.27458" lon="14.745622"><ele>32.25</ele></trkpt>
   <trkpt lat="52.27445" lon="14.745519"><ele>32.5</ele></trkpt>
   <trkpt lat="52.274365" lon="14.745471"><ele>32.25</ele></trkpt>
   <trkpt lat="52.274141" lon="14.745392"><ele>32.5</ele></trkpt>
   <trkpt lat="52.27377" lon="14.745236"><ele>33.75</ele></trkpt>
   <trkpt lat="52.273804" lon="14.745035"><ele>34</ele></trkpt>
   <trkpt lat="52.273788" lon="14.744885"><ele>34.5</ele></trkpt>
   <trkpt lat="52.273531" lon="14.744328"><ele>35</ele></trkpt>
   <trkpt lat="52.273399" lon="14.744117"><ele>34.75</ele></trkpt>
   <trkpt lat="52.273114" lon="14.743526"><ele>37.5</ele></trkpt>
   <trkpt lat="52.272826" lon="14.742778"><ele>38.75</ele></trkpt>
   <trkpt lat="52.272443" lon="14.741542"><ele>40</ele></trkpt>
   <trkpt lat="52.269529" lon="14.732127"><ele>39.5</ele></trkpt>
   <trkpt lat="52.265249" lon="14.725155"><ele>39</ele></trkpt>
   <trkpt lat="52.261445" lon="14.719508"><ele>46.25</ele></trkpt>
   <trkpt lat="52.258525" lon="14.715228"><ele>41.5</ele></trkpt>
   <trkpt lat="52.254571" lon="14.70689"><ele>33.75</ele></trkpt>
   <trkpt lat="52.254244" lon="14.706151"><ele>33.75</ele></trkpt>
   <trkpt lat="52.253787" lon="14.705706"><ele>35</ele></trkpt>
   <trkpt lat="52.253584" lon="14.705342"><ele>35</ele></trkpt>
   <trkpt lat="52.253061" lon="14.704718"><ele>33</ele></trkpt>
   <trkpt lat="52.252555" lon="14.704283"><ele>29.5</ele></trkpt>
   <trkpt lat="52.252338" lon="14.704222"><ele>28.25</ele></trkpt>
   <trkpt lat="52.251886" lon="14.704092"><ele>27</ele></trkpt>
   <trkpt lat="52.251355" lon="14.703951"><ele>27.5</ele></trkpt>
   <trkpt lat="52.250957" lon="14.703973"><ele>27.75</ele></trkpt>
   <trkpt lat="52.250575" lon="14.704081"><ele>28.25</ele></trkpt>
   <trkpt lat="52.24973" lon="14.70464"><ele>28.25</ele></trkpt>
   <trkpt lat="52.248066" lon="14.706137"><ele>28.75</ele></trkpt>
   <trkpt lat="52.246396" lon="14.707425"><ele>33</ele></trkpt>
   <trkpt lat="52.246415" lon="14.708024"><ele>35.75</ele></trkpt>
   <trkpt lat="52.246344" lon="14.707861"><ele>35.25</ele></trkpt>
   <trkpt lat="52.246281" lon="14.707826"><ele>35.5</ele></trkpt>
   <trkpt lat="52.246178" lon="14.707844"><ele>35.75</ele></trkpt>
   <trkpt lat="52.245922" lon="14.707993"><ele>36.75</ele></trkpt>
   <trkpt lat="52.245844" lon="14.708027"><ele>36.75</ele></trkpt>
   <trkpt lat="52.245781" lon="14.707982"><ele>37</ele></trkpt>
   <trkpt lat="52.245466" lon="14.70828"><ele>37</ele></trkpt>
   <trkpt lat="52.245222" lon="14.708469"><ele>37</ele></trkpt>
   <trkpt lat="52.244662" lon="14.708866"><ele>36.75</ele></trkpt>
   <trkpt lat="52.244279" lon="14.709167"><ele>36</ele></trkpt>
   <trkpt lat="52.24407" lon="14.708402"><ele>34.75</ele></trkpt>
   <trkpt lat="52.243767" lon="14.707493"><ele>25.75</ele></trkpt>
   <trkpt lat="52.243342" lon="14.70799"><ele>25.75</ele></trkpt>
   <trkpt lat="52.243162" lon="14.707559"><ele>25</ele></trkpt>
   <trkpt lat="52.243111" lon="14.707617"><ele>25</ele></trkpt>
   <trkpt lat="52.243098" lon="14.707587"><ele>25</ele></trkpt>
   <trkpt lat="52.242388" lon="14.704865"><ele>24.75</ele></trkpt>
   <trkpt lat="52.242404" lon="14.704845"><ele>24.75</ele></trkpt>
   <trkpt lat="52.242358" lon="14.704739"><ele>24.5</ele></trkpt>
   <trkpt lat="52.242474" lon="14.704604"><ele>25.25</ele></trkpt>
   <trkpt lat="52.241939" lon="14.70338"><ele>25.75</ele></trkpt>
   <trkpt lat="52.241765" lon="14.70306"><ele>25.75</ele></trkpt>
   <trkpt lat="52.241604" lon="14.702846"><ele>27.25</ele></trkpt>
   <trkpt lat="52.241526" lon="14.702669"><ele>28.5</ele></trkpt>
   <trkpt lat="52.241474" lon="14.702507"><ele>28.25</ele></trkpt>
   <trkpt lat="52.241501" lon="14.702487"><ele>28.25</ele></trkpt>
   <trkpt lat="52.241628" lon="14.702349"><ele>28.25</ele></trkpt>
   <trkpt lat="52.24192" lon="14.701836"><ele>28</ele></trkpt>
   <trkpt lat="52.242662" lon="14.700495"><ele>27.5</ele></trkpt>
   <trkpt lat="52.241438" lon="14.697957"><ele>25.75</ele></trkpt>
   <trkpt lat="52.241092" lon="14.697276"><ele>26</ele></trkpt>
   <trkpt lat="52.240888" lon="14.696879"><ele>26</ele></trkpt>
   <trkpt lat="52.240492" lon="14.696127"><ele>26</ele></trkpt>
   <trkpt lat="52.241957" lon="14.694272"><ele>25.5</ele></trkpt>
   <trkpt lat="52.242126" lon="14.69401"><ele>25.5</ele></trkpt>
   <trkpt lat="52.242232" lon="14.693708"><ele>25.75</ele></trkpt>
   <trkpt lat="52.245291" lon="14.683573"><ele>24.75</ele></trkpt>
   <trkpt lat="52.245349" lon="14.683366"><ele>24.25</ele></trkpt>
   <trkpt lat="52.245983" lon="14.681245"><ele>25</ele></trkpt>
   <trkpt lat="52.246067" lon="14.680993"><ele>25</ele></trkpt>
   <trkpt lat="52.246164" lon="14.680779"><ele>25</ele></trkpt>
   <trkpt lat="52.246456" lon="14.680302"><ele>25</ele></trkpt>
   <trkpt lat="52.247016" lon="14.679302"><ele>24.25</ele></trkpt>
   <trkpt lat="52.247087" lon="14.679185"><ele>24</ele></trkpt>
   <trkpt lat="52.247651" lon="14.678194"><ele>24.75</ele></trkpt>
   <trkpt lat="52.247907" lon="14.677663"><ele>24.5</ele></trkpt>
   <trkpt lat="52.249301" lon="14.674415"><ele>24</ele></trkpt>
   <trkpt lat="52.249493" lon="14.673831"><ele>24.5</ele></trkpt>
   <trkpt lat="52.250098" lon="14.671783"><ele>24.25</ele></trkpt>
   <trkpt lat="52.250896" lon="14.669111"><ele>25</ele></trkpt>
   <trkpt lat="52.251325" lon="14.667645"><ele>25</ele></trkpt>
   <trkpt lat="52.25194" lon="14.665549"><ele>24.75</ele></trkpt>
   <trkpt lat="52.253596" lon="14.659899"><ele>24.5</ele></trkpt>
   <trkpt lat="52.253748" lon="14.659395"><ele>24</ele></trkpt>
   <trkpt lat="52.253956" lon="14.658906"><ele>24</ele></trkpt>
   <trkpt lat="52.254112" lon="14.658667"><ele>24</ele></trkpt>
   <trkpt lat="52.254242" lon="14.658518"><ele>24</ele></trkpt>
   <trkpt lat="52.254401" lon="14.65841"><ele>24</ele></trkpt>
   <trkpt lat="52.255967" lon="14.657767"><ele>24</ele></trkpt>
   <trkpt lat="52.25608" lon="14.657723"><ele>24</ele></trkpt>
   <trkpt lat="52.257192" lon="14.657271"><ele>24.5</ele></trkpt>
   <trkpt lat="52.257179" lon="14.65498"><ele>23</ele></trkpt>
   <trkpt lat="52.257179" lon="14.653333"><ele>24</ele></trkpt>
   <trkpt lat="52.257206" lon="14.651221"><ele>24.75</ele></trkpt>
   <trkpt lat="52.257196" lon="14.651034"><ele>24.75</ele></trkpt>
   <trkpt lat="52.257169" lon="14.650851"><ele>24.75</ele></trkpt>
   <trkpt lat="52.256916" lon="14.649984"><ele>24.75</ele></trkpt>
   <trkpt lat="52.256839" lon="14.649512"><ele>24.5</ele></trkpt>
   <trkpt lat="52.256822" lon="14.649063"><ele>25</ele></trkpt>
   <trkpt lat="52.25686" lon="14.648642"><ele>25.25</ele></trkpt>
   <trkpt lat="52.256918" lon="14.648366"><ele>25.75</ele></trkpt>
   <trkpt lat="52.256932" lon="14.648303"><ele>25.75</ele></trkpt>
   <trkpt lat="52.25719" lon="14.647487"><ele>24.75</ele></trkpt>
   <trkpt lat="52.257232" lon="14.647267"><ele>24</ele></trkpt>
   <trkpt lat="52.257253" lon="14.647043"><ele>24</ele></trkpt>
   <trkpt lat="52.257273" lon="14.645952"><ele>24</ele></trkpt>
   <trkpt lat="52.257274" lon="14.645677"><ele>24</ele></trkpt>
   <trkpt lat="52.257292" lon="14.644978"><ele>23.75</ele></trkpt>
   <trkpt lat="52.257303" lon="14.644815"><ele>23.75</ele></trkpt>
   <trkpt lat="52.257324" lon="14.644606"><ele>24</ele></trkpt>
   <trkpt lat="52.257379" lon="14.644287"><ele>24</ele></trkpt>
   <trkpt lat="52.257743" lon="14.642599"><ele>25</ele></trkpt>
   <trkpt lat="52.257799" lon="14.642247"><ele>25</ele></trkpt>
   <trkpt lat="52.257796" lon="14.642029"><ele>25</ele></trkpt>
   <trkpt lat="52.257747" lon="14.641565"><ele>24.5</ele></trkpt>
   <trkpt lat="52.257633" lon="14.641334"><ele>24</ele></trkpt>
   <trkpt lat="52.256665" lon="14.639994"><ele>23.75</ele></trkpt>
   <trkpt lat="52.254912" lon="14.637682"><ele>23.75</ele></trkpt>
   <trkpt lat="52.254665" lon="14.63731"><ele>24</ele></trkpt>
   <trkpt lat="52.253377" lon="14.635177"><ele>23</ele></trkpt>
   <trkpt lat="52.252066" lon="14.63294"><ele>22.25</ele></trkpt>
   <trkpt lat="52.252018" lon="14.632842"><ele>22.25</ele></trkpt>
   <trkpt lat="52.251924" lon="14.632676"><ele>22.25</ele></trkpt>
   <trkpt lat="52.251872" lon="14.632577"><ele>22.75</ele></trkpt>
   <trkpt lat="52.252049" lon="14.631737"><ele>23.5</ele></trkpt>
   <trkpt lat="52.252429" lon="14.63101"><ele>22.5</ele></trkpt>
   <trkpt lat="52.252479" lon="14.630915"><ele>22.5</ele></trkpt>
   <trkpt lat="52.253332" lon="14.628913"><ele>22.75</ele></trkpt>
   <trkpt lat="52.25415" lon="14.626927"><ele>22</ele></trkpt>
   <trkpt lat="52.25432" lon="14.626594"><ele>22.5</ele></trkpt>
   <trkpt lat="52.255985" lon="14.623611"><ele>22.25</ele></trkpt>
   <trkpt lat="52.258275" lon="14.619661"><ele>22.25</ele></trkpt>
   <trkpt lat="52.25914" lon="14.618077"><ele>22</ele></trkpt>
   <trkpt lat="52.259181" lon="14.617989"><ele>22.25</ele></trkpt>
   <trkpt lat="52.259503" lon="14.616926"><ele>23</ele></trkpt>
   <trkpt lat="52.25973" lon="14.615778"><ele>23</ele></trkpt>
   <trkpt lat="52.2599" lon="14.614825"><ele>22.25</ele></trkpt>
   <trkpt lat="52.260058" lon="14.61375"><ele>22.75</ele></trkpt>
   <trkpt lat="52.260312" lon="14.612798"><ele>23</ele></trkpt>
   <trkpt lat="52.260705" lon="14.611431"><ele>22.25</ele></trkpt>
   <trkpt lat="52.260971" lon="14.610471"><ele>22</ele></trkpt>
   <trkpt lat="52.260994" lon="14.610214"><ele>22</ele></trkpt>
   <trkpt lat="52.260982" lon="14.609829"><ele>22</ele></trkpt>
   <trkpt lat="52.260928" lon="14.609298"><ele>22</ele></trkpt>
   <trkpt lat="52.260344" lon="14.60473"><ele>22</ele></trkpt>
   <trkpt lat="52.260286" lon="14.604368"><ele>22</ele></trkpt>
   <trkpt lat="52.260191" lon="14.604062"><ele>22</ele></trkpt>
   <trkpt lat="52.260186" lon="14.603992"><ele>22</ele></trkpt>
   <trkpt lat="52.260214" lon="14.603901"><ele>22</ele></trkpt>
   <trkpt lat="52.260362" lon="14.603746"><ele>22</ele></trkpt>
   <trkpt lat="52.260422" lon="14.603668"><ele>22</ele></trkpt>
   <trkpt lat="52.262825" lon="14.596976"><ele>22.75</ele></trkpt>
   <trkpt lat="52.262864" lon="14.59681"><ele>22.25</ele></trkpt>
   <trkpt lat="52.262662" lon="14.585956"><ele>22.25</ele></trkpt>
   <trkpt lat="52.262659" lon="14.585804"><ele>22</ele></trkpt>
   <trkpt lat="52.262656" lon="14.585656"><ele>22</ele></trkpt>
   <trkpt lat="52.262645" lon="14.584999"><ele>22</ele></trkpt>
   <trkpt lat="52.262639" lon="14.584518"><ele>26</ele></trkpt>
   <trkpt lat="52.26164" lon="14.584328"><ele>25.5</ele></trkpt>
   <trkpt lat="52.261423" lon="14.58426"><ele>25.75</ele></trkpt>
   <trkpt lat="52.261127" lon="14.58419"><ele>26.75</ele></trkpt>
   <trkpt lat="52.260903" lon="14.584187"><ele>26.5</ele></trkpt>
   <trkpt lat="52.260412" lon="14.584058"><ele>26</ele></trkpt>
   <trkpt lat="52.260298" lon="14.583992"><ele>27</ele></trkpt>
   <trkpt lat="52.260214" lon="14.583911"><ele>27.25</ele></trkpt>
   <trkpt lat="52.260174" lon="14.583966"><ele>26.75</ele></trkpt>
   <trkpt lat="52.259971" lon="14.584078"><ele>25.75</ele></trkpt>
   <trkpt lat="52.259753" lon="14.5842"><ele>25.75</ele></trkpt>
   <trkpt lat="52.259495" lon="14.584283"><ele>25</ele></trkpt>
   <trkpt lat="52.255685" lon="14.584202"><ele>24.5</ele></trkpt>
   <trkpt lat="52.254725" lon="14.584187"><ele>24.75</ele></trkpt>
   <trkpt lat="52.249933" lon="14.584012"><ele>25</ele></trkpt>
   <trkpt lat="52.249152" lon="14.583663"><ele>25.25</ele></trkpt>
   <trkpt lat="52.248901" lon="14.5835"><ele>24.75</ele></trkpt>
   <trkpt lat="52.248587" lon="14.583206"><ele>24.5</ele></trkpt>
   <trkpt lat="52.248157" lon="14.582668"><ele>24</ele></trkpt>
   <trkpt lat="52.247761" lon="14.582079"><ele>25.25</ele></trkpt>
   <trkpt lat="52.247583" lon="14.581835"><ele>24.25</ele></trkpt>
   <trkpt lat="52.247424" lon="14.581645"><ele>25</ele></trkpt>
   <trkpt lat="52.247152" lon="14.581322"><ele>24.25</ele></trkpt>
   <trkpt lat="52.246535" lon="14.580803"><ele>24</ele></trkpt>
   <trkpt lat="52.244612" lon="14.579441"><ele>25.5</ele></trkpt>
   <trkpt lat="52.244372" lon="14.579271"><ele>25</ele></trkpt>
   <trkpt lat="52.244178" lon="14.579085"><ele>25.25</ele></trkpt>
   <trkpt lat="52.244016" lon="14.578842"><ele>26</ele></trkpt>
   <trkpt lat="52.243967" lon="14.578724"><ele>26</ele></trkpt>
   <trkpt lat="52.24394" lon="14.578658"><ele>26</ele></trkpt>
   <trkpt lat="52.243904" lon="14.578522"><ele>26</ele></trkpt>
   <trkpt lat="52.243802" lon="14.578424"><ele>26</ele></trkpt>
   <trkpt lat="52.243641" lon="14.578242"><ele>26</ele></trkpt>
   <trkpt lat="52.243517" lon="14.57805"><ele>26.25</ele></trkpt>
   <trkpt lat="52.243282" lon="14.577861"><ele>27</ele></trkpt>
   <trkpt lat="52.242966" lon="14.577642"><ele>27.25</ele></trkpt>
   <trkpt lat="52.242938" lon="14.577316"><ele>27</ele></trkpt>
   <trkpt lat="52.242909" lon="14.576849"><ele>26.75</ele></trkpt>
   <trkpt lat="52.242878" lon="14.5767"><ele>26.75</ele></trkpt>
   <trkpt lat="52.242662" lon="14.576238"><ele>25.75</ele></trkpt>
   <trkpt lat="52.24259" lon="14.575974"><ele>26.5</ele></trkpt>
   <trkpt lat="52.242525" lon="14.575633"><ele>26.75</ele></trkpt>
   <trkpt lat="52.242507" lon="14.575137"><ele>27.25</ele></trkpt>
   <trkpt lat="52.242524" lon="14.574302"><ele>30.75</ele></trkpt>
   <trkpt lat="52.242226" lon="14.574352"><ele>31.75</ele></trkpt>
   <trkpt lat="52.242205" lon="14.57425"><ele>32</ele></trkpt>
   <trkpt lat="52.242081" lon="14.573686"><ele>29.75</ele></trkpt>
   <trkpt lat="52.242039" lon="14.573563"><ele>29.75</ele></trkpt>
   <trkpt lat="52.241888" lon="14.573188"><ele>33.5</ele></trkpt>
   <trkpt lat="52.241836" lon="14.573022"><ele>34.5</ele></trkpt>
   <trkpt lat="52.241751" lon="14.572748"><ele>31.5</ele></trkpt>
   <trkpt lat="52.241635" lon="14.572442"><ele>31</ele></trkpt>
   <trkpt lat="52.241627" lon="14.57235"><ele>30.25</ele></trkpt>
   <trkpt lat="52.241639" lon="14.572267"><ele>29.5</ele></trkpt>
   <trkpt lat="52.241666" lon="14.5722"><ele>29</ele></trkpt>
   <trkpt lat="52.241775" lon="14.572083"><ele>29.5</ele></trkpt>
   <trkpt lat="52.241813" lon="14.572002"><ele>29</ele></trkpt>
   <trkpt lat="52.241842" lon="14.571885"><ele>28.25</ele></trkpt>
   <trkpt lat="52.241856" lon="14.571803"><ele>28</ele></trkpt>
   <trkpt lat="52.241849" lon="14.571677"><ele>28</ele></trkpt>
   <trkpt lat="52.241776" lon="14.57131"><ele>28.25</ele></trkpt>
   <trkpt lat="52.241484" lon="14.570004"><ele>28.25</ele></trkpt>
   <trkpt lat="52.240797" lon="14.566783"><ele>29.75</ele></trkpt>
   <trkpt lat="52.240581" lon="14.565956"><ele>29</ele></trkpt>
   <trkpt lat="52.240427" lon="14.565087"><ele>29.25</ele></trkpt>
   <trkpt lat="52.240195" lon="14.563623"><ele>29</ele></trkpt>
   <trkpt lat="52.240121" lon="14.56296"><ele>29</ele></trkpt>
   <trkpt lat="52.240052" lon="14.562547"><ele>29</ele></trkpt>
   <trkpt lat="52.240014" lon="14.562159"><ele>29</ele></trkpt>
   <trkpt lat="52.239906" lon="14.560866"><ele>29.25</ele></trkpt>
   <trkpt lat="52.239849" lon="14.560626"><ele>28.75</ele></trkpt>
   <trkpt lat="52.239685" lon="14.560499"><ele>28.5</ele></trkpt>
   <trkpt lat="52.239412" lon="14.560152"><ele>27.25</ele></trkpt>
   <trkpt lat="52.239287" lon="14.559795"><ele>27.75</ele></trkpt>
   <trkpt lat="52.239218" lon="14.559369"><ele>28.5</ele></trkpt>
   <trkpt lat="52.239179" lon="14.558959"><ele>29.75</ele></trkpt>
   <trkpt lat="52.239179" lon="14.558744"><ele>29.75</ele></trkpt>
   <trkpt lat="52.239145" lon="14.558463"><ele>30.75</ele></trkpt>
   <trkpt lat="52.238991" lon="14.557174"><ele>31</ele></trkpt>
   <trkpt lat="52.238797" lon="14.556074"><ele>32</ele></trkpt>
   <trkpt lat="52.238754" lon="14.555911"><ele>31.75</ele></trkpt>
   <trkpt lat="52.238717" lon="14.555804"><ele>31.5</ele></trkpt>
   <trkpt lat="52.238676" lon="14.555583"><ele>31.75</ele></trkpt>
   <trkpt lat="52.238653" lon="14.555353"><ele>31</ele></trkpt>
   <trkpt lat="52.23866" lon="14.554867"><ele>31</ele></trkpt>
   <trkpt lat="52.238662" lon="14.554377"><ele>31</ele></trkpt>
   <trkpt lat="52.238665" lon="14.554213"><ele>31</ele></trkpt>
   <trkpt lat="52.238682" lon="14.553321"><ele>31.5</ele></trkpt>
   <trkpt lat="52.238618" lon="14.552393"><ele>31.75</ele></trkpt>
   <trkpt lat="52.238582" lon="14.551949"><ele>31</ele></trkpt>
   <trkpt lat="52.238557" lon="14.551483"><ele>32</ele></trkpt>
   <trkpt lat="52.238536" lon="14.551348"><ele>32</ele></trkpt>
   <trkpt lat="52.23855" lon="14.551176"><ele>32</ele></trkpt>
   <trkpt lat="52.238551" lon="14.551132"><ele>32</ele></trkpt>
   <trkpt lat="52.238552" lon="14.55107"><ele>31.75</ele></trkpt>
   <trkpt lat="52.238541" lon="14.550885"><ele>31.25</ele></trkpt>
   <trkpt lat="52.23851" lon="14.550673"><ele>31</ele></trkpt>
   <trkpt lat="52.238502" lon="14.550628"><ele>31</ele></trkpt>
   <trkpt lat="52.238457" lon="14.550373"><ele>31</ele></trkpt>
   <trkpt lat="52.238279" lon="14.549369"><ele>30.75</ele></trkpt>
   <trkpt lat="52.238239" lon="14.549041"><ele>30</ele></trkpt>
   <trkpt lat="52.237576" lon="14.549047"><ele>32.25</ele></trkpt>
   <trkpt lat="52.237541" lon="14.548195"><ele>32.25</ele></trkpt>
   <trkpt lat="52.23753" lon="14.547948"><ele>32</ele></trkpt>
   <trkpt lat="52.237515" lon="14.547655"><ele>32.25</ele></trkpt>
   <trkpt lat="52.237502" lon="14.547371"><ele>32.75</ele></trkpt>
   <trkpt lat="52.237505" lon="14.547339"><ele>32.75</ele></trkpt>
   <trkpt lat="52.237381" lon="14.546294"><ele>33</ele></trkpt>
   <trkpt lat="52.237573" lon="14.54624"><ele>32.75</ele></trkpt>
   <trkpt lat="52.23791" lon="14.546144"><ele>32.25</ele></trkpt>
   <trkpt lat="52.237819" lon="14.54534"><ele>32.75</ele></trkpt>
   <trkpt lat="52.237728" lon="14.54453"><ele>32.25</ele></trkpt>
   <trkpt lat="52.237673" lon="14.544046"><ele>33</ele></trkpt>
   <trkpt lat="52.237665" lon="14.543974"><ele>33</ele></trkpt>
   <trkpt lat="52.237573" lon="14.543113"><ele>30.75</ele></trkpt>
   <trkpt lat="52.237212" lon="14.542746"><ele>30.75</ele></trkpt>
   <trkpt lat="52.236883" lon="14.542134"><ele>33</ele></trkpt>
   <trkpt lat="52.236725" lon="14.541639"><ele>35.5</ele></trkpt>
   <trkpt lat="52.236638" lon="14.540986"><ele>36.75</ele></trkpt>
   <trkpt lat="52.236532" lon="14.540517"><ele>36.75</ele></trkpt>
   <trkpt lat="52.236521" lon="14.540426"><ele>37</ele></trkpt>
   <trkpt lat="52.236479" lon="14.540041"><ele>38.25</ele></trkpt>
   <trkpt lat="52.236459" lon="14.539655"><ele>38.5</ele></trkpt>
   <trkpt lat="52.236396" lon="14.538992"><ele>38.75</ele></trkpt>
   <trkpt lat="52.236369" lon="14.538686"><ele>39</ele></trkpt>
   <trkpt lat="52.236352" lon="14.53846"><ele>38.5</ele></trkpt>
   <trkpt lat="52.236305" lon="14.537838"><ele>38</ele></trkpt>
   <trkpt lat="52.236284" lon="14.537589"><ele>38</ele></trkpt>
   <trkpt lat="52.236232" lon="14.537012"><ele>38</ele></trkpt>
   <trkpt lat="52.236207" lon="14.53682"><ele>37.75</ele></trkpt>
   <trkpt lat="52.236163" lon="14.536437"><ele>37.75</ele></trkpt>
   <trkpt lat="52.236146" lon="14.536317"><ele>37.75</ele></trkpt>
   <trkpt lat="52.236102" lon="14.536107"><ele>38</ele></trkpt>
   <trkpt lat="52.236006" lon="14.535723"><ele>38.25</ele></trkpt>
   <trkpt lat="52.235956" lon="14.535521"><ele>38.5</ele></trkpt>
   <trkpt lat="52.235939" lon="14.535473"><ele>38.5</ele></trkpt>
   <trkpt lat="52.235895" lon="14.535348"><ele>38.5</ele></trkpt>
   <trkpt lat="52.235804" lon="14.535147"><ele>39</ele></trkpt>
   <trkpt lat="52.235691" lon="14.534892"><ele>39.5</ele></trkpt>
   <trkpt lat="52.235565" lon="14.534544"><ele>39.75</ele></trkpt>
   <trkpt lat="52.235551" lon="14.534439"><ele>40</ele></trkpt>
   <trkpt lat="52.235506" lon="14.533835"><ele>40</ele></trkpt>
   <trkpt lat="52.235515" lon="14.533765"><ele>40</ele></trkpt>
   <trkpt lat="52.235543" lon="14.533508"><ele>40</ele></trkpt>
   <trkpt lat="52.23556" lon="14.53335"><ele>39.75</ele></trkpt>
   <trkpt lat="52.235595" lon="14.532919"><ele>39.5</ele></trkpt>
   <trkpt lat="52.235599" lon="14.532767"><ele>39.75</ele></trkpt>
   <trkpt lat="52.23558" lon="14.532644"><ele>39.75</ele></trkpt>
   <trkpt lat="52.235609" lon="14.531941"><ele>39.75</ele></trkpt>
   <trkpt lat="52.235558" lon="14.531931"><ele>39.75</ele></trkpt>
   <trkpt lat="52.235538" lon="14.531909"><ele>40</ele></trkpt>
   <trkpt lat="52.235522" lon="14.531876"><ele>40</ele></trkpt>
   <trkpt lat="52.235364" lon="14.531247"><ele>40.75</ele></trkpt>
   <trkpt lat="52.235297" lon="14.53127"><ele>40.75</ele></trkpt>
   <trkpt lat="52.235224" lon="14.531287"><ele>41</ele></trkpt>
   <trkpt lat="52.235168" lon="14.531265"><ele>41</ele></trkpt>
   <trkpt lat="52.235108" lon="14.531218"><ele>41</ele></trkpt>
   <trkpt lat="52.234944" lon="14.531098"><ele>40.75</ele></trkpt>
   <trkpt lat="52.234655" lon="14.530836"><ele>40</ele></trkpt>
   <trkpt lat="52.234406" lon="14.530603"><ele>39</ele></trkpt>
   <trkpt lat="52.234099" lon="14.530261"><ele>39.25</ele></trkpt>
   <trkpt lat="52.234019" lon="14.530163"><ele>39.5</ele></trkpt>
   <trkpt lat="52.23386" lon="14.529806"><ele>40</ele></trkpt>
   <trkpt lat="52.233752" lon="14.52954"><ele>40</ele></trkpt>
   <trkpt lat="52.233461" lon="14.528946"><ele>41</ele></trkpt>
   <trkpt lat="52.232949" lon="14.528011"><ele>40.5</ele></trkpt>
   <trkpt lat="52.230665" lon="14.524085"><ele>40</ele></trkpt>
   <trkpt lat="52.2305" lon="14.523794"><ele>40</ele></trkpt>
   <trkpt lat="52.22966" lon="14.522312"><ele>41.5</ele></trkpt>
   <trkpt lat="52.229356" lon="14.52183"><ele>42.5</ele></trkpt>
   <trkpt lat="52.229085" lon="14.521556"><ele>43.25</ele></trkpt>
   <trkpt lat="52.229023" lon="14.52149"><ele>42.25</ele></trkpt>
   <trkpt lat="52.228615" lon="14.521186"><ele>44</ele></trkpt>
   <trkpt lat="52.228517" lon="14.521107"><ele>44.5</ele></trkpt>
   <trkpt lat="52.228439" lon="14.520934"><ele>43.75</ele></trkpt>
   <trkpt lat="52.228393" lon="14.520863"><ele>43.75</ele></trkpt>
   <trkpt lat="52.228074" lon="14.520026"><ele>41.5</ele></trkpt>
   <trkpt lat="52.227907" lon="14.51964"><ele>40.25</ele></trkpt>
   <trkpt lat="52.227621" lon="14.519078"><ele>40</ele></trkpt>
   <trkpt lat="52.227022" lon="14.518011"><ele>40.5</ele></trkpt>
   <trkpt lat="52.226229" lon="14.516785"><ele>39</ele></trkpt>
   <trkpt lat="52.222859" lon="14.510426"><ele>41.25</ele></trkpt>
   <trkpt lat="52.220439" lon="14.506947"><ele>42</ele></trkpt>
   <trkpt lat="52.21825" lon="14.504664"><ele>44</ele></trkpt>
   <trkpt lat="52.217264" lon="14.503498"><ele>44</ele></trkpt>
   <trkpt lat="52.209395" lon="14.498198"><ele>49.5</ele></trkpt>
   <trkpt lat="52.209038" lon="14.497894"><ele>50.5</ele></trkpt>
   <trkpt lat="52.208905" lon="14.497626"><ele>50.5</ele></trkpt>
   <trkpt lat="52.208304" lon="14.496418"><ele>51.5</ele></trkpt>
   <trkpt lat="52.208023" lon="14.496087"><ele>51</ele></trkpt>
   <trkpt lat="52.207615" lon="14.495941"><ele>51.5</ele></trkpt>
   <trkpt lat="52.207173" lon="14.495897"><ele>52.5</ele></trkpt>
   <trkpt lat="52.206808" lon="14.495576"><ele>52.75</ele></trkpt>
   <trkpt lat="52.206656" lon="14.495149"><ele>53.25</ele></trkpt>
   <trkpt lat="52.206514" lon="14.495065"><ele>53.75</ele></trkpt>
   <trkpt lat="52.206448" lon="14.494972"><ele>54</ele></trkpt>
   <trkpt lat="52.206291" lon="14.494751"><ele>54.5</ele></trkpt>
   <trkpt lat="52.20576" lon="14.494061"><ele>55.75</ele></trkpt>
   <trkpt lat="52.204937" lon="14.493421"><ele>56</ele></trkpt>
   <trkpt lat="52.204115" lon="14.492354"><ele>57.5</ele></trkpt>
   <trkpt lat="52.202907" lon="14.491301"><ele>58.75</ele></trkpt>
   <trkpt lat="52.201961" lon="14.491351"><ele>59</ele></trkpt>
   <trkpt lat="52.201654" lon="14.49125"><ele>61</ele></trkpt>
   <trkpt lat="52.201483" lon="14.491106"><ele>61.25</ele></trkpt>
   <trkpt lat="52.201008" lon="14.490705"><ele>60.75</ele></trkpt>
   <trkpt lat="52.200154" lon="14.490328"><ele>61.75</ele></trkpt>
   <trkpt lat="52.199685" lon="14.489851"><ele>61.5</ele></trkpt>
   <trkpt lat="52.199232" lon="14.489563"><ele>62.75</ele></trkpt>
   <trkpt lat="52.198778" lon="14.489375"><ele>62.5</ele></trkpt>
   <trkpt lat="52.198428" lon="14.489349"><ele>62.5</ele></trkpt>
   <trkpt lat="52.197943" lon="14.489437"><ele>63</ele></trkpt>
   <trkpt lat="52.197543" lon="14.4894"><ele>63.75</ele></trkpt>
   <trkpt lat="52.197217" lon="14.489237"><ele>63.25</ele></trkpt>
   <trkpt lat="52.197067" lon="14.489161"><ele>63</ele></trkpt>
   <trkpt lat="52.196151" lon="14.488333"><ele>63</ele></trkpt>
   <trkpt lat="52.195459" lon="14.487605"><ele>64</ele></trkpt>
   <trkpt lat="52.195175" lon="14.487442"><ele>64.25</ele></trkpt>
   <trkpt lat="52.194913" lon="14.48738"><ele>64.5</ele></trkpt>
   <trkpt lat="52.194375" lon="14.487593"><ele>65.25</ele></trkpt>
   <trkpt lat="52.194044" lon="14.487631"><ele>65.5</ele></trkpt>
   <trkpt lat="52.192998" lon="14.486991"><ele>68.25</ele></trkpt>
   <trkpt lat="52.191885" lon="14.486851"><ele>71</ele></trkpt>
   <trkpt lat="52.189875" lon="14.486401"><ele>72</ele></trkpt>
   <trkpt lat="52.18851" lon="14.486075"><ele>73</ele></trkpt>
   <trkpt lat="52.187456" lon="14.485974"><ele>73.25</ele></trkpt>
   <trkpt lat="52.18671" lon="14.485523"><ele>74</ele></trkpt>
   <trkpt lat="52.18647" lon="14.485465"><ele>74.75</ele></trkpt>
   <trkpt lat="52.183037" lon="14.484782"><ele>78</ele></trkpt>
   <trkpt lat="52.182491" lon="14.484569"><ele>78.25</ele></trkpt>
   <trkpt lat="52.182075" lon="14.484243"><ele>79.25</ele></trkpt>
   <trkpt lat="52.181552" lon="14.483365"><ele>79.5</ele></trkpt>
   <trkpt lat="52.179489" lon="14.477275"><ele>85.25</ele></trkpt>
   <trkpt lat="52.179447" lon="14.47719"><ele>85.75</ele></trkpt>
   <trkpt lat="52.179141" lon="14.476375"><ele>82.75</ele></trkpt>
   <trkpt lat="52.17577" lon="14.467803"><ele>78</ele></trkpt>
   <trkpt lat="52.175314" lon="14.466597"><ele>78.25</ele></trkpt>
   <trkpt lat="52.175279" lon="14.46646"><ele>78.5</ele></trkpt>
   <trkpt lat="52.175243" lon="14.466291"><ele>78.75</ele></trkpt>
   <trkpt lat="52.175182" lon="14.465373"><ele>80</ele></trkpt>
   <trkpt lat="52.174918" lon="14.463921"><ele>80</ele></trkpt>
   <trkpt lat="52.174965" lon="14.462763"><ele>78</ele></trkpt>
   <trkpt lat="52.174915" lon="14.461565"><ele>77.75</ele></trkpt>
   <trkpt lat="52.175012" lon="14.460445"><ele>75</ele></trkpt>
   <trkpt lat="52.174981" lon="14.460276"><ele>75</ele></trkpt>
   <trkpt lat="52.174738" lon="14.459848"><ele>74.5</ele></trkpt>
   <trkpt lat="52.174722" lon="14.459538"><ele>74.25</ele></trkpt>
   <trkpt lat="52.174811" lon="14.459201"><ele>75.5</ele></trkpt>
   <trkpt lat="52.1748" lon="14.458994"><ele>74.5</ele></trkpt>
   <trkpt lat="52.174503" lon="14.458466"><ele>73.5</ele></trkpt>
   <trkpt lat="52.174407" lon="14.457936"><ele>72</ele></trkpt>
   <trkpt lat="52.174338" lon="14.457329"><ele>71.5</ele></trkpt>
   <trkpt lat="52.174434" lon="14.455949"><ele>68</ele></trkpt>
   <trkpt lat="52.174542" lon="14.455018"><ele>67.25</ele></trkpt>
   <trkpt lat="52.174771" lon="14.454167"><ele>69.25</ele></trkpt>
   <trkpt lat="52.17472" lon="14.453946"><ele>68.25</ele></trkpt>
   <trkpt lat="52.174379" lon="14.453144"><ele>65.5</ele></trkpt>
   <trkpt lat="52.174223" lon="14.452673"><ele>66.5</ele></trkpt>
   <trkpt lat="52.173995" lon="14.452274"><ele>66.5</ele></trkpt>
   <trkpt lat="52.173583" lon="14.451677"><ele>67</ele></trkpt>
   <trkpt lat="52.173359" lon="14.451293"><ele>67.75</ele></trkpt>
   <trkpt lat="52.173091" lon="14.450917"><ele>67.75</ele></trkpt>
   <trkpt lat="52.172543" lon="14.450589"><ele>65</ele></trkpt>
   <trkpt lat="52.172404" lon="14.450448"><ele>64.75</ele></trkpt>
   <trkpt lat="52.172192" lon="14.450015"><ele>63.75</ele></trkpt>
   <trkpt lat="52.171777" lon="14.449479"><ele>63</ele></trkpt>
   <trkpt lat="52.171322" lon="14.449027"><ele>62</ele></trkpt>
   <trkpt lat="52.170767" lon="14.448709"><ele>61</ele></trkpt>
   <trkpt lat="52.17055" lon="14.448411"><ele>59.5</ele></trkpt>
   <trkpt lat="52.170369" lon="14.447976"><ele>60.5</ele></trkpt>
   <trkpt lat="52.169931" lon="14.446862"><ele>66.25</ele></trkpt>
   <trkpt lat="52.169847" lon="14.44669"><ele>67.75</ele></trkpt>
   <trkpt lat="52.16968" lon="14.446422"><ele>69</ele></trkpt>
   <trkpt lat="52.169229" lon="14.446005"><ele>71</ele></trkpt>
   <trkpt lat="52.168055" lon="14.445394"><ele>72.25</ele></trkpt>
   <trkpt lat="52.167882" lon="14.445272"><ele>73</ele></trkpt>
   <trkpt lat="52.167798" lon="14.445189"><ele>73.5</ele></trkpt>
   <trkpt lat="52.167458" lon="14.444898"><ele>70.75</ele></trkpt>
   <trkpt lat="52.166786" lon="14.444392"><ele>66.5</ele></trkpt>
   <trkpt lat="52.166633" lon="14.444252"><ele>67</ele></trkpt>
   <trkpt lat="52.166424" lon="14.443929"><ele>68.5</ele></trkpt>
   <trkpt lat="52.16601" lon="14.443889"><ele>66.75</ele></trkpt>
   <trkpt lat="52.165538" lon="14.443747"><ele>65.25</ele></trkpt>
   <trkpt lat="52.165454" lon="14.443703"><ele>65</ele></trkpt>
   <trkpt lat="52.165414" lon="14.443682"><ele>64.75</ele></trkpt>
   <trkpt lat="52.165233" lon="14.443525"><ele>65</ele></trkpt>
   <trkpt lat="52.165137" lon="14.443365"><ele>66.75</ele></trkpt>
   <trkpt lat="52.164975" lon="14.442933"><ele>70.75</ele></trkpt>
   <trkpt lat="52.16507" lon="14.443016"><ele>70.5</ele></trkpt>
   <trkpt lat="52.164984" lon="14.442756"><ele>70.75</ele></trkpt>
   <trkpt lat="52.16503" lon="14.442629"><ele>69.5</ele></trkpt>
   <trkpt lat="52.165036" lon="14.442457"><ele>68.5</ele></trkpt>
   <trkpt lat="52.165023" lon="14.442291"><ele>67.25</ele></trkpt>
   <trkpt lat="52.164965" lon="14.441975"><ele>64.75</ele></trkpt>
   <trkpt lat="52.164924" lon="14.441318"><ele>58.25</ele></trkpt>
   <trkpt lat="52.164899" lon="14.441316"><ele>58</ele></trkpt>
   <trkpt lat="52.164657" lon="14.441424"><ele>56.5</ele></trkpt>
   <trkpt lat="52.164538" lon="14.441468"><ele>55.5</ele></trkpt>
   <trkpt lat="52.164353" lon="14.441481"><ele>54.5</ele></trkpt>
   <trkpt lat="52.164213" lon="14.441405"><ele>53.25</ele></trkpt>
   <trkpt lat="52.16404" lon="14.441271"><ele>55.25</ele></trkpt>
   <trkpt lat="52.163904" lon="14.441107"><ele>53.75</ele></trkpt>
   <trkpt lat="52.163727" lon="14.440783"><ele>54.75</ele></trkpt>
   <trkpt lat="52.16328" lon="14.440313"><ele>53</ele></trkpt>
   <trkpt lat="52.163244" lon="14.440281"><ele>52.5</ele></trkpt>
   <trkpt lat="52.16294" lon="14.440014"><ele>53.25</ele></trkpt>
   <trkpt lat="52.162947" lon="14.440019"><ele>53.25</ele></trkpt>
   <trkpt lat="52.162887" lon="14.439817"><ele>53.25</ele></trkpt>
   <trkpt lat="52.162851" lon="14.439584"><ele>53.25</ele></trkpt>
   <trkpt lat="52.162774" lon="14.439354"><ele>53.5</ele></trkpt>
   <trkpt lat="52.16261" lon="14.439141"><ele>53.5</ele></trkpt>
   <trkpt lat="52.162061" lon="14.43878"><ele>57.25</ele></trkpt>
   <trkpt lat="52.161848" lon="14.438617"><ele>60.25</ele></trkpt>
   <trkpt lat="52.160923" lon="14.437908"><ele>71</ele></trkpt>
   <trkpt lat="52.160612" lon="14.43767"><ele>74.5</ele></trkpt>
   <trkpt lat="52.158461" lon="14.436088"><ele>82.5</ele></trkpt>
   <trkpt lat="52.154386" lon="14.438214"><ele>73.75</ele></trkpt>
   <trkpt lat="52.1511" lon="14.439944"><ele>71</ele></trkpt>
   <trkpt lat="52.149197" lon="14.440918"><ele>89.75</ele></trkpt>
   <trkpt lat="52.142633" lon="14.444279"><ele>90</ele></trkpt>
   <trkpt lat="52.141461" lon="14.444064"><ele>89.75</ele></trkpt>
   <trkpt lat="52.138801" lon="14.444085"><ele>93</ele></trkpt>
   <trkpt lat="52.135284" lon="14.442813"><ele>95</ele></trkpt>
   <trkpt lat="52.134573" lon="14.442558"><ele>96</ele></trkpt>
   <trkpt lat="52.134721" lon="14.441556"><ele>95</ele></trkpt>
   <trkpt lat="52.134803" lon="14.44138"><ele>94.5</ele></trkpt>
   <trkpt lat="52.134656" lon="14.441485"><ele>95</ele></trkpt>
   <trkpt lat="52.130908" lon="14.443519"><ele>99</ele></trkpt>
   <trkpt lat="52.129601" lon="14.443585"><ele>98.5</ele></trkpt>
   <trkpt lat="52.128564" lon="14.443758"><ele>96.25</ele></trkpt>
   <trkpt lat="52.128488" lon="14.443763"><ele>96.25</ele></trkpt>
   <trkpt lat="52.128242" lon="14.443778"><ele>96.5</ele></trkpt>
   <trkpt lat="52.127701" lon="14.443769"><ele>97.5</ele></trkpt>
   <trkpt lat="52.12692" lon="14.443756"><ele>97.5</ele></trkpt>
   <trkpt lat="52.125916" lon="14.443773"><ele>98.25</ele></trkpt>
   <trkpt lat="52.124978" lon="14.443792"><ele>97.75</ele></trkpt>
   <trkpt lat="52.124851" lon="14.443882"><ele>97.75</ele></trkpt>
   <trkpt lat="52.124684" lon="14.443999"><ele>97.5</ele></trkpt>
   <trkpt lat="52.123982" lon="14.445073"><ele>98.75</ele></trkpt>
   <trkpt lat="52.123659" lon="14.445687"><ele>99.5</ele></trkpt>
   <trkpt lat="52.123265" lon="14.446801"><ele>100</ele></trkpt>
   <trkpt lat="52.123138" lon="14.447245"><ele>100.75</ele></trkpt>
   <trkpt lat="52.122994" lon="14.447554"><ele>100.25</ele></trkpt>
   <trkpt lat="52.122796" lon="14.447751"><ele>100</ele></trkpt>
   <trkpt lat="52.122219" lon="14.448059"><ele>100.75</ele></trkpt>
   <trkpt lat="52.120136" lon="14.437428"><ele>96</ele></trkpt>
   <trkpt lat="52.119255" lon="14.432933"><ele>92</ele></trkpt>
   <trkpt lat="52.117984" lon="14.426304"><ele>82</ele></trkpt>
   <trkpt lat="52.117822" lon="14.425494"><ele>82.5</ele></trkpt>
   <trkpt lat="52.117428" lon="14.423523"><ele>79.5</ele></trkpt>
   <trkpt lat="52.117341" lon="14.42314"><ele>77.75</ele></trkpt>
   <trkpt lat="52.117262" lon="14.422969"><ele>76.25</ele></trkpt>
   <trkpt lat="52.11679" lon="14.422381"><ele>74</ele></trkpt>
   <trkpt lat="52.116237" lon="14.422417"><ele>74</ele></trkpt>
   <trkpt lat="52.115515" lon="14.422443"><ele>72.25</ele></trkpt>
   <trkpt lat="52.114882" lon="14.422402"><ele>67.5</ele></trkpt>
   <trkpt lat="52.114545" lon="14.422443"><ele>66</ele></trkpt>
   <trkpt lat="52.114051" lon="14.422578"><ele>65.25</ele></trkpt>
   <trkpt lat="52.113541" lon="14.422869"><ele>66.25</ele></trkpt>
   <trkpt lat="52.113009" lon="14.423238"><ele>67.5</ele></trkpt>
   <trkpt lat="52.112748" lon="14.423418"><ele>67.75</ele></trkpt>
   <trkpt lat="52.112158" lon="14.42394"><ele>66.75</ele></trkpt>
   <trkpt lat="52.111424" lon="14.424476"><ele>65.75</ele></trkpt>
   <trkpt lat="52.111248" lon="14.424705"><ele>65.25</ele></trkpt>
   <trkpt lat="52.111173" lon="14.424832"><ele>65</ele></trkpt>
   <trkpt lat="52.110847" lon="14.424849"><ele>63.5</ele></trkpt>
   <trkpt lat="52.110724" lon="14.42483"><ele>62.75</ele></trkpt>
   <trkpt lat="52.110572" lon="14.424649"><ele>61.25</ele></trkpt>
   <trkpt lat="52.1104" lon="14.424487"><ele>60.75</ele></trkpt>
   <trkpt lat="52.110245" lon="14.424364"><ele>59.25</ele></trkpt>
   <trkpt lat="52.110076" lon="14.424188"><ele>58.75</ele></trkpt>
   <trkpt lat="52.110047" lon="14.424117"><ele>58.75</ele></trkpt>
   <trkpt lat="52.109903" lon="14.423996"><ele>59.5</ele></trkpt>
   <trkpt lat="52.109635" lon="14.423768"><ele>60.75</ele></trkpt>
   <trkpt lat="52.109303" lon="14.423708"><ele>60.5</ele></trkpt>
   <trkpt lat="52.108934" lon="14.423858"><ele>59.75</ele></trkpt>
   <trkpt lat="52.108435" lon="14.424099"><ele>63</ele></trkpt>
   <trkpt lat="52.107961" lon="14.424524"><ele>63.75</ele></trkpt>
   <trkpt lat="52.107785" lon="14.424604"><ele>63.75</ele></trkpt>
   <trkpt lat="52.106719" lon="14.424414"><ele>63.5</ele></trkpt>
   <trkpt lat="52.106082" lon="14.424354"><ele>65.25</ele></trkpt>
   <trkpt lat="52.105747" lon="14.424291"><ele>66.25</ele></trkpt>
   <trkpt lat="52.105445" lon="14.424234"><ele>68.5</ele></trkpt>
   <trkpt lat="52.105177" lon="14.424294"><ele>70.75</ele></trkpt>
   <trkpt lat="52.104898" lon="14.424311"><ele>72.5</ele></trkpt>
   <trkpt lat="52.104603" lon="14.424458"><ele>74.25</ele></trkpt>
   <trkpt lat="52.104157" lon="14.424699"><ele>76</ele></trkpt>
   <trkpt lat="52.103946" lon="14.424713"><ele>78.25</ele></trkpt>
   <trkpt lat="52.103713" lon="14.424684"><ele>81</ele></trkpt>
   <trkpt lat="52.103374" lon="14.424509"><ele>84.5</ele></trkpt>
   <trkpt lat="52.103025" lon="14.424282"><ele>86</ele></trkpt>
   <trkpt lat="52.102341" lon="14.42366"><ele>83.25</ele></trkpt>
   <trkpt lat="52.100903" lon="14.422385"><ele>88.5</ele></trkpt>
   <trkpt lat="52.100559" lon="14.42208"><ele>89</ele></trkpt>
   <trkpt lat="52.099227" lon="14.420916"><ele>88</ele></trkpt>
   <trkpt lat="52.097871" lon="14.419745"><ele>87.5</ele></trkpt>
   <trkpt lat="52.097414" lon="14.41944"><ele>88</ele></trkpt>
   <trkpt lat="52.096833" lon="14.418899"><ele>89</ele></trkpt>
   <trkpt lat="52.094749" lon="14.417015"><ele>89</ele></trkpt>
   <trkpt lat="52.093749" lon="14.416149"><ele>88</ele></trkpt>
   <trkpt lat="52.093126" lon="14.415695"><ele>84.5</ele></trkpt>
   <trkpt lat="52.092681" lon="14.415326"><ele>81.5</ele></trkpt>
   <trkpt lat="52.092424" lon="14.415165"><ele>80.5</ele></trkpt>
   <trkpt lat="52.092238" lon="14.415123"><ele>80.5</ele></trkpt>
   <trkpt lat="52.092163" lon="14.414839"><ele>80.25</ele></trkpt>
   <trkpt lat="52.092001" lon="14.414425"><ele>81</ele></trkpt>
   <trkpt lat="52.09178" lon="14.414126"><ele>83</ele></trkpt>
   <trkpt lat="52.091656" lon="14.413988"><ele>82.75</ele></trkpt>
   <trkpt lat="52.091541" lon="14.413896"><ele>82.5</ele></trkpt>
   <trkpt lat="52.091341" lon="14.413775"><ele>81.75</ele></trkpt>
   <trkpt lat="52.090418" lon="14.41367"><ele>81</ele></trkpt>
   <trkpt lat="52.090006" lon="14.413591"><ele>80.75</ele></trkpt>
   <trkpt lat="52.089562" lon="14.413412"><ele>79.75</ele></trkpt>
   <trkpt lat="52.087092" lon="14.412071"><ele>75.25</ele></trkpt>
   <trkpt lat="52.083399" lon="14.410042"><ele>73</ele></trkpt>
   <trkpt lat="52.081455" lon="14.409005"><ele>73</ele></trkpt>
   <trkpt lat="52.07952" lon="14.40799"><ele>73.75</ele></trkpt>
   <trkpt lat="52.079211" lon="14.407894"><ele>74.25</ele></trkpt>
   <trkpt lat="52.079016" lon="14.407863"><ele>74.5</ele></trkpt>
   <trkpt lat="52.078752" lon="14.407853"><ele>75</ele></trkpt>
   <trkpt lat="52.078467" lon="14.407898"><ele>75</ele></trkpt>
   <trkpt lat="52.078263" lon="14.407902"><ele>75</ele></trkpt>
   <trkpt lat="52.077993" lon="14.40788"><ele>75.25</ele></trkpt>
   <trkpt lat="52.077745" lon="14.407802"><ele>75</ele></trkpt>
   <trkpt lat="52.077438" lon="14.407666"><ele>75.5</ele></trkpt>
   <trkpt lat="52.077146" lon="14.407475"><ele>74.75</ele></trkpt>
   <trkpt lat="52.076892" lon="14.407226"><ele>74.75</ele></trkpt>
   <trkpt lat="52.076721" lon="14.406998"><ele>73.75</ele></trkpt>
   <trkpt lat="52.076564" lon="14.406759"><ele>73.75</ele></trkpt>
   <trkpt lat="52.076297" lon="14.40631"><ele>74</ele></trkpt>
   <trkpt lat="52.074337" lon="14.403117"><ele>73</ele></trkpt>
   <trkpt lat="52.073826" lon="14.402449"><ele>72.5</ele></trkpt>
   <trkpt lat="52.070421" lon="14.396761"><ele>73</ele></trkpt>
   <trkpt lat="52.068928" lon="14.394343"><ele>72.25</ele></trkpt>
   <trkpt lat="52.067799" lon="14.392515"><ele>76</ele></trkpt>
   <trkpt lat="52.065416" lon="14.388617"><ele>71.25</ele></trkpt>
   <trkpt lat="52.063483" lon="14.385292"><ele>70</ele></trkpt>
   <trkpt lat="52.061903" lon="14.382574"><ele>69.25</ele></trkpt>
   <trkpt lat="52.060924" lon="14.381135"><ele>69</ele></trkpt>
   <trkpt lat="52.060326" lon="14.380146"><ele>69</ele></trkpt>
   <trkpt lat="52.060076" lon="14.378529"><ele>69.25</ele></trkpt>
   <trkpt lat="52.059092" lon="14.372932"><ele>77.25</ele></trkpt>
   <trkpt lat="52.058251" lon="14.36849"><ele>81</ele></trkpt>
   <trkpt lat="52.058077" lon="14.367607"><ele>80</ele></trkpt>
   <trkpt lat="52.05789" lon="14.36663"><ele>80.5</ele></trkpt>
   <trkpt lat="52.057401" lon="14.364085"><ele>80</ele></trkpt>
   <trkpt lat="52.056655" lon="14.359749"><ele>75</ele></trkpt>
   <trkpt lat="52.056421" lon="14.358384"><ele>72.25</ele></trkpt>
   <trkpt lat="52.056178" lon="14.358465"><ele>71.5</ele></trkpt>
   <trkpt lat="52.055775" lon="14.358545"><ele>71.75</ele></trkpt>
   <trkpt lat="52.054846" lon="14.358825"><ele>74.75</ele></trkpt>
   <trkpt lat="52.054361" lon="14.358944"><ele>75.25</ele></trkpt>
   <trkpt lat="52.053934" lon="14.359077"><ele>76</ele></trkpt>
   <trkpt lat="52.053781" lon="14.359165"><ele>76</ele></trkpt>
   <trkpt lat="52.052863" lon="14.359444"><ele>75</ele></trkpt>
   <trkpt lat="52.052189" lon="14.359675"><ele>75</ele></trkpt>
   <trkpt lat="52.052191" lon="14.359646"><ele>75</ele></trkpt>
   <trkpt lat="52.051814" lon="14.359806"><ele>75</ele></trkpt>
   <trkpt lat="52.051473" lon="14.359883"><ele>75</ele></trkpt>
   <trkpt lat="52.050797" lon="14.360132"><ele>74.75</ele></trkpt>
   <trkpt lat="52.050187" lon="14.360319"><ele>74</ele></trkpt>
   <trkpt lat="52.050054" lon="14.360363"><ele>74</ele></trkpt>
   <trkpt lat="52.049353" lon="14.360806"><ele>74</ele></trkpt>
   <trkpt lat="52.049249" lon="14.360882"><ele>74</ele></trkpt>
   <trkpt lat="52.048983" lon="14.361074"><ele>74</ele></trkpt>
   <trkpt lat="52.048118" lon="14.36166"><ele>72</ele></trkpt>
   <trkpt lat="52.047911" lon="14.361759"><ele>72</ele></trkpt>
   <trkpt lat="52.047611" lon="14.361975"><ele>72.5</ele></trkpt>
   <trkpt lat="52.047169" lon="14.362261"><ele>74</ele></trkpt>
   <trkpt lat="52.046571" lon="14.362675"><ele>74.25</ele></trkpt>
   <trkpt lat="52.045127" lon="14.363613"><ele>76</ele></trkpt>
   <trkpt lat="52.044424" lon="14.364111"><ele>76.75</ele></trkpt>
   <trkpt lat="52.044284" lon="14.364174"><ele>76.25</ele></trkpt>
   <trkpt lat="52.044086" lon="14.364262"><ele>76</ele></trkpt>
   <trkpt lat="52.043757" lon="14.364551"><ele>76</ele></trkpt>
   <trkpt lat="52.043198" lon="14.364837"><ele>77.25</ele></trkpt>
   <trkpt lat="52.042615" lon="14.365247"><ele>75.75</ele></trkpt>
   <trkpt lat="52.041697" lon="14.365876"><ele>74</ele></trkpt>
   <trkpt lat="52.04132" lon="14.366144"><ele>72.25</ele></trkpt>
   <trkpt lat="52.040505" lon="14.366621"><ele>65.75</ele></trkpt>
   <trkpt lat="52.040279" lon="14.366767"><ele>64</ele></trkpt>
   <trkpt lat="52.039956" lon="14.366942"><ele>62.75</ele></trkpt>
   <trkpt lat="52.038262" lon="14.367864"><ele>61.5</ele></trkpt>
   <trkpt lat="52.037665" lon="14.368297"><ele>62</ele></trkpt>
   <trkpt lat="52.037519" lon="14.368403"><ele>61.75</ele></trkpt>
   <trkpt lat="52.037453" lon="14.368451"><ele>62</ele></trkpt>
   <trkpt lat="52.037196" lon="14.368107"><ele>63</ele></trkpt>
   <trkpt lat="52.036843" lon="14.367534"><ele>63.75</ele></trkpt>
   <trkpt lat="52.036772" lon="14.367384"><ele>64</ele></trkpt>
   <trkpt lat="52.036597" lon="14.367013"><ele>64</ele></trkpt>
   <trkpt lat="52.036465" lon="14.366735"><ele>64</ele></trkpt>
   <trkpt lat="52.036372" lon="14.366539"><ele>64</ele></trkpt>
   <trkpt lat="52.034892" lon="14.363543"><ele>62</ele></trkpt>
   <trkpt lat="52.034087" lon="14.361856"><ele>62.25</ele></trkpt>
   <trkpt lat="52.033941" lon="14.361495"><ele>62.75</ele></trkpt>
   <trkpt lat="52.033779" lon="14.360984"><ele>62.5</ele></trkpt>
   <trkpt lat="52.033696" lon="14.360678"><ele>62.5</ele></trkpt>
   <trkpt lat="52.033588" lon="14.360274"><ele>63</ele></trkpt>
   <trkpt lat="52.033527" lon="14.360044"><ele>63</ele></trkpt>
   <trkpt lat="52.03348" lon="14.359852"><ele>62.5</ele></trkpt>
   <trkpt lat="52.032749" lon="14.356973"><ele>61</ele></trkpt>
   <trkpt lat="52.032593" lon="14.356209"><ele>61.5</ele></trkpt>
   <trkpt lat="52.031825" lon="14.353156"><ele>68.5</ele></trkpt>
   <trkpt lat="52.030968" lon="14.351623"><ele>67.5</ele></trkpt>
   <trkpt lat="52.030316" lon="14.351159"><ele>67.75</ele></trkpt>
   <trkpt lat="52.029846" lon="14.350825"><ele>68.5</ele></trkpt>
   <trkpt lat="52.028946" lon="14.350186"><ele>67</ele></trkpt>
   <trkpt lat="52.028461" lon="14.349841"><ele>69.75</ele></trkpt>
   <trkpt lat="52.026409" lon="14.347503"><ele>70.75</ele></trkpt>
   <trkpt lat="52.025795" lon="14.347199"><ele>70</ele></trkpt>
   <trkpt lat="52.025755" lon="14.347181"><ele>70.25</ele></trkpt>
   <trkpt lat="52.02393" lon="14.346359"><ele>71</ele></trkpt>
   <trkpt lat="52.022895" lon="14.34587"><ele>70.25</ele></trkpt>
   <trkpt lat="52.021915" lon="14.345364"><ele>68</ele></trkpt>
   <trkpt lat="52.020962" lon="14.344881"><ele>67.5</ele></trkpt>
   <trkpt lat="52.020907" lon="14.344885"><ele>67.5</ele></trkpt>
   <trkpt lat="52.020779" lon="14.344895"><ele>67.5</ele></trkpt>
   <trkpt lat="52.020488" lon="14.345354"><ele>65.75</ele></trkpt>
   <trkpt lat="52.020287" lon="14.345887"><ele>63.25</ele></trkpt>
   <trkpt lat="52.019989" lon="14.346387"><ele>61</ele></trkpt>
   <trkpt lat="52.019713" lon="14.346492"><ele>63.25</ele></trkpt>
   <trkpt lat="52.019311" lon="14.346289"><ele>66.25</ele></trkpt>
   <trkpt lat="52.018839" lon="14.34615"><ele>68</ele></trkpt>
   <trkpt lat="52.018455" lon="14.34624"><ele>68</ele></trkpt>
   <trkpt lat="52.018291" lon="14.346307"><ele>68</ele></trkpt>
   <trkpt lat="52.015728" lon="14.347081"><ele>65</ele></trkpt>
   <trkpt lat="52.014371" lon="14.347462"><ele>67</ele></trkpt>
   <trkpt lat="52.013659" lon="14.347628"><ele>67</ele></trkpt>
   <trkpt lat="52.011704" lon="14.348101"><ele>67.25</ele></trkpt>
   <trkpt lat="52.010376" lon="14.348449"><ele>68</ele></trkpt>
   <trkpt lat="52.009621" lon="14.348632"><ele>69</ele></trkpt>
   <trkpt lat="52.008855" lon="14.348846"><ele>68</ele></trkpt>
   <trkpt lat="52.007932" lon="14.349092"><ele>69</ele></trkpt>
   <trkpt lat="52.005734" lon="14.349679"><ele>70</ele></trkpt>
   <trkpt lat="52.005611" lon="14.349712"><ele>70</ele></trkpt>
   <trkpt lat="52.004919" lon="14.349835"><ele>70</ele></trkpt>
   <trkpt lat="52.00425" lon="14.350058"><ele>70</ele></trkpt>
   <trkpt lat="52.003788" lon="14.350141"><ele>70.25</ele></trkpt>
   <trkpt lat="52.003132" lon="14.350321"><ele>71</ele></trkpt>
   <trkpt lat="52.002535" lon="14.350434"><ele>70</ele></trkpt>
   <trkpt lat="52.001683" lon="14.350627"><ele>69</ele></trkpt>
   <trkpt lat="51.996101" lon="14.35183"><ele>66</ele></trkpt>
   <trkpt lat="51.995896" lon="14.351818"><ele>66</ele></trkpt>
   <trkpt lat="51.995202" lon="14.35056"><ele>66.5</ele></trkpt>
   <trkpt lat="51.994788" lon="14.349626"><ele>65</ele></trkpt>
   <trkpt lat="51.994621" lon="14.348737"><ele>64.25</ele></trkpt>
   <trkpt lat="51.994472" lon="14.34818"><ele>63</ele></trkpt>
   <trkpt lat="51.994312" lon="14.347707"><ele>60.75</ele></trkpt>
   <trkpt lat="51.994069" lon="14.347105"><ele>55.75</ele></trkpt>
   <trkpt lat="51.993873" lon="14.346814"><ele>53.5</ele></trkpt>
   <trkpt lat="51.993823" lon="14.346793"><ele>53.25</ele></trkpt>
   <trkpt lat="51.993764" lon="14.346798"><ele>53.25</ele></trkpt>
   <trkpt lat="51.993668" lon="14.346987"><ele>53.25</ele></trkpt>
   <trkpt lat="51.993502" lon="14.346193"><ele>50.5</ele></trkpt>
   <trkpt lat="51.993285" lon="14.345472"><ele>52</ele></trkpt>
   <trkpt lat="51.99325" lon="14.345376"><ele>51.25</ele></trkpt>
   <trkpt lat="51.992938" lon="14.344697"><ele>53.25</ele></trkpt>
   <trkpt lat="51.992745" lon="14.344422"><ele>53.25</ele></trkpt>
   <trkpt lat="51.991699" lon="14.34293"><ele>52.5</ele></trkpt>
   <trkpt lat="51.991276" lon="14.342242"><ele>51.5</ele></trkpt>
   <trkpt lat="51.990642" lon="14.34122"><ele>51.25</ele></trkpt>
   <trkpt lat="51.990486" lon="14.341128"><ele>51</ele></trkpt>
   <trkpt lat="51.990357" lon="14.341176"><ele>51</ele></trkpt>
   <trkpt lat="51.99018" lon="14.341295"><ele>51</ele></trkpt>
   <trkpt lat="51.989998" lon="14.340305"><ele>50</ele></trkpt>
   <trkpt lat="51.989976" lon="14.340192"><ele>50</ele></trkpt>
   <trkpt lat="51.98985" lon="14.339482"><ele>48.75</ele></trkpt>
   <trkpt lat="51.989811" lon="14.339159"><ele>50.25</ele></trkpt>
   <trkpt lat="51.989094" lon="14.338411"><ele>51.5</ele></trkpt>
   <trkpt lat="51.988679" lon="14.337988"><ele>50.5</ele></trkpt>
   <trkpt lat="51.988494" lon="14.337848"><ele>50.75</ele></trkpt>
   <trkpt lat="51.988309" lon="14.337756"><ele>50.75</ele></trkpt>
   <trkpt lat="51.988115" lon="14.337689"><ele>50.75</ele></trkpt>
   <trkpt lat="51.987915" lon="14.337761"><ele>51</ele></trkpt>
   <trkpt lat="51.987504" lon="14.338013"><ele>51</ele></trkpt>
   <trkpt lat="51.987309" lon="14.338049"><ele>51.5</ele></trkpt>
   <trkpt lat="51.987104" lon="14.337995"><ele>52.25</ele></trkpt>
   <trkpt lat="51.986757" lon="14.337974"><ele>54.25</ele></trkpt>
   <trkpt lat="51.986531" lon="14.338019"><ele>55</ele></trkpt>
   <trkpt lat="51.986311" lon="14.338089"><ele>54.75</ele></trkpt>
   <trkpt lat="51.986162" lon="14.33807"><ele>54</ele></trkpt>
   <trkpt lat="51.98583" lon="14.338001"><ele>52</ele></trkpt>
   <trkpt lat="51.985193" lon="14.337727"><ele>51.75</ele></trkpt>
   <trkpt lat="51.98493" lon="14.337595"><ele>51.25</ele></trkpt>
   <trkpt lat="51.984409" lon="14.337938"><ele>49.25</ele></trkpt>
   <trkpt lat="51.984282" lon="14.338043"><ele>49</ele></trkpt>
   <trkpt lat="51.984247" lon="14.338076"><ele>48.75</ele></trkpt>
   <trkpt lat="51.983054" lon="14.339199"><ele>53</ele></trkpt>
   <trkpt lat="51.982945" lon="14.339251"><ele>53.25</ele></trkpt>
   <trkpt lat="51.982836" lon="14.339188"><ele>53.5</ele></trkpt>
   <trkpt lat="51.982563" lon="14.33896"><ele>54</ele></trkpt>
   <trkpt lat="51.982288" lon="14.338623"><ele>54.5</ele></trkpt>
   <trkpt lat="51.982163" lon="14.338471"><ele>55</ele></trkpt>
   <trkpt lat="51.982093" lon="14.33837"><ele>55</ele></trkpt>
   <trkpt lat="51.981385" lon="14.337338"><ele>58</ele></trkpt>
   <trkpt lat="51.980489" lon="14.335991"><ele>60</ele></trkpt>
   <trkpt lat="51.980182" lon="14.335529"><ele>59.75</ele></trkpt>
   <trkpt lat="51.980097" lon="14.33542"><ele>59.75</ele></trkpt>
   <trkpt lat="51.978872" lon="14.335802"><ele>55</ele></trkpt>
   <trkpt lat="51.978581" lon="14.335748"><ele>55</ele></trkpt>
   <trkpt lat="51.978303" lon="14.335534"><ele>55</ele></trkpt>
   <trkpt lat="51.978085" lon="14.335223"><ele>55</ele></trkpt>
   <trkpt lat="51.977557" lon="14.334986"><ele>55.5</ele></trkpt>
   <trkpt lat="51.977147" lon="14.334986"><ele>56.75</ele></trkpt>
   <trkpt lat="51.976565" lon="14.33518"><ele>57.75</ele></trkpt>
   <trkpt lat="51.975845" lon="14.335298"><ele>58</ele></trkpt>
   <trkpt lat="51.97455" lon="14.3346"><ele>56.75</ele></trkpt>
   <trkpt lat="51.973942" lon="14.334407"><ele>52</ele></trkpt>
   <trkpt lat="51.973413" lon="14.33401"><ele>54.75</ele></trkpt>
   <trkpt lat="51.97252" lon="14.333978"><ele>60</ele></trkpt>
   <trkpt lat="51.972385" lon="14.333888"><ele>59.5</ele></trkpt>
   <trkpt lat="51.972073" lon="14.33368"><ele>57.75</ele></trkpt>
   <trkpt lat="51.971483" lon="14.33313"><ele>57.5</ele></trkpt>
   <trkpt lat="51.970996" lon="14.332276"><ele>57</ele></trkpt>
   <trkpt lat="51.970524" lon="14.331691"><ele>57</ele></trkpt>
   <trkpt lat="51.970002" lon="14.331053"><ele>56.75</ele></trkpt>
   <trkpt lat="51.969507" lon="14.329984"><ele>56.75</ele></trkpt>
   <trkpt lat="51.9693" lon="14.329388"><ele>57</ele></trkpt>
   <trkpt lat="51.968908" lon="14.32844"><ele>57</ele></trkpt>
   <trkpt lat="51.968843" lon="14.328264"><ele>57.25</ele></trkpt>
   <trkpt lat="51.96794" lon="14.325813"><ele>58.5</ele></trkpt>
   <trkpt lat="51.966771" lon="14.322826"><ele>58.25</ele></trkpt>
   <trkpt lat="51.966727" lon="14.322563"><ele>56.75</ele></trkpt>
   <trkpt lat="51.96673" lon="14.321302"><ele>56</ele></trkpt>
   <trkpt lat="51.966687" lon="14.320922"><ele>55.75</ele></trkpt>
   <trkpt lat="51.966587" lon="14.32048"><ele>55.25</ele></trkpt>
   <trkpt lat="51.966493" lon="14.319601"><ele>57</ele></trkpt>
   <trkpt lat="51.966457" lon="14.319348"><ele>57</ele></trkpt>
   <trkpt lat="51.96629" lon="14.318659"><ele>57.75</ele></trkpt>
   <trkpt lat="51.966109" lon="14.317795"><ele>58.75</ele></trkpt>
   <trkpt lat="51.965655" lon="14.315726"><ele>61.25</ele></trkpt>
   <trkpt lat="51.965644" lon="14.315677"><ele>61.5</ele></trkpt>
   <trkpt lat="51.965635" lon="14.315631"><ele>61.5</ele></trkpt>
   <trkpt lat="51.965581" lon="14.315355"><ele>61.75</ele></trkpt>
   <trkpt lat="51.965569" lon="14.315303"><ele>61.75</ele></trkpt>
   <trkpt lat="51.965501" lon="14.314986"><ele>62</ele></trkpt>
   <trkpt lat="51.964973" lon="14.312611"><ele>64</ele></trkpt>
   <trkpt lat="51.964894" lon="14.31222"><ele>64.5</ele></trkpt>
   <trkpt lat="51.964887" lon="14.312128"><ele>64.5</ele></trkpt>
   <trkpt lat="51.964903" lon="14.311783"><ele>64</ele></trkpt>
   <trkpt lat="51.964965" lon="14.31113"><ele>63.75</ele></trkpt>
   <trkpt lat="51.96515" lon="14.309472"><ele>63.25</ele></trkpt>
   <trkpt lat="51.965154" lon="14.309183"><ele>63.75</ele></trkpt>
   <trkpt lat="51.965148" lon="14.308993"><ele>64.25</ele></trkpt>
   <trkpt lat="51.965092" lon="14.308542"><ele>64.5</ele></trkpt>
   <trkpt lat="51.96506" lon="14.308183"><ele>64.75</ele></trkpt>
   <trkpt lat="51.964996" lon="14.307727"><ele>65</ele></trkpt>
   <trkpt lat="51.964991" lon="14.307557"><ele>65</ele></trkpt>
   <trkpt lat="51.965074" lon="14.306515"><ele>63.5</ele></trkpt>
   <trkpt lat="51.965104" lon="14.306266"><ele>63.25</ele></trkpt>
   <trkpt lat="51.965126" lon="14.306155"><ele>63</ele></trkpt>
   <trkpt lat="51.964886" lon="14.305966"><ele>63.5</ele></trkpt>
   <trkpt lat="51.964775" lon="14.305831"><ele>64</ele></trkpt>
   <trkpt lat="51.964723" lon="14.305533"><ele>63.75</ele></trkpt>
   <trkpt lat="51.964695" lon="14.305328"><ele>64</ele></trkpt>
   <trkpt lat="51.963869" lon="14.305209"><ele>67</ele></trkpt>
   <trkpt lat="51.963747" lon="14.305166"><ele>67</ele></trkpt>
   <trkpt lat="51.963639" lon="14.305019"><ele>67</ele></trkpt>
   <trkpt lat="51.963505" lon="14.304724"><ele>67.75</ele></trkpt>
   <trkpt lat="51.963089" lon="14.303504"><ele>67.75</ele></trkpt>
   <trkpt lat="51.960768" lon="14.297229"><ele>79</ele></trkpt>
   <trkpt lat="51.960614" lon="14.297194"><ele>79</ele></trkpt>
   <trkpt lat="51.957616" lon="14.295975"><ele>77.5</ele></trkpt>
   <trkpt lat="51.956743" lon="14.295607"><ele>75.75</ele></trkpt>
   <trkpt lat="51.956319" lon="14.295441"><ele>76</ele></trkpt>
   <trkpt lat="51.955793" lon="14.295209"><ele>75</ele></trkpt>
   <trkpt lat="51.955482" lon="14.295071"><ele>75.5</ele></trkpt>
   <trkpt lat="51.955192" lon="14.294914"><ele>75.75</ele></trkpt>
   <trkpt lat="51.954865" lon="14.294789"><ele>75.75</ele></trkpt>
   <trkpt lat="51.954561" lon="14.294724"><ele>76.5</ele></trkpt>
   <trkpt lat="51.954428" lon="14.294723"><ele>77</ele></trkpt>
   <trkpt lat="51.954263" lon="14.294758"><ele>77.5</ele></trkpt>
   <trkpt lat="51.953755" lon="14.294931"><ele>78.5</ele></trkpt>
   <trkpt lat="51.953244" lon="14.295037"><ele>78</ele></trkpt>
   <trkpt lat="51.9519" lon="14.295508"><ele>81</ele></trkpt>
   <trkpt lat="51.951537" lon="14.295679"><ele>80.75</ele></trkpt>
   <trkpt lat="51.951003" lon="14.294227"><ele>87.25</ele></trkpt>
   <trkpt lat="51.950736" lon="14.29345"><ele>89.5</ele></trkpt>
   <trkpt lat="51.950554" lon="14.293016"><ele>90</ele></trkpt>
   <trkpt lat="51.950247" lon="14.292159"><ele>92</ele></trkpt>
   <trkpt lat="51.950139" lon="14.291796"><ele>92.25</ele></trkpt>
   <trkpt lat="51.949648" lon="14.290475"><ele>95.75</ele></trkpt>
   <trkpt lat="51.949349" lon="14.289744"><ele>101</ele></trkpt>
   <trkpt lat="51.948901" lon="14.288596"><ele>104.75</ele></trkpt>
   <trkpt lat="51.948521" lon="14.28796"><ele>102</ele></trkpt>
   <trkpt lat="51.948203" lon="14.287574"><ele>99</ele></trkpt>
   <trkpt lat="51.94801" lon="14.287224"><ele>99</ele></trkpt>
   <trkpt lat="51.947266" lon="14.286425"><ele>84.75</ele></trkpt>
   <trkpt lat="51.946944" lon="14.286064"><ele>82.5</ele></trkpt>
   <trkpt lat="51.946593" lon="14.285782"><ele>80.75</ele></trkpt>
   <trkpt lat="51.946148" lon="14.285395"><ele>78.5</ele></trkpt>
   <trkpt lat="51.945968" lon="14.285229"><ele>77.25</ele></trkpt>
   <trkpt lat="51.945798" lon="14.284968"><ele>77.25</ele></trkpt>
   <trkpt lat="51.945737" lon="14.284819"><ele>78.25</ele></trkpt>
   <trkpt lat="51.945679" lon="14.284371"><ele>80.25</ele></trkpt>
   <trkpt lat="51.945641" lon="14.283867"><ele>82</ele></trkpt>
   <trkpt lat="51.945615" lon="14.283285"><ele>82</ele></trkpt>
   <trkpt lat="51.945544" lon="14.282872"><ele>81.25</ele></trkpt>
   <trkpt lat="51.94538" lon="14.282247"><ele>80</ele></trkpt>
   <trkpt lat="51.945178" lon="14.281292"><ele>76</ele></trkpt>
   <trkpt lat="51.944968" lon="14.280421"><ele>71</ele></trkpt>
   <trkpt lat="51.944924" lon="14.280204"><ele>71</ele></trkpt>
   <trkpt lat="51.94473" lon="14.279251"><ele>74.75</ele></trkpt>
   <trkpt lat="51.944152" lon="14.276864"><ele>75.25</ele></trkpt>
   <trkpt lat="51.944095" lon="14.276392"><ele>74.5</ele></trkpt>
   <trkpt lat="51.944052" lon="14.275976"><ele>72.75</ele></trkpt>
   <trkpt lat="51.943981" lon="14.275501"><ele>70.5</ele></trkpt>
   <trkpt lat="51.943875" lon="14.274962"><ele>68.75</ele></trkpt>
   <trkpt lat="51.94386" lon="14.274573"><ele>67.25</ele></trkpt>
   <trkpt lat="51.943714" lon="14.274144"><ele>67</ele></trkpt>
   <trkpt lat="51.941873" lon="14.268929"><ele>66</ele></trkpt>
   <trkpt lat="51.941152" lon="14.266864"><ele>66.75</ele></trkpt>
   <trkpt lat="51.940559" lon="14.264822"><ele>65.25</ele></trkpt>
   <trkpt lat="51.940501" lon="14.264568"><ele>65.5</ele></trkpt>
   <trkpt lat="51.940303" lon="14.263466"><ele>67</ele></trkpt>
   <trkpt lat="51.939843" lon="14.26179"><ele>66.25</ele></trkpt>
   <trkpt lat="51.939418" lon="14.260626"><ele>64</ele></trkpt>
   <trkpt lat="51.93891" lon="14.259496"><ele>64</ele></trkpt>
   <trkpt lat="51.937861" lon="14.257209"><ele>63</ele></trkpt>
   <trkpt lat="51.937712" lon="14.256834"><ele>63.25</ele></trkpt>
   <trkpt lat="51.936051" lon="14.252656"><ele>64</ele></trkpt>
   <trkpt lat="51.935299" lon="14.250768"><ele>64.25</ele></trkpt>
   <trkpt lat="51.934388" lon="14.248283"><ele>63.75</ele></trkpt>
   <trkpt lat="51.934066" lon="14.247378"><ele>64</ele></trkpt>
   <trkpt lat="51.933589" lon="14.246159"><ele>63.75</ele></trkpt>
   <trkpt lat="51.932952" lon="14.244622"><ele>63.75</ele></trkpt>
   <trkpt lat="51.932337" lon="14.243047"><ele>66.25</ele></trkpt>
   <trkpt lat="51.931712" lon="14.241781"><ele>64.75</ele></trkpt>
   <trkpt lat="51.9314" lon="14.241317"><ele>64.25</ele></trkpt>
   <trkpt lat="51.930386" lon="14.239609"><ele>63.75</ele></trkpt>
   <trkpt lat="51.92964" lon="14.238405"><ele>64.25</ele></trkpt>
   <trkpt lat="51.929519" lon="14.238126"><ele>64.25</ele></trkpt>
   <trkpt lat="51.929367" lon="14.237668"><ele>65</ele></trkpt>
   <trkpt lat="51.929262" lon="14.237249"><ele>64.5</ele></trkpt>
   <trkpt lat="51.92918" lon="14.236679"><ele>63</ele></trkpt>
   <trkpt lat="51.929156" lon="14.236176"><ele>62.75</ele></trkpt>
   <trkpt lat="51.929197" lon="14.235549"><ele>62</ele></trkpt>
   <trkpt lat="51.929521" lon="14.23318"><ele>61</ele></trkpt>
   <trkpt lat="51.929576" lon="14.232779"><ele>62</ele></trkpt>
   <trkpt lat="51.929606" lon="14.23251"><ele>62.5</ele></trkpt>
   <trkpt lat="51.929592" lon="14.232078"><ele>62</ele></trkpt>
   <trkpt lat="51.929505" lon="14.23177"><ele>61.75</ele></trkpt>
   <trkpt lat="51.929158" lon="14.231133"><ele>63</ele></trkpt>
   <trkpt lat="51.929004" lon="14.230765"><ele>63.5</ele></trkpt>
   <trkpt lat="51.928757" lon="14.230125"><ele>60.25</ele></trkpt>
   <trkpt lat="51.92864" lon="14.229763"><ele>60</ele></trkpt>
   <trkpt lat="51.928285" lon="14.228216"><ele>61.5</ele></trkpt>
   <trkpt lat="51.928001" lon="14.227166"><ele>60.5</ele></trkpt>
   <trkpt lat="51.927495" lon="14.226084"><ele>60</ele></trkpt>
   <trkpt lat="51.926767" lon="14.22432"><ele>60</ele></trkpt>
   <trkpt lat="51.926693" lon="14.22415"><ele>59.75</ele></trkpt>
   <trkpt lat="51.926621" lon="14.223888"><ele>60</ele></trkpt>
   <trkpt lat="51.926525" lon="14.223537"><ele>60.5</ele></trkpt>
   <trkpt lat="51.926512" lon="14.22312"><ele>60.75</ele></trkpt>
   <trkpt lat="51.926568" lon="14.222701"><ele>61.5</ele></trkpt>
   <trkpt lat="51.926881" lon="14.220885"><ele>61.25</ele></trkpt>
   <trkpt lat="51.926891" lon="14.22083"><ele>61.25</ele></trkpt>
   <trkpt lat="51.927794" lon="14.215452"><ele>61</ele></trkpt>
   <trkpt lat="51.927821" lon="14.215259"><ele>61</ele></trkpt>
   <trkpt lat="51.928178" lon="14.213223"><ele>59.75</ele></trkpt>
   <trkpt lat="51.928387" lon="14.211965"><ele>59</ele></trkpt>
   <trkpt lat="51.928526" lon="14.2112"><ele>59</ele></trkpt>
   <trkpt lat="51.928608" lon="14.210798"><ele>60</ele></trkpt>
   <trkpt lat="51.928676" lon="14.210501"><ele>59.75</ele></trkpt>
   <trkpt lat="51.928815" lon="14.209946"><ele>59.25</ele></trkpt>
   <trkpt lat="51.928858" lon="14.209777"><ele>59</ele></trkpt>
   <trkpt lat="51.928884" lon="14.209599"><ele>59</ele></trkpt>
   <trkpt lat="51.928898" lon="14.209369"><ele>59</ele></trkpt>
   <trkpt lat="51.928882" lon="14.208604"><ele>59</ele></trkpt>
   <trkpt lat="51.92886" lon="14.208044"><ele>59.25</ele></trkpt>
   <trkpt lat="51.928765" lon="14.20668"><ele>60</ele></trkpt>
   <trkpt lat="51.928709" lon="14.206167"><ele>59.5</ele></trkpt>
   <trkpt lat="51.928684" lon="14.205998"><ele>59.25</ele></trkpt>
   <trkpt lat="51.928621" lon="14.205665"><ele>59</ele></trkpt>
   <trkpt lat="51.928456" lon="14.204975"><ele>59</ele></trkpt>
   <trkpt lat="51.928226" lon="14.204217"><ele>59.75</ele></trkpt>
   <trkpt lat="51.927407" lon="14.201377"><ele>60</ele></trkpt>
   <trkpt lat="51.92676" lon="14.199159"><ele>60</ele></trkpt>
   <trkpt lat="51.926747" lon="14.199093"><ele>60</ele></trkpt>
   <trkpt lat="51.926636" lon="14.198547"><ele>60</ele></trkpt>
   <trkpt lat="51.92655" lon="14.198076"><ele>60</ele></trkpt>
   <trkpt lat="51.926444" lon="14.19732"><ele>59</ele></trkpt>
   <trkpt lat="51.926391" lon="14.196744"><ele>59</ele></trkpt>
   <trkpt lat="51.926195" lon="14.193851"><ele>57.75</ele></trkpt>
   <trkpt lat="51.926073" lon="14.191576"><ele>57</ele></trkpt>
   <trkpt lat="51.926024" lon="14.190513"><ele>56.75</ele></trkpt>
   <trkpt lat="51.926017" lon="14.189393"><ele>54.75</ele></trkpt>
   <trkpt lat="51.926012" lon="14.189243"><ele>54.25</ele></trkpt>
   <trkpt lat="51.925987" lon="14.189034"><ele>54</ele></trkpt>
   <trkpt lat="51.925942" lon="14.188818"><ele>54</ele></trkpt>
   <trkpt lat="51.925829" lon="14.188379"><ele>54.75</ele></trkpt>
   <trkpt lat="51.925723" lon="14.188111"><ele>54.5</ele></trkpt>
   <trkpt lat="51.925336" lon="14.187493"><ele>54.75</ele></trkpt>
   <trkpt lat="51.925307" lon="14.187352"><ele>55.25</ele></trkpt>
   <trkpt lat="51.92534" lon="14.187007"><ele>56.25</ele></trkpt>
   <trkpt lat="51.925415" lon="14.186667"><ele>57</ele></trkpt>
   <trkpt lat="51.925563" lon="14.186161"><ele>55.75</ele></trkpt>
   <trkpt lat="51.925913" lon="14.185063"><ele>58.25</ele></trkpt>
   <trkpt lat="51.926201" lon="14.184048"><ele>60.75</ele></trkpt>
   <trkpt lat="51.926574" lon="14.182303"><ele>59</ele></trkpt>
   <trkpt lat="51.926776" lon="14.181125"><ele>59</ele></trkpt>
   <trkpt lat="51.926931" lon="14.180588"><ele>59</ele></trkpt>
   <trkpt lat="51.927059" lon="14.180248"><ele>59</ele></trkpt>
   <trkpt lat="51.927129" lon="14.179967"><ele>59.25</ele></trkpt>
   <trkpt lat="51.927254" lon="14.179345"><ele>59</ele></trkpt>
   <trkpt lat="51.927429" lon="14.178404"><ele>59</ele></trkpt>
   <trkpt lat="51.927574" lon="14.177701"><ele>59</ele></trkpt>
   <trkpt lat="51.927671" lon="14.177101"><ele>59</ele></trkpt>
   <trkpt lat="51.927887" lon="14.176021"><ele>60</ele></trkpt>
   <trkpt lat="51.927966" lon="14.175573"><ele>60</ele></trkpt>
   <trkpt lat="51.928142" lon="14.17471"><ele>59</ele></trkpt>
   <trkpt lat="51.928268" lon="14.174217"><ele>58.25</ele></trkpt>
   <trkpt lat="51.928392" lon="14.173655"><ele>57.75</ele></trkpt>
   <trkpt lat="51.928447" lon="14.173345"><ele>58</ele></trkpt>
   <trkpt lat="51.92859" lon="14.172427"><ele>57</ele></trkpt>
   <trkpt lat="51.928775" lon="14.171351"><ele>56.75</ele></trkpt>
   <trkpt lat="51.928858" lon="14.170809"><ele>56</ele></trkpt>
   <trkpt lat="51.928903" lon="14.169741"><ele>55</ele></trkpt>
   <trkpt lat="51.928927" lon="14.169582"><ele>55</ele></trkpt>
   <trkpt lat="51.929034" lon="14.169225"><ele>55</ele></trkpt>
   <trkpt lat="51.929176" lon="14.168918"><ele>54</ele></trkpt>
   <trkpt lat="51.929306" lon="14.168697"><ele>54.25</ele></trkpt>
   <trkpt lat="51.929348" lon="14.168625"><ele>54.5</ele></trkpt>
   <trkpt lat="51.929549" lon="14.168281"><ele>54.75</ele></trkpt>
   <trkpt lat="51.9297" lon="14.168107"><ele>55</ele></trkpt>
   <trkpt lat="51.929738" lon="14.168063"><ele>55</ele></trkpt>
   <trkpt lat="51.929784" lon="14.16801"><ele>55</ele></trkpt>
   <trkpt lat="51.929691" lon="14.167904"><ele>54.75</ele></trkpt>
   <trkpt lat="51.929604" lon="14.167775"><ele>54.5</ele></trkpt>
   <trkpt lat="51.929475" lon="14.167508"><ele>54</ele></trkpt>
   <trkpt lat="51.929242" lon="14.166956"><ele>53.25</ele></trkpt>
   <trkpt lat="51.929177" lon="14.166793"><ele>53.5</ele></trkpt>
   <trkpt lat="51.928999" lon="14.166381"><ele>54</ele></trkpt>
   <trkpt lat="51.928961" lon="14.166388"><ele>54.25</ele></trkpt>
   <trkpt lat="51.928601" lon="14.166446"><ele>54.75</ele></trkpt>
   <trkpt lat="51.928455" lon="14.166501"><ele>54.75</ele></trkpt>
   <trkpt lat="51.928189" lon="14.166582"><ele>55</ele></trkpt>
   <trkpt lat="51.927964" lon="14.166633"><ele>55.25</ele></trkpt>
   <trkpt lat="51.927699" lon="14.166661"><ele>56.25</ele></trkpt>
   <trkpt lat="51.925125" lon="14.166648"><ele>55</ele></trkpt>
   <trkpt lat="51.925028" lon="14.166672"><ele>54.75</ele></trkpt>
   <trkpt lat="51.924848" lon="14.16674"><ele>54.5</ele></trkpt>
   <trkpt lat="51.924383" lon="14.166977"><ele>55</ele></trkpt>
   <trkpt lat="51.923698" lon="14.167365"><ele>56.75</ele></trkpt>
   <trkpt lat="51.923274" lon="14.167576"><ele>57.5</ele></trkpt>
   <trkpt lat="51.922974" lon="14.167774"><ele>57.25</ele></trkpt>
   <trkpt lat="51.922353" lon="14.167669"><ele>58.75</ele></trkpt>
   <trkpt lat="51.922104" lon="14.167581"><ele>59</ele></trkpt>
   <trkpt lat="51.921756" lon="14.167441"><ele>60.25</ele></trkpt>
   <trkpt lat="51.920948" lon="14.167032"><ele>59.5</ele></trkpt>
   <trkpt lat="51.920285" lon="14.166793"><ele>56.75</ele></trkpt>
   <trkpt lat="51.920031" lon="14.166717"><ele>56</ele></trkpt>
   <trkpt lat="51.919553" lon="14.166551"><ele>56</ele></trkpt>
   <trkpt lat="51.919355" lon="14.166531"><ele>56</ele></trkpt>
   <trkpt lat="51.918653" lon="14.166313"><ele>56.25</ele></trkpt>
   <trkpt lat="51.918303" lon="14.166119"><ele>56.75</ele></trkpt>
   <trkpt lat="51.91795" lon="14.165829"><ele>57.25</ele></trkpt>
   <trkpt lat="51.917412" lon="14.165337"><ele>58</ele></trkpt>
   <trkpt lat="51.916873" lon="14.164793"><ele>57</ele></trkpt>
   <trkpt lat="51.915934" lon="14.163725"><ele>58</ele></trkpt>
   <trkpt lat="51.915445" lon="14.163221"><ele>57</ele></trkpt>
   <trkpt lat="51.915339" lon="14.163137"><ele>57</ele></trkpt>
   <trkpt lat="51.915107" lon="14.162885"><ele>56.25</ele></trkpt>
   <trkpt lat="51.914794" lon="14.162675"><ele>56</ele></trkpt>
   <trkpt lat="51.914104" lon="14.162284"><ele>56</ele></trkpt>
   <trkpt lat="51.91297" lon="14.161838"><ele>58.75</ele></trkpt>
   <trkpt lat="51.912816" lon="14.161748"><ele>58.5</ele></trkpt>
   <trkpt lat="51.912622" lon="14.161592"><ele>58.5</ele></trkpt>
   <trkpt lat="51.911906" lon="14.160182"><ele>55</ele></trkpt>
   <trkpt lat="51.911554" lon="14.159978"><ele>54.75</ele></trkpt>
   <trkpt lat="51.911233" lon="14.159832"><ele>55</ele></trkpt>
   <trkpt lat="51.910795" lon="14.15978"><ele>54.75</ele></trkpt>
   <trkpt lat="51.910434" lon="14.159699"><ele>55</ele></trkpt>
   <trkpt lat="51.909899" lon="14.15952"><ele>55</ele></trkpt>
   <trkpt lat="51.909376" lon="14.159392"><ele>55</ele></trkpt>
   <trkpt lat="51.908985" lon="14.159313"><ele>56</ele></trkpt>
   <trkpt lat="51.90831" lon="14.159159"><ele>55</ele></trkpt>
   <trkpt lat="51.908182" lon="14.159116"><ele>55</ele></trkpt>
   <trkpt lat="51.907408" lon="14.158661"><ele>54.75</ele></trkpt>
   <trkpt lat="51.907125" lon="14.158462"><ele>54.5</ele></trkpt>
   <trkpt lat="51.906862" lon="14.158231"><ele>53.75</ele></trkpt>
   <trkpt lat="51.906439" lon="14.157695"><ele>53</ele></trkpt>
   <trkpt lat="51.905837" lon="14.157144"><ele>53.5</ele></trkpt>
   <trkpt lat="51.905599" lon="14.156849"><ele>53.75</ele></trkpt>
   <trkpt lat="51.90502" lon="14.156247"><ele>55.75</ele></trkpt>
   <trkpt lat="51.90473" lon="14.15593"><ele>55.75</ele></trkpt>
   <trkpt lat="51.904512" lon="14.155654"><ele>55.5</ele></trkpt>
   <trkpt lat="51.904296" lon="14.155432"><ele>54.5</ele></trkpt>
   <trkpt lat="51.903611" lon="14.15467"><ele>56</ele></trkpt>
   <trkpt lat="51.903399" lon="14.154481"><ele>56.75</ele></trkpt>
   <trkpt lat="51.90332" lon="14.154413"><ele>57</ele></trkpt>
   <trkpt lat="51.902342" lon="14.153305"><ele>58</ele></trkpt>
   <trkpt lat="51.901528" lon="14.152358"><ele>58</ele></trkpt>
   <trkpt lat="51.900163" lon="14.150898"><ele>60.25</ele></trkpt>
   <trkpt lat="51.899897" lon="14.150588"><ele>61.25</ele></trkpt>
   <trkpt lat="51.898796" lon="14.149192"><ele>59.75</ele></trkpt>
   <trkpt lat="51.898374" lon="14.148719"><ele>60</ele></trkpt>
   <trkpt lat="51.898261" lon="14.148494"><ele>59.5</ele></trkpt>
   <trkpt lat="51.898202" lon="14.148362"><ele>59</ele></trkpt>
   <trkpt lat="51.898031" lon="14.148364"><ele>59</ele></trkpt>
   <trkpt lat="51.897341" lon="14.148324"><ele>56.25</ele></trkpt>
   <trkpt lat="51.897359" lon="14.148208"><ele>56.25</ele></trkpt>
   <trkpt lat="51.897319" lon="14.14798"><ele>56.25</ele></trkpt>
   <trkpt lat="51.897312" lon="14.147898"><ele>56</ele></trkpt>
   <trkpt lat="51.897324" lon="14.147823"><ele>56</ele></trkpt>
   <trkpt lat="51.897716" lon="14.146668"><ele>54.75</ele></trkpt>
   <trkpt lat="51.897918" lon="14.14597"><ele>55.5</ele></trkpt>
   <trkpt lat="51.898036" lon="14.145654"><ele>55.5</ele></trkpt>
   <trkpt lat="51.898162" lon="14.145454"><ele>55</ele></trkpt>
   <trkpt lat="51.898278" lon="14.145244"><ele>55</ele></trkpt>
   <trkpt lat="51.898435" lon="14.144912"><ele>54.75</ele></trkpt>
   <trkpt lat="51.898689" lon="14.14434"><ele>54.25</ele></trkpt>
   <trkpt lat="51.898825" lon="14.143946"><ele>54.25</ele></trkpt>
   <trkpt lat="51.898823" lon="14.143582"><ele>54</ele></trkpt>
   <trkpt lat="51.898845" lon="14.143265"><ele>53.5</ele></trkpt>
   <trkpt lat="51.898935" lon="14.142843"><ele>54</ele></trkpt>
   <trkpt lat="51.899003" lon="14.142378"><ele>53</ele></trkpt>
   <trkpt lat="51.899043" lon="14.141187"><ele>52.5</ele></trkpt>
   <trkpt lat="51.899011" lon="14.140675"><ele>52.25</ele></trkpt>
   <trkpt lat="51.89905" lon="14.140396"><ele>52.5</ele></trkpt>
   <trkpt lat="51.8991" lon="14.140188"><ele>52.75</ele></trkpt>
   <trkpt lat="51.899196" lon="14.139915"><ele>53</ele></trkpt>
   <trkpt lat="51.899339" lon="14.139962"><ele>53</ele></trkpt>
   <trkpt lat="51.899274" lon="14.139699"><ele>53</ele></trkpt>
   <trkpt lat="51.899241" lon="14.139447"><ele>53</ele></trkpt>
   <trkpt lat="51.899118" lon="14.138821"><ele>53</ele></trkpt>
   <trkpt lat="51.899055" lon="14.138038"><ele>53</ele></trkpt>
   <trkpt lat="51.899" lon="14.13768"><ele>52.75</ele></trkpt>
   <trkpt lat="51.899017" lon="14.137307"><ele>52.5</ele></trkpt>
   <trkpt lat="51.899073" lon="14.137123"><ele>52.5</ele></trkpt>
   <trkpt lat="51.899192" lon="14.136934"><ele>52.75</ele></trkpt>
   <trkpt lat="51.899824" lon="14.136196"><ele>52</ele></trkpt>
   <trkpt lat="51.899878" lon="14.136129"><ele>52</ele></trkpt>
   <trkpt lat="51.898406" lon="14.132072"><ele>52</ele></trkpt>
   <trkpt lat="51.89839" lon="14.132038"><ele>51.75</ele></trkpt>
   <trkpt lat="51.897944" lon="14.130855"><ele>52</ele></trkpt>
   <trkpt lat="51.897655" lon="14.12998"><ele>52</ele></trkpt>
   <trkpt lat="51.897416" lon="14.128929"><ele>52.25</ele></trkpt>
   <trkpt lat="51.897319" lon="14.128669"><ele>52</ele></trkpt>
   <trkpt lat="51.897246" lon="14.128539"><ele>52</ele></trkpt>
   <trkpt lat="51.89703" lon="14.128243"><ele>52.75</ele></trkpt>
   <trkpt lat="51.896984" lon="14.128393"><ele>52.75</ele></trkpt>
   <trkpt lat="51.896886" lon="14.128975"><ele>53</ele></trkpt>
   <trkpt lat="51.896752" lon="14.129291"><ele>52.75</ele></trkpt>
   <trkpt lat="51.896542" lon="14.129617"><ele>52.25</ele></trkpt>
   <trkpt lat="51.896198" lon="14.129913"><ele>52.25</ele></trkpt>
   <trkpt lat="51.895576" lon="14.130334"><ele>52</ele></trkpt>
   <trkpt lat="51.895189" lon="14.130586"><ele>52</ele></trkpt>
   <trkpt lat="51.894235" lon="14.131185"><ele>52.5</ele></trkpt>
   <trkpt lat="51.893473" lon="14.13161"><ele>52</ele></trkpt>
   <trkpt lat="51.89305" lon="14.131876"><ele>52</ele></trkpt>
   <trkpt lat="51.892654" lon="14.132095"><ele>52</ele></trkpt>
   <trkpt lat="51.892176" lon="14.132418"><ele>52</ele></trkpt>
   <trkpt lat="51.89181" lon="14.132558"><ele>52.75</ele></trkpt>
   <trkpt lat="51.891733" lon="14.132553"><ele>52.75</ele></trkpt>
   <trkpt lat="51.891713" lon="14.132974"><ele>52</ele></trkpt>
   <trkpt lat="51.891768" lon="14.133147"><ele>52.25</ele></trkpt>
   <trkpt lat="51.891926" lon="14.133258"><ele>52.5</ele></trkpt>
   <trkpt lat="51.892244" lon="14.133437"><ele>52.25</ele></trkpt>
   <trkpt lat="51.892417" lon="14.133702"><ele>52.5</ele></trkpt>
   <trkpt lat="51.892885" lon="14.1349"><ele>52</ele></trkpt>
   <trkpt lat="51.892647" lon="14.135566"><ele>52</ele></trkpt>
   <trkpt lat="51.892885" lon="14.1349"><ele>52</ele></trkpt>
   <trkpt lat="51.892417" lon="14.133702"><ele>52.5</ele></trkpt>
   <trkpt lat="51.892244" lon="14.133437"><ele>52.25</ele></trkpt>
   <trkpt lat="51.891926" lon="14.133258"><ele>52.5</ele></trkpt>
   <trkpt lat="51.891768" lon="14.133147"><ele>52.25</ele></trkpt>
   <trkpt lat="51.891713" lon="14.132974"><ele>52</ele></trkpt>
   <trkpt lat="51.891733" lon="14.132553"><ele>52.75</ele></trkpt>
   <trkpt lat="51.89181" lon="14.132558"><ele>52.75</ele></trkpt>
   <trkpt lat="51.892176" lon="14.132418"><ele>52</ele></trkpt>
   <trkpt lat="51.892654" lon="14.132095"><ele>52</ele></trkpt>
   <trkpt lat="51.89305" lon="14.131876"><ele>52</ele></trkpt>
   <trkpt lat="51.893473" lon="14.13161"><ele>52</ele></trkpt>
   <trkpt lat="51.894235" lon="14.131185"><ele>52.5</ele></trkpt>
   <trkpt lat="51.895189" lon="14.130586"><ele>52</ele></trkpt>
   <trkpt lat="51.895576" lon="14.130334"><ele>52</ele></trkpt>
   <trkpt lat="51.896198" lon="14.129913"><ele>52.25</ele></trkpt>
   <trkpt lat="51.896542" lon="14.129617"><ele>52.25</ele></trkpt>
   <trkpt lat="51.896752" lon="14.129291"><ele>52.75</ele></trkpt>
   <trkpt lat="51.896886" lon="14.128975"><ele>53</ele></trkpt>
   <trkpt lat="51.896984" lon="14.128393"><ele>52.75</ele></trkpt>
   <trkpt lat="51.89703" lon="14.128243"><ele>52.75</ele></trkpt>
   <trkpt lat="51.897246" lon="14.128539"><ele>52</ele></trkpt>
   <trkpt lat="51.897319" lon="14.128669"><ele>52</ele></trkpt>
   <trkpt lat="51.897416" lon="14.128929"><ele>52.25</ele></trkpt>
   <trkpt lat="51.897655" lon="14.12998"><ele>52</ele></trkpt>
   <trkpt lat="51.897944" lon="14.130855"><ele>52</ele></trkpt>
   <trkpt lat="51.89839" lon="14.132038"><ele>51.75</ele></trkpt>
   <trkpt lat="51.898406" lon="14.132072"><ele>52</ele></trkpt>
   <trkpt lat="51.899878" lon="14.136129"><ele>52</ele></trkpt>
   <trkpt lat="51.900281" lon="14.135692"><ele>52.5</ele></trkpt>
   <trkpt lat="51.901871" lon="14.136183"><ele>53.25</ele></trkpt>
   <trkpt lat="51.903307" lon="14.136482"><ele>53.75</ele></trkpt>
   <trkpt lat="51.903584" lon="14.136526"><ele>54.75</ele></trkpt>
   <trkpt lat="51.904023" lon="14.136539"><ele>53.75</ele></trkpt>
   <trkpt lat="51.905393" lon="14.136483"><ele>53.25</ele></trkpt>
   <trkpt lat="51.905539" lon="14.13639"><ele>53.75</ele></trkpt>
   <trkpt lat="51.905706" lon="14.13612"><ele>54</ele></trkpt>
   <trkpt lat="51.90596" lon="14.13569"><ele>54.75</ele></trkpt>
   <trkpt lat="51.906111" lon="14.135552"><ele>54.75</ele></trkpt>
   <trkpt lat="51.906454" lon="14.135503"><ele>54</ele></trkpt>
   <trkpt lat="51.906483" lon="14.135419"><ele>54.25</ele></trkpt>
   <trkpt lat="51.906491" lon="14.135315"><ele>54.25</ele></trkpt>
   <trkpt lat="51.906473" lon="14.134648"><ele>53.5</ele></trkpt>
   <trkpt lat="51.906507" lon="14.13345"><ele>53.25</ele></trkpt>
   <trkpt lat="51.906648" lon="14.132111"><ele>53.5</ele></trkpt>
   <trkpt lat="51.906684" lon="14.131996"><ele>53</ele></trkpt>
   <trkpt lat="51.906735" lon="14.131902"><ele>53</ele></trkpt>
   <trkpt lat="51.90685" lon="14.131858"><ele>53.25</ele></trkpt>
   <trkpt lat="51.906976" lon="14.131857"><ele>53.5</ele></trkpt>
   <trkpt lat="51.907238" lon="14.131879"><ele>53</ele></trkpt>
   <trkpt lat="51.907634" lon="14.131914"><ele>53</ele></trkpt>
   <trkpt lat="51.907844" lon="14.131916"><ele>53</ele></trkpt>
   <trkpt lat="51.907946" lon="14.131878"><ele>53</ele></trkpt>
   <trkpt lat="51.90811" lon="14.13172"><ele>53</ele></trkpt>
   <trkpt lat="51.908235" lon="14.131587"><ele>53.5</ele></trkpt>
   <trkpt lat="51.908366" lon="14.131476"><ele>53.75</ele></trkpt>
   <trkpt lat="51.908386" lon="14.131381"><ele>53.75</ele></trkpt>
   <trkpt lat="51.910715" lon="14.132079"><ele>54</ele></trkpt>
   <trkpt lat="51.910736" lon="14.130652"><ele>54.5</ele></trkpt>
   <trkpt lat="51.910743" lon="14.130106"><ele>55</ele></trkpt>
   <trkpt lat="51.910722" lon="14.128779"><ele>55.5</ele></trkpt>
   <trkpt lat="51.910686" lon="14.128124"><ele>54</ele></trkpt>
   <trkpt lat="51.910658" lon="14.127605"><ele>54.25</ele></trkpt>
   <trkpt lat="51.910691" lon="14.126688"><ele>55.25</ele></trkpt>
   <trkpt lat="51.910869" lon="14.125759"><ele>55.5</ele></trkpt>
   <trkpt lat="51.910865" lon="14.125419"><ele>56</ele></trkpt>
   <trkpt lat="51.910792" lon="14.125021"><ele>55.5</ele></trkpt>
   <trkpt lat="51.91096" lon="14.124321"><ele>56.75</ele></trkpt>
   <trkpt lat="51.912025" lon="14.124249"><ele>57.25</ele></trkpt>
   <trkpt lat="51.911994" lon="14.124087"><ele>57.75</ele></trkpt>
   <trkpt lat="51.912136" lon="14.123944"><ele>57.25</ele></trkpt>
   <trkpt lat="51.912384" lon="14.123795"><ele>57</ele></trkpt>
   <trkpt lat="51.912653" lon="14.123656"><ele>57</ele></trkpt>
   <trkpt lat="51.912723" lon="14.12362"><ele>57</ele></trkpt>
   <trkpt lat="51.912802" lon="14.12367"><ele>56.75</ele></trkpt>
   <trkpt lat="51.912888" lon="14.123713"><ele>56.5</ele></trkpt>
   <trkpt lat="51.91292" lon="14.123704"><ele>56.25</ele></trkpt>
   <trkpt lat="51.913188" lon="14.123636"><ele>56</ele></trkpt>
   <trkpt lat="51.913245" lon="14.123653"><ele>56</ele></trkpt>
   <trkpt lat="51.913303" lon="14.123738"><ele>56</ele></trkpt>
   <trkpt lat="51.913351" lon="14.123864"><ele>56</ele></trkpt>
   <trkpt lat="51.913414" lon="14.123945"><ele>55.75</ele></trkpt>
   <trkpt lat="51.913506" lon="14.123916"><ele>55.75</ele></trkpt>
   <trkpt lat="51.91359" lon="14.123848"><ele>56</ele></trkpt>
   <trkpt lat="51.913736" lon="14.123751"><ele>56</ele></trkpt>
   <trkpt lat="51.91452" lon="14.123698"><ele>56.5</ele></trkpt>
   <trkpt lat="51.915101" lon="14.12367"><ele>56.25</ele></trkpt>
   <trkpt lat="51.915692" lon="14.123649"><ele>55.5</ele></trkpt>
   <trkpt lat="51.915551" lon="14.120543"><ele>55.75</ele></trkpt>
   <trkpt lat="51.915549" lon="14.120489"><ele>55.75</ele></trkpt>
   <trkpt lat="51.917021" lon="14.120304"><ele>56</ele></trkpt>
   <trkpt lat="51.917678" lon="14.120228"><ele>56.5</ele></trkpt>
   <trkpt lat="51.917715" lon="14.120224"><ele>56.5</ele></trkpt>
   <trkpt lat="51.917836" lon="14.120208"><ele>56.75</ele></trkpt>
   <trkpt lat="51.91827" lon="14.120149"><ele>57</ele></trkpt>
   <trkpt lat="51.919639" lon="14.119993"><ele>56</ele></trkpt>
   <trkpt lat="51.919748" lon="14.119372"><ele>54.75</ele></trkpt>
   <trkpt lat="51.91985" lon="14.118968"><ele>55</ele></trkpt>
   <trkpt lat="51.920588" lon="14.117278"><ele>55</ele></trkpt>
   <trkpt lat="51.920745" lon="14.116842"><ele>55.25</ele></trkpt>
   <trkpt lat="51.920867" lon="14.116391"><ele>55</ele></trkpt>
   <trkpt lat="51.921224" lon="14.114461"><ele>54.25</ele></trkpt>
   <trkpt lat="51.921338" lon="14.114032"><ele>54.25</ele></trkpt>
   <trkpt lat="51.921399" lon="14.113735"><ele>54.75</ele></trkpt>
   <trkpt lat="51.921478" lon="14.113305"><ele>55</ele></trkpt>
   <trkpt lat="51.921599" lon="14.112794"><ele>55</ele></trkpt>
   <trkpt lat="51.921628" lon="14.112461"><ele>55.25</ele></trkpt>
   <trkpt lat="51.92208" lon="14.10989"><ele>56.75</ele></trkpt>
   <trkpt lat="51.922356" lon="14.108401"><ele>61</ele></trkpt>
   <trkpt lat="51.92246" lon="14.106209"><ele>62</ele></trkpt>
   <trkpt lat="51.922517" lon="14.105835"><ele>61</ele></trkpt>
   <trkpt lat="51.92259" lon="14.105461"><ele>62</ele></trkpt>
   <trkpt lat="51.923023" lon="14.104126"><ele>61</ele></trkpt>
   <trkpt lat="51.923103" lon="14.103968"><ele>61</ele></trkpt>
   <trkpt lat="51.923388" lon="14.103561"><ele>61</ele></trkpt>
   <trkpt lat="51.923578" lon="14.103261"><ele>60.75</ele></trkpt>
   <trkpt lat="51.923689" lon="14.10312"><ele>61</ele></trkpt>
   <trkpt lat="51.923837" lon="14.103019"><ele>60.75</ele></trkpt>
   <trkpt lat="51.92415" lon="14.102856"><ele>61.5</ele></trkpt>
   <trkpt lat="51.92444" lon="14.102554"><ele>61</ele></trkpt>
   <trkpt lat="51.924628" lon="14.102279"><ele>61</ele></trkpt>
   <trkpt lat="51.924789" lon="14.102009"><ele>60.75</ele></trkpt>
   <trkpt lat="51.925081" lon="14.101438"><ele>61</ele></trkpt>
   <trkpt lat="51.925219" lon="14.101079"><ele>61.75</ele></trkpt>
   <trkpt lat="51.925328" lon="14.100683"><ele>61</ele></trkpt>
   <trkpt lat="51.925351" lon="14.100569"><ele>61</ele></trkpt>
   <trkpt lat="51.925657" lon="14.099423"><ele>59</ele></trkpt>
   <trkpt lat="51.926173" lon="14.097588"><ele>59.5</ele></trkpt>
   <trkpt lat="51.926512" lon="14.096414"><ele>59</ele></trkpt>
   <trkpt lat="51.926747" lon="14.09565"><ele>58</ele></trkpt>
   <trkpt lat="51.926901" lon="14.096785"><ele>59</ele></trkpt>
   <trkpt lat="51.927" lon="14.096869"><ele>58.75</ele></trkpt>
   <trkpt lat="51.927138" lon="14.096915"><ele>58.25</ele></trkpt>
   <trkpt lat="51.927278" lon="14.096897"><ele>57.75</ele></trkpt>
   <trkpt lat="51.928306" lon="14.096511"><ele>56.75</ele></trkpt>
   <trkpt lat="51.928434" lon="14.096496"><ele>57</ele></trkpt>
   <trkpt lat="51.928549" lon="14.09659"><ele>57</ele></trkpt>
   <trkpt lat="51.928621" lon="14.09661"><ele>57</ele></trkpt>
   <trkpt lat="51.928717" lon="14.096586"><ele>57</ele></trkpt>
   <trkpt lat="51.928818" lon="14.09654"><ele>57</ele></trkpt>
   <trkpt lat="51.93014" lon="14.095719"><ele>57.25</ele></trkpt>
   <trkpt lat="51.930813" lon="14.095238"><ele>58</ele></trkpt>
   <trkpt lat="51.930944" lon="14.095064"><ele>58.75</ele></trkpt>
   <trkpt lat="51.930989" lon="14.095013"><ele>58.75</ele></trkpt>
   <trkpt lat="51.931072" lon="14.094992"><ele>59</ele></trkpt>
   <trkpt lat="51.93133" lon="14.095025"><ele>58.75</ele></trkpt>
   <trkpt lat="51.932472" lon="14.094708"><ele>57</ele></trkpt>
   <trkpt lat="51.934614" lon="14.094086"><ele>57.5</ele></trkpt>
   <trkpt lat="51.93566" lon="14.093584"><ele>58</ele></trkpt>
   <trkpt lat="51.936889" lon="14.093329"><ele>59</ele></trkpt>
   <trkpt lat="51.937194" lon="14.093374"><ele>59</ele></trkpt>
   <trkpt lat="51.937558" lon="14.093319"><ele>58.75</ele></trkpt>
   <trkpt lat="51.938882" lon="14.093158"><ele>54.5</ele></trkpt>
   <trkpt lat="51.939253" lon="14.093223"><ele>53.75</ele></trkpt>
   <trkpt lat="51.939665" lon="14.09337"><ele>53</ele></trkpt>
   <trkpt lat="51.939897" lon="14.093404"><ele>53</ele></trkpt>
   <trkpt lat="51.940509" lon="14.093432"><ele>52.5</ele></trkpt>
   <trkpt lat="51.940577" lon="14.09346"><ele>52.5</ele></trkpt>
   <trkpt lat="51.940638" lon="14.093498"><ele>52.5</ele></trkpt>
   <trkpt lat="51.940708" lon="14.093543"><ele>52.5</ele></trkpt>
   <trkpt lat="51.941198" lon="14.093613"><ele>53.25</ele></trkpt>
   <trkpt lat="51.941548" lon="14.093627"><ele>53.25</ele></trkpt>
   <trkpt lat="51.941822" lon="14.093598"><ele>53.5</ele></trkpt>
   <trkpt lat="51.942097" lon="14.093513"><ele>53.75</ele></trkpt>
   <trkpt lat="51.942289" lon="14.093388"><ele>54.25</ele></trkpt>
   <trkpt lat="51.942383" lon="14.093281"><ele>54.5</ele></trkpt>
   <trkpt lat="51.942447" lon="14.09316"><ele>54.75</ele></trkpt>
   <trkpt lat="51.942484" lon="14.092968"><ele>54.75</ele></trkpt>
   <trkpt lat="51.942489" lon="14.092834"><ele>54.75</ele></trkpt>
   <trkpt lat="51.942469" lon="14.092699"><ele>54.75</ele></trkpt>
   <trkpt lat="51.942188" lon="14.09162"><ele>52.75</ele></trkpt>
   <trkpt lat="51.942101" lon="14.091456"><ele>52.75</ele></trkpt>
   <trkpt lat="51.941435" lon="14.090654"><ele>52.75</ele></trkpt>
   <trkpt lat="51.941332" lon="14.090444"><ele>52.75</ele></trkpt>
   <trkpt lat="51.941287" lon="14.090271"><ele>53.25</ele></trkpt>
   <trkpt lat="51.94116" lon="14.089187"><ele>54</ele></trkpt>
   <trkpt lat="51.941152" lon="14.088918"><ele>54.75</ele></trkpt>
   <trkpt lat="51.94117" lon="14.088762"><ele>55</ele></trkpt>
   <trkpt lat="51.941203" lon="14.088628"><ele>55</ele></trkpt>
   <trkpt lat="51.941304" lon="14.08845"><ele>55</ele></trkpt>
   <trkpt lat="51.941453" lon="14.088325"><ele>55</ele></trkpt>
   <trkpt lat="51.941807" lon="14.08811"><ele>56</ele></trkpt>
   <trkpt lat="51.943326" lon="14.087014"><ele>58</ele></trkpt>
   <trkpt lat="51.943681" lon="14.086656"><ele>58</ele></trkpt>
   <trkpt lat="51.943843" lon="14.086533"><ele>58.25</ele></trkpt>
   <trkpt lat="51.945377" lon="14.085516"><ele>54.75</ele></trkpt>
   <trkpt lat="51.945522" lon="14.085451"><ele>54.5</ele></trkpt>
   <trkpt lat="51.945666" lon="14.085421"><ele>54.5</ele></trkpt>
   <trkpt lat="51.945766" lon="14.085434"><ele>54.75</ele></trkpt>
   <trkpt lat="51.945874" lon="14.085518"><ele>54.75</ele></trkpt>
   <trkpt lat="51.946093" lon="14.085888"><ele>54</ele></trkpt>
   <trkpt lat="51.946219" lon="14.086045"><ele>54</ele></trkpt>
   <trkpt lat="51.946359" lon="14.086113"><ele>54</ele></trkpt>
   <trkpt lat="51.94671" lon="14.086135"><ele>54</ele></trkpt>
   <trkpt lat="51.947517" lon="14.086252"><ele>54.25</ele></trkpt>
   <trkpt lat="51.948683" lon="14.086352"><ele>55</ele></trkpt>
   <trkpt lat="51.948644" lon="14.084768"><ele>57</ele></trkpt>
   <trkpt lat="51.948518" lon="14.083344"><ele>58</ele></trkpt>
   <trkpt lat="51.948594" lon="14.083079"><ele>58</ele></trkpt>
   <trkpt lat="51.94855" lon="14.082415"><ele>56.5</ele></trkpt>
   <trkpt lat="51.948544" lon="14.082022"><ele>55.25</ele></trkpt>
   <trkpt lat="51.948554" lon="14.081941"><ele>55</ele></trkpt>
   <trkpt lat="51.94858" lon="14.08186"><ele>55</ele></trkpt>
   <trkpt lat="51.948621" lon="14.081815"><ele>54.75</ele></trkpt>
   <trkpt lat="51.948685" lon="14.081793"><ele>54.75</ele></trkpt>
   <trkpt lat="51.948844" lon="14.081805"><ele>54.5</ele></trkpt>
   <trkpt lat="51.949152" lon="14.081864"><ele>54.5</ele></trkpt>
   <trkpt lat="51.949791" lon="14.081909"><ele>54</ele></trkpt>
   <trkpt lat="51.950454" lon="14.081977"><ele>54</ele></trkpt>
   <trkpt lat="51.950544" lon="14.081993"><ele>54</ele></trkpt>
   <trkpt lat="51.950616" lon="14.081915"><ele>54</ele></trkpt>
   <trkpt lat="51.950654" lon="14.081796"><ele>54</ele></trkpt>
   <trkpt lat="51.950686" lon="14.081302"><ele>54</ele></trkpt>
   <trkpt lat="51.950808" lon="14.080285"><ele>54</ele></trkpt>
   <trkpt lat="51.950857" lon="14.07965"><ele>53.75</ele></trkpt>
   <trkpt lat="51.950904" lon="14.079343"><ele>53.5</ele></trkpt>
   <trkpt lat="51.951038" lon="14.078674"><ele>53.25</ele></trkpt>
   <trkpt lat="51.951325" lon="14.076586"><ele>54</ele></trkpt>
   <trkpt lat="51.951468" lon="14.075364"><ele>54.75</ele></trkpt>
   <trkpt lat="51.95152" lon="14.074837"><ele>54.5</ele></trkpt>
   <trkpt lat="51.951574" lon="14.074709"><ele>54.25</ele></trkpt>
   <trkpt lat="51.951631" lon="14.074684"><ele>53.75</ele></trkpt>
   <trkpt lat="51.951918" lon="14.074812"><ele>54.25</ele></trkpt>
   <trkpt lat="51.95201" lon="14.074828"><ele>54.25</ele></trkpt>
   <trkpt lat="51.952525" lon="14.074732"><ele>54</ele></trkpt>
   <trkpt lat="51.952941" lon="14.074743"><ele>55</ele></trkpt>
   <trkpt lat="51.95352" lon="14.074818"><ele>54.25</ele></trkpt>
   <trkpt lat="51.953968" lon="14.074921"><ele>54</ele></trkpt>
   <trkpt lat="51.95421" lon="14.074927"><ele>54.75</ele></trkpt>
   <trkpt lat="51.95497" lon="14.075024"><ele>55</ele></trkpt>
   <trkpt lat="51.954643" lon="14.073737"><ele>54</ele></trkpt>
   <trkpt lat="51.954476" lon="14.073084"><ele>54</ele></trkpt>
   <trkpt lat="51.954104" lon="14.071905"><ele>55</ele></trkpt>
   <trkpt lat="51.954055" lon="14.071619"><ele>55.5</ele></trkpt>
   <trkpt lat="51.954028" lon="14.071347"><ele>55.5</ele></trkpt>
   <trkpt lat="51.954898" lon="14.07209"><ele>57.75</ele></trkpt>
   <trkpt lat="51.955116" lon="14.072347"><ele>57.5</ele></trkpt>
   <trkpt lat="51.955247" lon="14.072524"><ele>57.75</ele></trkpt>
   <trkpt lat="51.955447" lon="14.072797"><ele>58</ele></trkpt>
   <trkpt lat="51.956435" lon="14.074229"><ele>56.75</ele></trkpt>
   <trkpt lat="51.956629" lon="14.074523"><ele>56</ele></trkpt>
   <trkpt lat="51.95716" lon="14.075426"><ele>54</ele></trkpt>
   <trkpt lat="51.957312" lon="14.075656"><ele>54</ele></trkpt>
   <trkpt lat="51.957739" lon="14.076237"><ele>53</ele></trkpt>
   <trkpt lat="51.958046" lon="14.076501"><ele>52</ele></trkpt>
   <trkpt lat="51.958315" lon="14.076688"><ele>52.75</ele></trkpt>
   <trkpt lat="51.9593" lon="14.076924"><ele>54</ele></trkpt>
   <trkpt lat="51.959785" lon="14.077041"><ele>54</ele></trkpt>
   <trkpt lat="51.960638" lon="14.077733"><ele>55</ele></trkpt>
   <trkpt lat="51.961439" lon="14.078383"><ele>56</ele></trkpt>
   <trkpt lat="51.963533" lon="14.08008"><ele>55.5</ele></trkpt>
   <trkpt lat="51.968476" lon="14.083328"><ele>56.5</ele></trkpt>
   <trkpt lat="51.968987" lon="14.083669"><ele>57</ele></trkpt>
   <trkpt lat="51.972585" lon="14.088755"><ele>57</ele></trkpt>
   <trkpt lat="51.973089" lon="14.08949"><ele>56</ele></trkpt>
   <trkpt lat="51.973796" lon="14.090501"><ele>57</ele></trkpt>
   <trkpt lat="51.973988" lon="14.090901"><ele>56</ele></trkpt>
   <trkpt lat="51.974875" lon="14.092392"><ele>56</ele></trkpt>
   <trkpt lat="51.975691" lon="14.093739"><ele>55</ele></trkpt>
   <trkpt lat="51.976094" lon="14.094477"><ele>54</ele></trkpt>
   <trkpt lat="51.976572" lon="14.095324"><ele>54</ele></trkpt>
   <trkpt lat="51.97791" lon="14.096859"><ele>56</ele></trkpt>
   <trkpt lat="51.978712" lon="14.097747"><ele>55.5</ele></trkpt>
   <trkpt lat="51.979783" lon="14.098997"><ele>56</ele></trkpt>
   <trkpt lat="51.980913" lon="14.100268"><ele>56</ele></trkpt>
   <trkpt lat="51.981246" lon="14.1007"><ele>56</ele></trkpt>
   <trkpt lat="51.982525" lon="14.102092"><ele>56</ele></trkpt>
   <trkpt lat="51.984332" lon="14.104152"><ele>56</ele></trkpt>
   <trkpt lat="51.985016" lon="14.104903"><ele>57</ele></trkpt>
   <trkpt lat="51.985439" lon="14.105402"><ele>56.25</ele></trkpt>
   <trkpt lat="51.986711" lon="14.106936"><ele>56</ele></trkpt>
   <trkpt lat="51.987055" lon="14.107285"><ele>56</ele></trkpt>
   <trkpt lat="51.987339" lon="14.107634"><ele>56</ele></trkpt>
   <trkpt lat="51.988342" lon="14.108775"><ele>56</ele></trkpt>
   <trkpt lat="51.989506" lon="14.11008"><ele>53.75</ele></trkpt>
   <trkpt lat="51.989598" lon="14.11009"><ele>53.25</ele></trkpt>
   <trkpt lat="51.99011" lon="14.109146"><ele>53.5</ele></trkpt>
   <trkpt lat="51.990665" lon="14.108272"><ele>53</ele></trkpt>
   <trkpt lat="51.990933" lon="14.107966"><ele>52.75</ele></trkpt>
   <trkpt lat="51.991101" lon="14.10765"><ele>53</ele></trkpt>
   <trkpt lat="51.991349" lon="14.106899"><ele>53</ele></trkpt>
   <trkpt lat="51.991607" lon="14.106641"><ele>52</ele></trkpt>
   <trkpt lat="51.992644" lon="14.106196"><ele>51.5</ele></trkpt>
   <trkpt lat="51.99303" lon="14.105987"><ele>52</ele></trkpt>
   <trkpt lat="51.993258" lon="14.106035"><ele>52</ele></trkpt>
   <trkpt lat="51.993483" lon="14.10589"><ele>52</ele></trkpt>
   <trkpt lat="51.993889" lon="14.105751"><ele>52</ele></trkpt>
   <trkpt lat="51.994354" lon="14.105777"><ele>53</ele></trkpt>
   <trkpt lat="51.994369" lon="14.106567"><ele>53</ele></trkpt>
   <trkpt lat="51.995795" lon="14.10388"><ele>51</ele></trkpt>
   <trkpt lat="51.995874" lon="14.103707"><ele>50.25</ele></trkpt>
   <trkpt lat="51.996034" lon="14.103183"><ele>50</ele></trkpt>
   <trkpt lat="51.996095" lon="14.103032"><ele>50</ele></trkpt>
   <trkpt lat="51.996264" lon="14.102779"><ele>50</ele></trkpt>
   <trkpt lat="51.997601" lon="14.101338"><ele>52</ele></trkpt>
   <trkpt lat="51.998389" lon="14.100059"><ele>52</ele></trkpt>
   <trkpt lat="51.998646" lon="14.099597"><ele>51.75</ele></trkpt>
   <trkpt lat="51.99896" lon="14.098761"><ele>52</ele></trkpt>
   <trkpt lat="51.999307" lon="14.097665"><ele>53</ele></trkpt>
   <trkpt lat="51.999713" lon="14.096599"><ele>53</ele></trkpt>
   <trkpt lat="52.000306" lon="14.095686"><ele>53</ele></trkpt>
   <trkpt lat="52.002087" lon="14.093902"><ele>52</ele></trkpt>
   <trkpt lat="52.002182" lon="14.093816"><ele>52</ele></trkpt>
   <trkpt lat="52.003496" lon="14.092632"><ele>51.75</ele></trkpt>
   <trkpt lat="52.004547" lon="14.091512"><ele>51</ele></trkpt>
   <trkpt lat="52.005382" lon="14.089168"><ele>51.75</ele></trkpt>
   <trkpt lat="52.006249" lon="14.086589"><ele>50</ele></trkpt>
   <trkpt lat="52.00761" lon="14.082576"><ele>52</ele></trkpt>
   <trkpt lat="52.007993" lon="14.081692"><ele>52</ele></trkpt>
   <trkpt lat="52.008065" lon="14.081557"><ele>51.75</ele></trkpt>
   <trkpt lat="52.008189" lon="14.081439"><ele>51.5</ele></trkpt>
   <trkpt lat="52.008664" lon="14.081125"><ele>50.75</ele></trkpt>
   <trkpt lat="52.008584" lon="14.081045"><ele>51</ele></trkpt>
   <trkpt lat="52.008268" lon="14.080439"><ele>51</ele></trkpt>
   <trkpt lat="52.008282" lon="14.079851"><ele>51</ele></trkpt>
   <trkpt lat="52.008156" lon="14.078522"><ele>49</ele></trkpt>
   <trkpt lat="52.008178" lon="14.078166"><ele>49</ele></trkpt>
   <trkpt lat="52.008238" lon="14.077892"><ele>49</ele></trkpt>
   <trkpt lat="52.008275" lon="14.077797"><ele>49</ele></trkpt>
   <trkpt lat="52.008414" lon="14.077583"><ele>49.5</ele></trkpt>
   <trkpt lat="52.008539" lon="14.07725"><ele>50</ele></trkpt>
   <trkpt lat="52.009252" lon="14.073735"><ele>51</ele></trkpt>
   <trkpt lat="52.009326" lon="14.073541"><ele>51</ele></trkpt>
   <trkpt lat="52.009449" lon="14.073308"><ele>51</ele></trkpt>
   <trkpt lat="52.010264" lon="14.072456"><ele>51</ele></trkpt>
   <trkpt lat="52.010329" lon="14.072389"><ele>51.5</ele></trkpt>
   <trkpt lat="52.010723" lon="14.072053"><ele>52</ele></trkpt>
   <trkpt lat="52.012523" lon="14.070252"><ele>52.75</ele></trkpt>
   <trkpt lat="52.013073" lon="14.069761"><ele>52.75</ele></trkpt>
   <trkpt lat="52.013549" lon="14.06939"><ele>53</ele></trkpt>
   <trkpt lat="52.015542" lon="14.06807"><ele>52</ele></trkpt>
   <trkpt lat="52.015701" lon="14.067895"><ele>52.25</ele></trkpt>
   <trkpt lat="52.017956" lon="14.064527"><ele>50</ele></trkpt>
   <trkpt lat="52.018178" lon="14.064171"><ele>50</ele></trkpt>
   <trkpt lat="52.018336" lon="14.063863"><ele>50</ele></trkpt>
   <trkpt lat="52.018423" lon="14.063809"><ele>50</ele></trkpt>
   <trkpt lat="52.018526" lon="14.063817"><ele>50</ele></trkpt>
   <trkpt lat="52.020928" lon="14.064287"><ele>48.25</ele></trkpt>
   <trkpt lat="52.02179" lon="14.064479"><ele>48.75</ele></trkpt>
   <trkpt lat="52.022021" lon="14.064484"><ele>48.5</ele></trkpt>
   <trkpt lat="52.022085" lon="14.064457"><ele>48.25</ele></trkpt>
   <trkpt lat="52.022245" lon="14.06439"><ele>48</ele></trkpt>
   <trkpt lat="52.022508" lon="14.063983"><ele>47.25</ele></trkpt>
   <trkpt lat="52.022683" lon="14.063824"><ele>47</ele></trkpt>
   <trkpt lat="52.023059" lon="14.063422"><ele>47.5</ele></trkpt>
   <trkpt lat="52.023233" lon="14.063105"><ele>48</ele></trkpt>
   <trkpt lat="52.023658" lon="14.062482"><ele>47.75</ele></trkpt>
   <trkpt lat="52.023767" lon="14.062324"><ele>47.5</ele></trkpt>
   <trkpt lat="52.024089" lon="14.062851"><ele>48.5</ele></trkpt>
   <trkpt lat="52.024248" lon="14.063122"><ele>48.75</ele></trkpt>
   <trkpt lat="52.024363" lon="14.063217"><ele>48.75</ele></trkpt>
   <trkpt lat="52.024452" lon="14.063239"><ele>48.75</ele></trkpt>
   <trkpt lat="52.02451" lon="14.0632"><ele>48.75</ele></trkpt>
   <trkpt lat="52.024549" lon="14.063151"><ele>48.75</ele></trkpt>
   <trkpt lat="52.024606" lon="14.062966"><ele>48.25</ele></trkpt>
   <trkpt lat="52.024746" lon="14.062163"><ele>48.25</ele></trkpt>
   <trkpt lat="52.024971" lon="14.060845"><ele>49</ele></trkpt>
   <trkpt lat="52.024989" lon="14.060741"><ele>49</ele></trkpt>
   <trkpt lat="52.025144" lon="14.060393"><ele>49</ele></trkpt>
   <trkpt lat="52.025372" lon="14.060068"><ele>48.75</ele></trkpt>
   <trkpt lat="52.02589" lon="14.059356"><ele>49</ele></trkpt>
   <trkpt lat="52.026385" lon="14.058707"><ele>49</ele></trkpt>
   <trkpt lat="52.026883" lon="14.05814"><ele>48</ele></trkpt>
   <trkpt lat="52.027033" lon="14.058124"><ele>48</ele></trkpt>
   <trkpt lat="52.027146" lon="14.058145"><ele>48</ele></trkpt>
   <trkpt lat="52.027277" lon="14.058228"><ele>47.75</ele></trkpt>
   <trkpt lat="52.027452" lon="14.058514"><ele>48</ele></trkpt>
   <trkpt lat="52.027622" lon="14.058667"><ele>48.25</ele></trkpt>
   <trkpt lat="52.030713" lon="14.06158"><ele>48</ele></trkpt>
   <trkpt lat="52.031036" lon="14.061854"><ele>47.75</ele></trkpt>
   <trkpt lat="52.031251" lon="14.061991"><ele>47.25</ele></trkpt>
   <trkpt lat="52.03208" lon="14.062349"><ele>47</ele></trkpt>
   <trkpt lat="52.032354" lon="14.062327"><ele>47</ele></trkpt>
   <trkpt lat="52.032504" lon="14.062288"><ele>47</ele></trkpt>
   <trkpt lat="52.032594" lon="14.062218"><ele>46.75</ele></trkpt>
   <trkpt lat="52.032751" lon="14.062073"><ele>46.75</ele></trkpt>
   <trkpt lat="52.032954" lon="14.06199"><ele>47.5</ele></trkpt>
   <trkpt lat="52.033177" lon="14.061937"><ele>48</ele></trkpt>
   <trkpt lat="52.033514" lon="14.061939"><ele>48</ele></trkpt>
   <trkpt lat="52.033639" lon="14.06192"><ele>48</ele></trkpt>
   <trkpt lat="52.034123" lon="14.062066"><ele>50.25</ele></trkpt>
   <trkpt lat="52.034865" lon="14.062234"><ele>50.25</ele></trkpt>
   <trkpt lat="52.035409" lon="14.062402"><ele>49</ele></trkpt>
   <trkpt lat="52.035479" lon="14.062385"><ele>49</ele></trkpt>
   <trkpt lat="52.035574" lon="14.062385"><ele>49</ele></trkpt>
   <trkpt lat="52.036554" lon="14.06262"><ele>50.75</ele></trkpt>
   <trkpt lat="52.037087" lon="14.062773"><ele>50</ele></trkpt>
   <trkpt lat="52.037604" lon="14.063064"><ele>49.5</ele></trkpt>
   <trkpt lat="52.037629" lon="14.063058"><ele>49.5</ele></trkpt>
   <trkpt lat="52.037738" lon="14.06303"><ele>49</ele></trkpt>
   <trkpt lat="52.037755" lon="14.06306"><ele>49</ele></trkpt>
   <trkpt lat="52.037907" lon="14.063329"><ele>48.5</ele></trkpt>
   <trkpt lat="52.037972" lon="14.063599"><ele>48.25</ele></trkpt>
   <trkpt lat="52.038026" lon="14.063918"><ele>48</ele></trkpt>
   <trkpt lat="52.038024" lon="14.064033"><ele>48</ele></trkpt>
   <trkpt lat="52.037802" lon="14.064618"><ele>48</ele></trkpt>
   <trkpt lat="52.037787" lon="14.064696"><ele>48</ele></trkpt>
   <trkpt lat="52.037783" lon="14.064819"><ele>48</ele></trkpt>
   <trkpt lat="52.037792" lon="14.064934"><ele>48</ele></trkpt>
   <trkpt lat="52.037826" lon="14.065071"><ele>48</ele></trkpt>
   <trkpt lat="52.03832" lon="14.066119"><ele>48</ele></trkpt>
   <trkpt lat="52.03851" lon="14.066517"><ele>47.5</ele></trkpt>
   <trkpt lat="52.038632" lon="14.066828"><ele>47.75</ele></trkpt>
   <trkpt lat="52.03898" lon="14.06766"><ele>47.75</ele></trkpt>
   <trkpt lat="52.039366" lon="14.068525"><ele>48.75</ele></trkpt>
   <trkpt lat="52.039451" lon="14.068775"><ele>49.5</ele></trkpt>
   <trkpt lat="52.039643" lon="14.06917"><ele>50</ele></trkpt>
   <trkpt lat="52.039762" lon="14.069317"><ele>49.75</ele></trkpt>
   <trkpt lat="52.039986" lon="14.069465"><ele>49</ele></trkpt>
   <trkpt lat="52.040288" lon="14.069572"><ele>47.75</ele></trkpt>
   <trkpt lat="52.040593" lon="14.069652"><ele>47.5</ele></trkpt>
   <trkpt lat="52.040704" lon="14.069671"><ele>47.25</ele></trkpt>
   <trkpt lat="52.041278" lon="14.069752"><ele>47</ele></trkpt>
   <trkpt lat="52.041573" lon="14.069784"><ele>47</ele></trkpt>
   <trkpt lat="52.041958" lon="14.06977"><ele>46.75</ele></trkpt>
   <trkpt lat="52.04205" lon="14.069604"><ele>46.5</ele></trkpt>
   <trkpt lat="52.042163" lon="14.06924"><ele>46.75</ele></trkpt>
   <trkpt lat="52.042512" lon="14.068113"><ele>46.75</ele></trkpt>
   <trkpt lat="52.042618" lon="14.067662"><ele>45.75</ele></trkpt>
   <trkpt lat="52.042726" lon="14.067478"><ele>46</ele></trkpt>
   <trkpt lat="52.0428" lon="14.067481"><ele>45.75</ele></trkpt>
   <trkpt lat="52.042847" lon="14.067467"><ele>45.75</ele></trkpt>
   <trkpt lat="52.043743" lon="14.06691"><ele>45</ele></trkpt>
   <trkpt lat="52.044348" lon="14.066495"><ele>45.5</ele></trkpt>
   <trkpt lat="52.044759" lon="14.066125"><ele>45.75</ele></trkpt>
   <trkpt lat="52.045311" lon="14.065372"><ele>45.5</ele></trkpt>
   <trkpt lat="52.045976" lon="14.0643"><ele>46</ele></trkpt>
   <trkpt lat="52.046339" lon="14.063693"><ele>46</ele></trkpt>
   <trkpt lat="52.046446" lon="14.063713"><ele>46</ele></trkpt>
   <trkpt lat="52.046526" lon="14.063703"><ele>46.25</ele></trkpt>
   <trkpt lat="52.0466" lon="14.063633"><ele>46.5</ele></trkpt>
   <trkpt lat="52.046669" lon="14.063518"><ele>47</ele></trkpt>
   <trkpt lat="52.046709" lon="14.063377"><ele>47</ele></trkpt>
   <trkpt lat="52.046791" lon="14.062941"><ele>47.25</ele></trkpt>
   <trkpt lat="52.046883" lon="14.061865"><ele>47.5</ele></trkpt>
   <trkpt lat="52.046885" lon="14.061465"><ele>47.5</ele></trkpt>
   <trkpt lat="52.046965" lon="14.061217"><ele>48.75</ele></trkpt>
   <trkpt lat="52.047095" lon="14.06099"><ele>49</ele></trkpt>
   <trkpt lat="52.047591" lon="14.06057"><ele>49</ele></trkpt>
   <trkpt lat="52.047936" lon="14.060247"><ele>47.25</ele></trkpt>
   <trkpt lat="52.048251" lon="14.059812"><ele>47</ele></trkpt>
   <trkpt lat="52.048508" lon="14.059237"><ele>46.5</ele></trkpt>
   <trkpt lat="52.048766" lon="14.058623"><ele>46.5</ele></trkpt>
   <trkpt lat="52.049047" lon="14.057978"><ele>46.5</ele></trkpt>
   <trkpt lat="52.049193" lon="14.057712"><ele>47</ele></trkpt>
   <trkpt lat="52.049348" lon="14.057482"><ele>46.75</ele></trkpt>
   <trkpt lat="52.04976" lon="14.056948"><ele>47</ele></trkpt>
   <trkpt lat="52.050136" lon="14.05654"><ele>46.5</ele></trkpt>
   <trkpt lat="52.0502" lon="14.05647"><ele>46.25</ele></trkpt>
   <trkpt lat="52.049738" lon="14.054888"><ele>46</ele></trkpt>
   <trkpt lat="52.049374" lon="14.053552"><ele>46</ele></trkpt>
   <trkpt lat="52.049051" lon="14.052395"><ele>46.25</ele></trkpt>
   <trkpt lat="52.04905" lon="14.052209"><ele>46.25</ele></trkpt>
   <trkpt lat="52.049054" lon="14.052115"><ele>46.75</ele></trkpt>
   <trkpt lat="52.04912" lon="14.051903"><ele>47</ele></trkpt>
   <trkpt lat="52.049764" lon="14.050004"><ele>46.5</ele></trkpt>
   <trkpt lat="52.049791" lon="14.049959"><ele>46.5</ele></trkpt>
   <trkpt lat="52.049776" lon="14.049742"><ele>46.75</ele></trkpt>
   <trkpt lat="52.049726" lon="14.049643"><ele>46.5</ele></trkpt>
   <trkpt lat="52.049494" lon="14.049314"><ele>46.25</ele></trkpt>
   <trkpt lat="52.049281" lon="14.048907"><ele>46</ele></trkpt>
   <trkpt lat="52.049183" lon="14.048627"><ele>46.75</ele></trkpt>
   <trkpt lat="52.049096" lon="14.048268"><ele>46.75</ele></trkpt>
   <trkpt lat="52.049045" lon="14.047918"><ele>46.5</ele></trkpt>
   <trkpt lat="52.049019" lon="14.047564"><ele>46.5</ele></trkpt>
   <trkpt lat="52.049032" lon="14.046953"><ele>46.25</ele></trkpt>
   <trkpt lat="52.049031" lon="14.046768"><ele>46.25</ele></trkpt>
   <trkpt lat="52.049051" lon="14.046378"><ele>46.75</ele></trkpt>
   <trkpt lat="52.04911" lon="14.045716"><ele>47.5</ele></trkpt>
   <trkpt lat="52.04915" lon="14.045125"><ele>47</ele></trkpt>
   <trkpt lat="52.049254" lon="14.044985"><ele>46.25</ele></trkpt>
   <trkpt lat="52.049269" lon="14.044805"><ele>46.75</ele></trkpt>
   <trkpt lat="52.04931" lon="14.044804"><ele>46.5</ele></trkpt>
   <trkpt lat="52.049353" lon="14.044753"><ele>46.5</ele></trkpt>
   <trkpt lat="52.049463" lon="14.044584"><ele>46.25</ele></trkpt>
   <trkpt lat="52.049622" lon="14.044368"><ele>45.75</ele></trkpt>
   <trkpt lat="52.050315" lon="14.043734"><ele>46</ele></trkpt>
   <trkpt lat="52.050606" lon="14.043417"><ele>46</ele></trkpt>
   <trkpt lat="52.050721" lon="14.043157"><ele>45.75</ele></trkpt>
   <trkpt lat="52.051069" lon="14.04199"><ele>46.75</ele></trkpt>
   <trkpt lat="52.05149" lon="14.040916"><ele>46.25</ele></trkpt>
   <trkpt lat="52.051725" lon="14.040345"><ele>46.25</ele></trkpt>
   <trkpt lat="52.052127" lon="14.039714"><ele>45.25</ele></trkpt>
   <trkpt lat="52.052619" lon="14.038864"><ele>46.5</ele></trkpt>
   <trkpt lat="52.052692" lon="14.038614"><ele>46.25</ele></trkpt>
   <trkpt lat="52.052743" lon="14.038039"><ele>46</ele></trkpt>
   <trkpt lat="52.052955" lon="14.037106"><ele>47</ele></trkpt>
   <trkpt lat="52.053035" lon="14.035945"><ele>49</ele></trkpt>
   <trkpt lat="52.05304" lon="14.035107"><ele>50</ele></trkpt>
   <trkpt lat="52.054545" lon="14.034967"><ele>49</ele></trkpt>
   <trkpt lat="52.054603" lon="14.034936"><ele>49</ele></trkpt>
   <trkpt lat="52.054648" lon="14.034894"><ele>49.25</ele></trkpt>
   <trkpt lat="52.055796" lon="14.033819"><ele>50</ele></trkpt>
   <trkpt lat="52.056421" lon="14.033206"><ele>52</ele></trkpt>
   <trkpt lat="52.057084" lon="14.032526"><ele>52.25</ele></trkpt>
   <trkpt lat="52.058227" lon="14.031453"><ele>52</ele></trkpt>
   <trkpt lat="52.059667" lon="14.03"><ele>56.75</ele></trkpt>
   <trkpt lat="52.060698" lon="14.029053"><ele>56.5</ele></trkpt>
   <trkpt lat="52.061493" lon="14.02831"><ele>55.5</ele></trkpt>
   <trkpt lat="52.061666" lon="14.028236"><ele>55</ele></trkpt>
   <trkpt lat="52.061807" lon="14.028215"><ele>54.5</ele></trkpt>
   <trkpt lat="52.063042" lon="14.028241"><ele>49</ele></trkpt>
   <trkpt lat="52.063178" lon="14.028222"><ele>48.5</ele></trkpt>
   <trkpt lat="52.063337" lon="14.028153"><ele>47.75</ele></trkpt>
   <trkpt lat="52.063382" lon="14.028123"><ele>47.75</ele></trkpt>
   <trkpt lat="52.063431" lon="14.028059"><ele>47.5</ele></trkpt>
   <trkpt lat="52.063503" lon="14.027912"><ele>47.25</ele></trkpt>
   <trkpt lat="52.063581" lon="14.028"><ele>47</ele></trkpt>
   <trkpt lat="52.063646" lon="14.028033"><ele>46.75</ele></trkpt>
   <trkpt lat="52.063963" lon="14.028038"><ele>46.75</ele></trkpt>
   <trkpt lat="52.064331" lon="14.028023"><ele>46.75</ele></trkpt>
   <trkpt lat="52.064471" lon="14.028036"><ele>47</ele></trkpt>
   <trkpt lat="52.064619" lon="14.028074"><ele>47.5</ele></trkpt>
   <trkpt lat="52.064896" lon="14.028178"><ele>47.75</ele></trkpt>
   <trkpt lat="52.065024" lon="14.028247"><ele>48</ele></trkpt>
   <trkpt lat="52.065081" lon="14.028277"><ele>48</ele></trkpt>
   <trkpt lat="52.065264" lon="14.028415"><ele>48</ele></trkpt>
   <trkpt lat="52.065311" lon="14.028452"><ele>48</ele></trkpt>
   <trkpt lat="52.065627" lon="14.028698"><ele>48</ele></trkpt>
   <trkpt lat="52.065825" lon="14.028864"><ele>48</ele></trkpt>
   <trkpt lat="52.065883" lon="14.028913"><ele>47.75</ele></trkpt>
   <trkpt lat="52.066342" lon="14.029298"><ele>48.75</ele></trkpt>
   <trkpt lat="52.066424" lon="14.0293"><ele>49</ele></trkpt>
   <trkpt lat="52.066492" lon="14.029301"><ele>49.5</ele></trkpt>
   <trkpt lat="52.067355" lon="14.029317"><ele>49</ele></trkpt>
   <trkpt lat="52.067514" lon="14.029303"><ele>48.25</ele></trkpt>
   <trkpt lat="52.067665" lon="14.029275"><ele>47.75</ele></trkpt>
   <trkpt lat="52.067793" lon="14.029235"><ele>47</ele></trkpt>
   <trkpt lat="52.068046" lon="14.029124"><ele>46.75</ele></trkpt>
   <trkpt lat="52.068308" lon="14.028965"><ele>46.75</ele></trkpt>
   <trkpt lat="52.068532" lon="14.028762"><ele>46.75</ele></trkpt>
   <trkpt lat="52.068766" lon="14.028426"><ele>47.25</ele></trkpt>
   <trkpt lat="52.06887" lon="14.028155"><ele>47.25</ele></trkpt>
   <trkpt lat="52.068904" lon="14.028066"><ele>47</ele></trkpt>
   <trkpt lat="52.069029" lon="14.027463"><ele>47.25</ele></trkpt>
   <trkpt lat="52.069123" lon="14.026855"><ele>46.75</ele></trkpt>
   <trkpt lat="52.069133" lon="14.02662"><ele>46.75</ele></trkpt>
   <trkpt lat="52.069097" lon="14.026389"><ele>46.5</ele></trkpt>
   <trkpt lat="52.068822" lon="14.025616"><ele>45.75</ele></trkpt>
   <trkpt lat="52.068429" lon="14.024658"><ele>46.25</ele></trkpt>
   <trkpt lat="52.068381" lon="14.024482"><ele>46.75</ele></trkpt>
   <trkpt lat="52.068361" lon="14.024305"><ele>46.75</ele></trkpt>
   <trkpt lat="52.068359" lon="14.024097"><ele>46.5</ele></trkpt>
   <trkpt lat="52.068532" lon="14.022313"><ele>49.25</ele></trkpt>
   <trkpt lat="52.068958" lon="14.018696"><ele>50.75</ele></trkpt>
   <trkpt lat="52.069127" lon="14.017522"><ele>48</ele></trkpt>
   <trkpt lat="52.069211" lon="14.017109"><ele>47.5</ele></trkpt>
   <trkpt lat="52.069321" lon="14.016763"><ele>47.5</ele></trkpt>
   <trkpt lat="52.069555" lon="14.016356"><ele>48</ele></trkpt>
   <trkpt lat="52.069795" lon="14.016038"><ele>47.75</ele></trkpt>
   <trkpt lat="52.070246" lon="14.015382"><ele>46.5</ele></trkpt>
   <trkpt lat="52.0705" lon="14.015116"><ele>46</ele></trkpt>
   <trkpt lat="52.070762" lon="14.015002"><ele>46</ele></trkpt>
   <trkpt lat="52.071002" lon="14.01495"><ele>46</ele></trkpt>
   <trkpt lat="52.071685" lon="14.014698"><ele>45</ele></trkpt>
   <trkpt lat="52.071972" lon="14.014552"><ele>45</ele></trkpt>
   <trkpt lat="52.072337" lon="14.014247"><ele>45</ele></trkpt>
   <trkpt lat="52.073209" lon="14.013476"><ele>45.25</ele></trkpt>
   <trkpt lat="52.073617" lon="14.013114"><ele>45.75</ele></trkpt>
   <trkpt lat="52.07429" lon="14.01248"><ele>46</ele></trkpt>
   <trkpt lat="52.074513" lon="14.012224"><ele>46</ele></trkpt>
   <trkpt lat="52.074608" lon="14.012038"><ele>46</ele></trkpt>
   <trkpt lat="52.074674" lon="14.011866"><ele>46</ele></trkpt>
   <trkpt lat="52.074731" lon="14.011559"><ele>46</ele></trkpt>
   <trkpt lat="52.074785" lon="14.011145"><ele>45.75</ele></trkpt>
   <trkpt lat="52.074854" lon="14.010508"><ele>45</ele></trkpt>
   <trkpt lat="52.074896" lon="14.010332"><ele>45</ele></trkpt>
   <trkpt lat="52.074965" lon="14.010271"><ele>45</ele></trkpt>
   <trkpt lat="52.078063" lon="14.010699"><ele>45</ele></trkpt>
   <trkpt lat="52.081362" lon="14.011206"><ele>47</ele></trkpt>
   <trkpt lat="52.081769" lon="14.0103"><ele>47</ele></trkpt>
   <trkpt lat="52.081831" lon="14.010053"><ele>47</ele></trkpt>
   <trkpt lat="52.082356" lon="14.006994"><ele>48</ele></trkpt>
   <trkpt lat="52.083588" lon="14.000136"><ele>47.75</ele></trkpt>
   <trkpt lat="52.083652" lon="13.999943"><ele>47.5</ele></trkpt>
   <trkpt lat="52.084642" lon="13.998132"><ele>46.75</ele></trkpt>
   <trkpt lat="52.08474" lon="13.997921"><ele>46.5</ele></trkpt>
   <trkpt lat="52.084811" lon="13.997807"><ele>46.25</ele></trkpt>
   <trkpt lat="52.086429" lon="13.995865"><ele>48</ele></trkpt>
   <trkpt lat="52.086463" lon="13.995825"><ele>48</ele></trkpt>
   <trkpt lat="52.086946" lon="13.995244"><ele>49</ele></trkpt>
   <trkpt lat="52.087518" lon="13.99454"><ele>48.75</ele></trkpt>
   <trkpt lat="52.087761" lon="13.994376"><ele>48</ele></trkpt>
   <trkpt lat="52.087769" lon="13.994316"><ele>48</ele></trkpt>
   <trkpt lat="52.088001" lon="13.994302"><ele>48</ele></trkpt>
   <trkpt lat="52.088232" lon="13.994264"><ele>48</ele></trkpt>
   <trkpt lat="52.088596" lon="13.994212"><ele>48</ele></trkpt>
   <trkpt lat="52.088899" lon="13.994087"><ele>47.5</ele></trkpt>
   <trkpt lat="52.089307" lon="13.993824"><ele>47</ele></trkpt>
   <trkpt lat="52.089439" lon="13.993714"><ele>47</ele></trkpt>
   <trkpt lat="52.089737" lon="13.993496"><ele>46.75</ele></trkpt>
   <trkpt lat="52.089882" lon="13.993369"><ele>46.75</ele></trkpt>
   <trkpt lat="52.090062" lon="13.993149"><ele>47</ele></trkpt>
   <trkpt lat="52.090217" lon="13.992902"><ele>47</ele></trkpt>
   <trkpt lat="52.090427" lon="13.992517"><ele>47</ele></trkpt>
   <trkpt lat="52.090501" lon="13.99238"><ele>47</ele></trkpt>
   <trkpt lat="52.090752" lon="13.991925"><ele>47</ele></trkpt>
   <trkpt lat="52.090889" lon="13.991651"><ele>47</ele></trkpt>
   <trkpt lat="52.091204" lon="13.991023"><ele>47.25</ele></trkpt>
   <trkpt lat="52.091489" lon="13.990363"><ele>47.75</ele></trkpt>
   <trkpt lat="52.091645" lon="13.990075"><ele>48</ele></trkpt>
   <trkpt lat="52.091841" lon="13.989868"><ele>48</ele></trkpt>
   <trkpt lat="52.092148" lon="13.989652"><ele>47.25</ele></trkpt>
   <trkpt lat="52.092316" lon="13.989611"><ele>47</ele></trkpt>
   <trkpt lat="52.092538" lon="13.989708"><ele>46</ele></trkpt>
   <trkpt lat="52.092877" lon="13.990012"><ele>44.5</ele></trkpt>
   <trkpt lat="52.093017" lon="13.99018"><ele>44.5</ele></trkpt>
   <trkpt lat="52.093095" lon="13.990273"><ele>44.75</ele></trkpt>
   <trkpt lat="52.093187" lon="13.990319"><ele>45</ele></trkpt>
   <trkpt lat="52.093361" lon="13.990361"><ele>45</ele></trkpt>
   <trkpt lat="52.093534" lon="13.990338"><ele>45</ele></trkpt>
   <trkpt lat="52.093881" lon="13.990298"><ele>45</ele></trkpt>
   <trkpt lat="52.09431" lon="13.990224"><ele>45</ele></trkpt>
   <trkpt lat="52.094729" lon="13.990065"><ele>44.75</ele></trkpt>
   <trkpt lat="52.094792" lon="13.990019"><ele>44.75</ele></trkpt>
   <trkpt lat="52.094873" lon="13.989818"><ele>44.5</ele></trkpt>
   <trkpt lat="52.094959" lon="13.989474"><ele>44.75</ele></trkpt>
   <trkpt lat="52.09529" lon="13.987779"><ele>46</ele></trkpt>
   <trkpt lat="52.095368" lon="13.987066"><ele>45.25</ele></trkpt>
   <trkpt lat="52.09541" lon="13.986068"><ele>45.75</ele></trkpt>
   <trkpt lat="52.095526" lon="13.984598"><ele>45.75</ele></trkpt>
   <trkpt lat="52.095531" lon="13.983621"><ele>44.75</ele></trkpt>
   <trkpt lat="52.095446" lon="13.982859"><ele>45</ele></trkpt>
   <trkpt lat="52.095375" lon="13.982436"><ele>44.75</ele></trkpt>
   <trkpt lat="52.095366" lon="13.982231"><ele>45.5</ele></trkpt>
   <trkpt lat="52.095285" lon="13.98214"><ele>45</ele></trkpt>
   <trkpt lat="52.095206" lon="13.981897"><ele>44.75</ele></trkpt>
   <trkpt lat="52.095076" lon="13.980973"><ele>44.75</ele></trkpt>
   <trkpt lat="52.095073" lon="13.979685"><ele>45.25</ele></trkpt>
   <trkpt lat="52.09518" lon="13.978576"><ele>45.75</ele></trkpt>
   <trkpt lat="52.095263" lon="13.978185"><ele>45.25</ele></trkpt>
   <trkpt lat="52.095414" lon="13.977807"><ele>45.5</ele></trkpt>
   <trkpt lat="52.095723" lon="13.977486"><ele>45.5</ele></trkpt>
   <trkpt lat="52.0959" lon="13.977278"><ele>45.75</ele></trkpt>
   <trkpt lat="52.096058" lon="13.976972"><ele>45.5</ele></trkpt>
   <trkpt lat="52.096194" lon="13.976345"><ele>45.5</ele></trkpt>
   <trkpt lat="52.095814" lon="13.975246"><ele>45.75</ele></trkpt>
   <trkpt lat="52.095757" lon="13.974971"><ele>45.5</ele></trkpt>
   <trkpt lat="52.09568" lon="13.974605"><ele>46.25</ele></trkpt>
   <trkpt lat="52.095373" lon="13.970739"><ele>46.75</ele></trkpt>
   <trkpt lat="52.09541" lon="13.968331"><ele>47</ele></trkpt>
   <trkpt lat="52.095411" lon="13.968116"><ele>47.25</ele></trkpt>
   <trkpt lat="52.095426" lon="13.962942"><ele>47</ele></trkpt>
   <trkpt lat="52.095378" lon="13.960458"><ele>46.5</ele></trkpt>
   <trkpt lat="52.095375" lon="13.960426"><ele>46.5</ele></trkpt>
   <trkpt lat="52.09537" lon="13.960386"><ele>46.5</ele></trkpt>
   <trkpt lat="52.095245" lon="13.96025"><ele>46.75</ele></trkpt>
   <trkpt lat="52.094976" lon="13.958905"><ele>46</ele></trkpt>
   <trkpt lat="52.094935" lon="13.958746"><ele>46.75</ele></trkpt>
   <trkpt lat="52.094814" lon="13.958381"><ele>46.75</ele></trkpt>
   <trkpt lat="52.094664" lon="13.957547"><ele>47</ele></trkpt>
   <trkpt lat="52.094463" lon="13.956702"><ele>46</ele></trkpt>
   <trkpt lat="52.094342" lon="13.956219"><ele>46</ele></trkpt>
   <trkpt lat="52.094234" lon="13.955526"><ele>46</ele></trkpt>
   <trkpt lat="52.094156" lon="13.954837"><ele>46</ele></trkpt>
   <trkpt lat="52.093899" lon="13.953108"><ele>46.75</ele></trkpt>
   <trkpt lat="52.093796" lon="13.952188"><ele>46</ele></trkpt>
   <trkpt lat="52.093778" lon="13.9521"><ele>46</ele></trkpt>
   <trkpt lat="52.093895" lon="13.95206"><ele>46</ele></trkpt>
   <trkpt lat="52.093834" lon="13.948927"><ele>47</ele></trkpt>
   <trkpt lat="52.093844" lon="13.947036"><ele>46.75</ele></trkpt>
   <trkpt lat="52.093854" lon="13.945269"><ele>47</ele></trkpt>
   <trkpt lat="52.093823" lon="13.943056"><ele>46.75</ele></trkpt>
   <trkpt lat="52.093797" lon="13.941178"><ele>46</ele></trkpt>
   <trkpt lat="52.093755" lon="13.937018"><ele>46</ele></trkpt>
   <trkpt lat="52.093809" lon="13.934633"><ele>46</ele></trkpt>
   <trkpt lat="52.093446" lon="13.931502"><ele>46</ele></trkpt>
   <trkpt lat="52.093327" lon="13.928637"><ele>46</ele></trkpt>
   <trkpt lat="52.093299" lon="13.928542"><ele>46</ele></trkpt>
   <trkpt lat="52.092871" lon="13.92782"><ele>46</ele></trkpt>
   <trkpt lat="52.092726" lon="13.92761"><ele>46</ele></trkpt>
   <trkpt lat="52.092703" lon="13.927522"><ele>46</ele></trkpt>
   <trkpt lat="52.092677" lon="13.926888"><ele>46</ele></trkpt>
   <trkpt lat="52.092657" lon="13.926565"><ele>46</ele></trkpt>
   <trkpt lat="52.092637" lon="13.926252"><ele>46</ele></trkpt>
   <trkpt lat="52.092604" lon="13.92607"><ele>46</ele></trkpt>
   <trkpt lat="52.09254" lon="13.925891"><ele>46</ele></trkpt>
   <trkpt lat="52.092474" lon="13.925521"><ele>46</ele></trkpt>
   <trkpt lat="52.09244" lon="13.924836"><ele>46</ele></trkpt>
   <trkpt lat="52.092468" lon="13.924833"><ele>46</ele></trkpt>
   <trkpt lat="52.092803" lon="13.9248"><ele>46</ele></trkpt>
   <trkpt lat="52.097145" lon="13.924287"><ele>46.5</ele></trkpt>
   <trkpt lat="52.097284" lon="13.923954"><ele>46.75</ele></trkpt>
   <trkpt lat="52.097316" lon="13.921849"><ele>46.25</ele></trkpt>
   <trkpt lat="52.09865" lon="13.918628"><ele>45</ele></trkpt>
   <trkpt lat="52.098439" lon="13.91761"><ele>45.25</ele></trkpt>
   <trkpt lat="52.098264" lon="13.916426"><ele>44.75</ele></trkpt>
   <trkpt lat="52.097401" lon="13.911362"><ele>45</ele></trkpt>
   <trkpt lat="52.097802" lon="13.911092"><ele>45</ele></trkpt>
   <trkpt lat="52.098636" lon="13.910459"><ele>45</ele></trkpt>
   <trkpt lat="52.099013" lon="13.910158"><ele>45.25</ele></trkpt>
   <trkpt lat="52.099406" lon="13.909695"><ele>45</ele></trkpt>
   <trkpt lat="52.100891" lon="13.907835"><ele>45.5</ele></trkpt>
   <trkpt lat="52.101245" lon="13.907344"><ele>45</ele></trkpt>
   <trkpt lat="52.101319" lon="13.907245"><ele>45</ele></trkpt>
   <trkpt lat="52.101368" lon="13.907221"><ele>44.75</ele></trkpt>
   <trkpt lat="52.101422" lon="13.907231"><ele>44.75</ele></trkpt>
   <trkpt lat="52.101508" lon="13.907314"><ele>44.5</ele></trkpt>
   <trkpt lat="52.101974" lon="13.907678"><ele>45</ele></trkpt>
   <trkpt lat="52.102802" lon="13.908133"><ele>45</ele></trkpt>
   <trkpt lat="52.103187" lon="13.908367"><ele>45</ele></trkpt>
   <trkpt lat="52.103341" lon="13.908433"><ele>45.25</ele></trkpt>
   <trkpt lat="52.103394" lon="13.90818"><ele>44.25</ele></trkpt>
   <trkpt lat="52.103435" lon="13.908022"><ele>44</ele></trkpt>
   <trkpt lat="52.103598" lon="13.907592"><ele>44</ele></trkpt>
   <trkpt lat="52.10376" lon="13.907213"><ele>43.75</ele></trkpt>
   <trkpt lat="52.103773" lon="13.907051"><ele>43.5</ele></trkpt>
   <trkpt lat="52.103836" lon="13.906869"><ele>43</ele></trkpt>
   <trkpt lat="52.103879" lon="13.906755"><ele>43</ele></trkpt>
   <trkpt lat="52.103949" lon="13.906639"><ele>43.25</ele></trkpt>
   <trkpt lat="52.104" lon="13.906597"><ele>43.5</ele></trkpt>
   <trkpt lat="52.104193" lon="13.90655"><ele>43.75</ele></trkpt>
   <trkpt lat="52.104299" lon="13.90634"><ele>43.5</ele></trkpt>
   <trkpt lat="52.104342" lon="13.906129"><ele>43.5</ele></trkpt>
   <trkpt lat="52.104341" lon="13.905939"><ele>43.75</ele></trkpt>
   <trkpt lat="52.104343" lon="13.905722"><ele>44</ele></trkpt>
   <trkpt lat="52.104335" lon="13.905487"><ele>44</ele></trkpt>
   <trkpt lat="52.104295" lon="13.905002"><ele>44</ele></trkpt>
   <trkpt lat="52.104298" lon="13.904882"><ele>44</ele></trkpt>
   <trkpt lat="52.104266" lon="13.904143"><ele>44</ele></trkpt>
   <trkpt lat="52.104262" lon="13.903794"><ele>44</ele></trkpt>
   <trkpt lat="52.10428" lon="13.902486"><ele>44</ele></trkpt>
   <trkpt lat="52.104276" lon="13.902398"><ele>44</ele></trkpt>
   <trkpt lat="52.104298" lon="13.901613"><ele>44.25</ele></trkpt>
   <trkpt lat="52.104299" lon="13.901511"><ele>44.25</ele></trkpt>
   <trkpt lat="52.104318" lon="13.901463"><ele>44.5</ele></trkpt>
   <trkpt lat="52.104435" lon="13.901203"><ele>44.5</ele></trkpt>
   <trkpt lat="52.104461" lon="13.901147"><ele>44.75</ele></trkpt>
   <trkpt lat="52.104773" lon="13.901453"><ele>44.75</ele></trkpt>
   <trkpt lat="52.105054" lon="13.901805"><ele>44.5</ele></trkpt>
   <trkpt lat="52.105467" lon="13.900926"><ele>46</ele></trkpt>
   <trkpt lat="52.105635" lon="13.900585"><ele>46</ele></trkpt>
   <trkpt lat="52.105715" lon="13.900459"><ele>46</ele></trkpt>
   <trkpt lat="52.106102" lon="13.899919"><ele>46</ele></trkpt>
   <trkpt lat="52.106183" lon="13.89985"><ele>46</ele></trkpt>
   <trkpt lat="52.106245" lon="13.899797"><ele>46</ele></trkpt>
   <trkpt lat="52.107104" lon="13.898406"><ele>45.25</ele></trkpt>
   <trkpt lat="52.107086" lon="13.898361"><ele>45.25</ele></trkpt>
   <trkpt lat="52.106912" lon="13.897773"><ele>45</ele></trkpt>
   <trkpt lat="52.105567" lon="13.892343"><ele>45</ele></trkpt>
   <trkpt lat="52.105117" lon="13.890426"><ele>45.5</ele></trkpt>
   <trkpt lat="52.104849" lon="13.889427"><ele>45.5</ele></trkpt>
   <trkpt lat="52.104701" lon="13.88866"><ele>45</ele></trkpt>
   <trkpt lat="52.104564" lon="13.887604"><ele>45</ele></trkpt>
   <trkpt lat="52.104371" lon="13.886936"><ele>45</ele></trkpt>
   <trkpt lat="52.10412" lon="13.886402"><ele>45</ele></trkpt>
   <trkpt lat="52.103065" lon="13.884376"><ele>45</ele></trkpt>
   <trkpt lat="52.102854" lon="13.884116"><ele>45.75</ele></trkpt>
   <trkpt lat="52.102778" lon="13.884088"><ele>45.75</ele></trkpt>
   <trkpt lat="52.102796" lon="13.883397"><ele>45.25</ele></trkpt>
   <trkpt lat="52.102796" lon="13.883068"><ele>45</ele></trkpt>
   <trkpt lat="52.102776" lon="13.882788"><ele>45.75</ele></trkpt>
   <trkpt lat="52.10277" lon="13.882708"><ele>45.75</ele></trkpt>
   <trkpt lat="52.102723" lon="13.882407"><ele>45.5</ele></trkpt>
   <trkpt lat="52.102569" lon="13.881693"><ele>45</ele></trkpt>
   <trkpt lat="52.102496" lon="13.881357"><ele>45</ele></trkpt>
   <trkpt lat="52.102371" lon="13.880841"><ele>45</ele></trkpt>
   <trkpt lat="52.102291" lon="13.880568"><ele>45</ele></trkpt>
   <trkpt lat="52.102103" lon="13.88001"><ele>45</ele></trkpt>
   <trkpt lat="52.101799" lon="13.879174"><ele>45</ele></trkpt>
   <trkpt lat="52.101621" lon="13.87865"><ele>45</ele></trkpt>
   <trkpt lat="52.101525" lon="13.878307"><ele>45</ele></trkpt>
   <trkpt lat="52.10106" lon="13.876235"><ele>45</ele></trkpt>
   <trkpt lat="52.100942" lon="13.875837"><ele>45</ele></trkpt>
   <trkpt lat="52.099892" lon="13.873062"><ele>45</ele></trkpt>
   <trkpt lat="52.099791" lon="13.872844"><ele>45</ele></trkpt>
   <trkpt lat="52.099668" lon="13.872744"><ele>45</ele></trkpt>
   <trkpt lat="52.099775" lon="13.872649"><ele>45</ele></trkpt>
   <trkpt lat="52.100724" lon="13.872461"><ele>45.25</ele></trkpt>
   <trkpt lat="52.103531" lon="13.871828"><ele>45</ele></trkpt>
   <trkpt lat="52.103574" lon="13.871769"><ele>45</ele></trkpt>
   <trkpt lat="52.103591" lon="13.871667"><ele>45</ele></trkpt>
   <trkpt lat="52.103584" lon="13.871528"><ele>45.25</ele></trkpt>
   <trkpt lat="52.103518" lon="13.87134"><ele>46</ele></trkpt>
   <trkpt lat="52.103426" lon="13.871136"><ele>46</ele></trkpt>
   <trkpt lat="52.103406" lon="13.871029"><ele>45.75</ele></trkpt>
   <trkpt lat="52.103433" lon="13.870927"><ele>45.5</ele></trkpt>
   <trkpt lat="52.104032" lon="13.869548"><ele>45.5</ele></trkpt>
   <trkpt lat="52.104655" lon="13.868148"><ele>46.25</ele></trkpt>
   <trkpt lat="52.105973" lon="13.865262"><ele>48</ele></trkpt>
   <trkpt lat="52.106671" lon="13.864372"><ele>48.25</ele></trkpt>
   <trkpt lat="52.107817" lon="13.862837"><ele>46</ele></trkpt>
   <trkpt lat="52.109189" lon="13.861046"><ele>48.75</ele></trkpt>
   <trkpt lat="52.110345" lon="13.859426"><ele>46.25</ele></trkpt>
   <trkpt lat="52.11109" lon="13.858422"><ele>46</ele></trkpt>
   <trkpt lat="52.111337" lon="13.858025"><ele>46.5</ele></trkpt>
   <trkpt lat="52.111905" lon="13.85739"><ele>47.75</ele></trkpt>
   <trkpt lat="52.113415" lon="13.855274"><ele>46.75</ele></trkpt>
   <trkpt lat="52.114101" lon="13.854399"><ele>47.25</ele></trkpt>
   <trkpt lat="52.116301" lon="13.851406"><ele>49.5</ele></trkpt>
   <trkpt lat="52.11691" lon="13.850602"><ele>47.75</ele></trkpt>
   <trkpt lat="52.117764" lon="13.849475"><ele>47</ele></trkpt>
   <trkpt lat="52.120283" lon="13.846084"><ele>46.75</ele></trkpt>
   <trkpt lat="52.124058" lon="13.841111"><ele>46.75</ele></trkpt>
   <trkpt lat="52.124431" lon="13.840623"><ele>46</ele></trkpt>
   <trkpt lat="52.124473" lon="13.8405"><ele>45.75</ele></trkpt>
   <trkpt lat="52.124604" lon="13.840564"><ele>45.75</ele></trkpt>
   <trkpt lat="52.124725" lon="13.840642"><ele>45.5</ele></trkpt>
   <trkpt lat="52.124778" lon="13.840689"><ele>45.5</ele></trkpt>
   <trkpt lat="52.124964" lon="13.840921"><ele>45.75</ele></trkpt>
   <trkpt lat="52.125202" lon="13.841267"><ele>46</ele></trkpt>
   <trkpt lat="52.12639" lon="13.843262"><ele>46.5</ele></trkpt>
   <trkpt lat="52.126808" lon="13.843948"><ele>45.75</ele></trkpt>
   <trkpt lat="52.127535" lon="13.845225"><ele>47.75</ele></trkpt>
   <trkpt lat="52.128804" lon="13.849215"><ele>47</ele></trkpt>
   <trkpt lat="52.129368" lon="13.851012"><ele>47.25</ele></trkpt>
   <trkpt lat="52.129622" lon="13.851792"><ele>47</ele></trkpt>
   <trkpt lat="52.130632" lon="13.85497"><ele>47</ele></trkpt>
   <trkpt lat="52.130737" lon="13.855222"><ele>47.5</ele></trkpt>
   <trkpt lat="52.1311" lon="13.855951"><ele>48.25</ele></trkpt>
   <trkpt lat="52.131158" lon="13.856127"><ele>48.5</ele></trkpt>
   <trkpt lat="52.131191" lon="13.856312"><ele>48.25</ele></trkpt>
   <trkpt lat="52.131332" lon="13.857399"><ele>47</ele></trkpt>
   <trkpt lat="52.131497" lon="13.858478"><ele>46</ele></trkpt>
   <trkpt lat="52.131553" lon="13.858885"><ele>46.5</ele></trkpt>
   <trkpt lat="52.131897" lon="13.858103"><ele>46</ele></trkpt>
   <trkpt lat="52.132065" lon="13.857671"><ele>46</ele></trkpt>
   <trkpt lat="52.132519" lon="13.85629"><ele>46</ele></trkpt>
   <trkpt lat="52.132955" lon="13.854925"><ele>47.25</ele></trkpt>
   <trkpt lat="52.133189" lon="13.854142"><ele>47.25</ele></trkpt>
   <trkpt lat="52.133587" lon="13.85296"><ele>47</ele></trkpt>
   <trkpt lat="52.133667" lon="13.852755"><ele>46.75</ele></trkpt>
   <trkpt lat="52.133909" lon="13.852185"><ele>46.75</ele></trkpt>
   <trkpt lat="52.134398" lon="13.850949"><ele>46</ele></trkpt>
   <trkpt lat="52.135773" lon="13.848512"><ele>46.25</ele></trkpt>
   <trkpt lat="52.136632" lon="13.846958"><ele>45.75</ele></trkpt>
   <trkpt lat="52.137076" lon="13.846403"><ele>45.5</ele></trkpt>
   <trkpt lat="52.137228" lon="13.84618"><ele>46</ele></trkpt>
   <trkpt lat="52.137661" lon="13.845597"><ele>45.5</ele></trkpt>
   <trkpt lat="52.137891" lon="13.845314"><ele>45.25</ele></trkpt>
   <trkpt lat="52.138117" lon="13.844986"><ele>45</ele></trkpt>
   <trkpt lat="52.138225" lon="13.844845"><ele>45.5</ele></trkpt>
   <trkpt lat="52.138463" lon="13.844613"><ele>45.75</ele></trkpt>
   <trkpt lat="52.138667" lon="13.844397"><ele>45.75</ele></trkpt>
   <trkpt lat="52.138862" lon="13.844235"><ele>45.75</ele></trkpt>
   <trkpt lat="52.139328" lon="13.84387"><ele>45.5</ele></trkpt>
   <trkpt lat="52.139698" lon="13.843544"><ele>45.5</ele></trkpt>
   <trkpt lat="52.140598" lon="13.842747"><ele>46</ele></trkpt>
   <trkpt lat="52.141076" lon="13.842353"><ele>45.25</ele></trkpt>
   <trkpt lat="52.141254" lon="13.842226"><ele>45.5</ele></trkpt>
   <trkpt lat="52.141462" lon="13.84204"><ele>45.25</ele></trkpt>
   <trkpt lat="52.142201" lon="13.841647"><ele>44.75</ele></trkpt>
   <trkpt lat="52.142603" lon="13.841398"><ele>45</ele></trkpt>
   <trkpt lat="52.142906" lon="13.841196"><ele>45</ele></trkpt>
   <trkpt lat="52.143098" lon="13.841038"><ele>45</ele></trkpt>
   <trkpt lat="52.143261" lon="13.840859"><ele>45</ele></trkpt>
   <trkpt lat="52.143477" lon="13.840616"><ele>45</ele></trkpt>
   <trkpt lat="52.143914" lon="13.840025"><ele>45</ele></trkpt>
   <trkpt lat="52.144082" lon="13.839775"><ele>45</ele></trkpt>
   <trkpt lat="52.144536" lon="13.8391"><ele>45.25</ele></trkpt>
   <trkpt lat="52.145026" lon="13.838342"><ele>46</ele></trkpt>
   <trkpt lat="52.145383" lon="13.837835"><ele>46</ele></trkpt>
   <trkpt lat="52.145815" lon="13.837282"><ele>46</ele></trkpt>
   <trkpt lat="52.146086" lon="13.836959"><ele>46</ele></trkpt>
   <trkpt lat="52.146183" lon="13.836854"><ele>45.75</ele></trkpt>
   <trkpt lat="52.146611" lon="13.836401"><ele>46</ele></trkpt>
   <trkpt lat="52.146722" lon="13.836325"><ele>45.75</ele></trkpt>
   <trkpt lat="52.146781" lon="13.836296"><ele>45.75</ele></trkpt>
   <trkpt lat="52.146813" lon="13.836264"><ele>45.75</ele></trkpt>
   <trkpt lat="52.14689" lon="13.836265"><ele>45.75</ele></trkpt>
   <trkpt lat="52.146933" lon="13.836254"><ele>45.75</ele></trkpt>
   <trkpt lat="52.147049" lon="13.836164"><ele>45.5</ele></trkpt>
   <trkpt lat="52.147166" lon="13.836399"><ele>46</ele></trkpt>
   <trkpt lat="52.147253" lon="13.836302"><ele>45.5</ele></trkpt>
   <trkpt lat="52.147391" lon="13.836221"><ele>45</ele></trkpt>
   <trkpt lat="52.147689" lon="13.836078"><ele>45</ele></trkpt>
   <trkpt lat="52.148032" lon="13.835893"><ele>44</ele></trkpt>
   <trkpt lat="52.148094" lon="13.835849"><ele>44</ele></trkpt>
   <trkpt lat="52.148225" lon="13.835744"><ele>44</ele></trkpt>
   <trkpt lat="52.149428" lon="13.834607"><ele>43.5</ele></trkpt>
   <trkpt lat="52.149667" lon="13.834326"><ele>43.75</ele></trkpt>
   <trkpt lat="52.149793" lon="13.834207"><ele>44</ele></trkpt>
   <trkpt lat="52.1499" lon="13.834129"><ele>44</ele></trkpt>
   <trkpt lat="52.150077" lon="13.834037"><ele>43.75</ele></trkpt>
   <trkpt lat="52.150628" lon="13.833881"><ele>44.25</ele></trkpt>
   <trkpt lat="52.150812" lon="13.833838"><ele>44.75</ele></trkpt>
   <trkpt lat="52.150962" lon="13.833779"><ele>45</ele></trkpt>
   <trkpt lat="52.151093" lon="13.833709"><ele>45</ele></trkpt>
   <trkpt lat="52.151532" lon="13.833353"><ele>45</ele></trkpt>
   <trkpt lat="52.153832" lon="13.831362"><ele>44.75</ele></trkpt>
   <trkpt lat="52.154508" lon="13.830766"><ele>44</ele></trkpt>
   <trkpt lat="52.155313" lon="13.830095"><ele>43.75</ele></trkpt>
   <trkpt lat="52.156011" lon="13.829473"><ele>44</ele></trkpt>
   <trkpt lat="52.157712" lon="13.828032"><ele>44</ele></trkpt>
   <trkpt lat="52.157799" lon="13.827932"><ele>44</ele></trkpt>
   <trkpt lat="52.158136" lon="13.827653"><ele>44.25</ele></trkpt>
   <trkpt lat="52.160569" lon="13.82549"><ele>44</ele></trkpt>
   <trkpt lat="52.161353" lon="13.824854"><ele>44</ele></trkpt>
   <trkpt lat="52.166199" lon="13.820668"><ele>44.25</ele></trkpt>
   <trkpt lat="52.166225" lon="13.820646"><ele>44.25</ele></trkpt>
   <trkpt lat="52.170007" lon="13.817379"><ele>44.25</ele></trkpt>
   <trkpt lat="52.170097" lon="13.817301"><ele>44.25</ele></trkpt>
   <trkpt lat="52.170774" lon="13.816716"><ele>44</ele></trkpt>
   <trkpt lat="52.174022" lon="13.81391"><ele>44</ele></trkpt>
   <trkpt lat="52.174507" lon="13.81349"><ele>44</ele></trkpt>
   <trkpt lat="52.181831" lon="13.807131"><ele>43</ele></trkpt>
   <trkpt lat="52.185445" lon="13.804011"><ele>42.75</ele></trkpt>
   <trkpt lat="52.186759" lon="13.802852"><ele>42.75</ele></trkpt>
   <trkpt lat="52.187244" lon="13.802435"><ele>42</ele></trkpt>
   <trkpt lat="52.188681" lon="13.801199"><ele>41</ele></trkpt>
   <trkpt lat="52.189261" lon="13.800688"><ele>41</ele></trkpt>
   <trkpt lat="52.192354" lon="13.798067"><ele>41</ele></trkpt>
   <trkpt lat="52.194187" lon="13.796462"><ele>42</ele></trkpt>
   <trkpt lat="52.196" lon="13.794874"><ele>43</ele></trkpt>
   <trkpt lat="52.198338" lon="13.792794"><ele>45</ele></trkpt>
   <trkpt lat="52.198677" lon="13.792707"><ele>45</ele></trkpt>
   <trkpt lat="52.199208" lon="13.792572"><ele>45.75</ele></trkpt>
   <trkpt lat="52.202265" lon="13.790925"><ele>39.25</ele></trkpt>
   <trkpt lat="52.203078" lon="13.790457"><ele>38.75</ele></trkpt>
   <trkpt lat="52.203177" lon="13.788473"><ele>39.25</ele></trkpt>
   <trkpt lat="52.202905" lon="13.787728"><ele>39</ele></trkpt>
   <trkpt lat="52.20262" lon="13.786051"><ele>39</ele></trkpt>
   <trkpt lat="52.203473" lon="13.786015"><ele>39.25</ele></trkpt>
   <trkpt lat="52.204697" lon="13.785875"><ele>40.75</ele></trkpt>
   <trkpt lat="52.204834" lon="13.785842"><ele>40.5</ele></trkpt>
   <trkpt lat="52.206398" lon="13.785689"><ele>41</ele></trkpt>
   <trkpt lat="52.206702" lon="13.785612"><ele>40.75</ele></trkpt>
   <trkpt lat="52.207029" lon="13.785578"><ele>40</ele></trkpt>
   <trkpt lat="52.20723" lon="13.785618"><ele>40</ele></trkpt>
   <trkpt lat="52.20743" lon="13.785686"><ele>39.5</ele></trkpt>
   <trkpt lat="52.207636" lon="13.78572"><ele>39.25</ele></trkpt>
   <trkpt lat="52.207838" lon="13.785808"><ele>38.75</ele></trkpt>
   <trkpt lat="52.208339" lon="13.785956"><ele>37.75</ele></trkpt>
   <trkpt lat="52.209055" lon="13.78625"><ele>36</ele></trkpt>
   <trkpt lat="52.209484" lon="13.786459"><ele>36</ele></trkpt>
   <trkpt lat="52.210051" lon="13.786562"><ele>36.75</ele></trkpt>
   <trkpt lat="52.210278" lon="13.786395"><ele>37</ele></trkpt>
   <trkpt lat="52.21045" lon="13.786352"><ele>37.5</ele></trkpt>
   <trkpt lat="52.213846" lon="13.784539"><ele>36.75</ele></trkpt>
   <trkpt lat="52.213911" lon="13.784414"><ele>36.5</ele></trkpt>
   <trkpt lat="52.214039" lon="13.784189"><ele>36</ele></trkpt>
   <trkpt lat="52.214048" lon="13.784174"><ele>36</ele></trkpt>
   <trkpt lat="52.214438" lon="13.783581"><ele>37.75</ele></trkpt>
   <trkpt lat="52.214798" lon="13.78305"><ele>39</ele></trkpt>
   <trkpt lat="52.214935" lon="13.78284"><ele>39</ele></trkpt>
   <trkpt lat="52.215144" lon="13.782528"><ele>39</ele></trkpt>
   <trkpt lat="52.215989" lon="13.781399"><ele>38</ele></trkpt>
   <trkpt lat="52.2166" lon="13.780578"><ele>37</ele></trkpt>
   <trkpt lat="52.217626" lon="13.779296"><ele>36</ele></trkpt>
   <trkpt lat="52.217849" lon="13.77899"><ele>36.25</ele></trkpt>
   <trkpt lat="52.217983" lon="13.778769"><ele>36.25</ele></trkpt>
   <trkpt lat="52.218081" lon="13.778508"><ele>36</ele></trkpt>
   <trkpt lat="52.218144" lon="13.778284"><ele>36.25</ele></trkpt>
   <trkpt lat="52.218733" lon="13.776119"><ele>37</ele></trkpt>
   <trkpt lat="52.21887" lon="13.775609"><ele>37</ele></trkpt>
   <trkpt lat="52.2189" lon="13.775525"><ele>37</ele></trkpt>
   <trkpt lat="52.218963" lon="13.775443"><ele>37.25</ele></trkpt>
   <trkpt lat="52.219175" lon="13.775336"><ele>37</ele></trkpt>
   <trkpt lat="52.220247" lon="13.77447"><ele>37</ele></trkpt>
   <trkpt lat="52.220328" lon="13.774406"><ele>37</ele></trkpt>
   <trkpt lat="52.220432" lon="13.774324"><ele>37</ele></trkpt>
   <trkpt lat="52.221416" lon="13.773551"><ele>37</ele></trkpt>
   <trkpt lat="52.221826" lon="13.773233"><ele>36.75</ele></trkpt>
   <trkpt lat="52.221771" lon="13.773028"><ele>36.5</ele></trkpt>
   <trkpt lat="52.222054" lon="13.77209"><ele>35</ele></trkpt>
   <trkpt lat="52.222127" lon="13.771813"><ele>35</ele></trkpt>
   <trkpt lat="52.22215" lon="13.771732"><ele>35</ele></trkpt>
   <trkpt lat="52.222393" lon="13.770793"><ele>35.5</ele></trkpt>
   <trkpt lat="52.222511" lon="13.770269"><ele>35.75</ele></trkpt>
   <trkpt lat="52.222595" lon="13.769887"><ele>35.25</ele></trkpt>
   <trkpt lat="52.222731" lon="13.769284"><ele>35.25</ele></trkpt>
   <trkpt lat="52.222835" lon="13.768822"><ele>35</ele></trkpt>
   <trkpt lat="52.222893" lon="13.768573"><ele>35</ele></trkpt>
   <trkpt lat="52.222925" lon="13.76844"><ele>35</ele></trkpt>
   <trkpt lat="52.223103" lon="13.767798"><ele>35.75</ele></trkpt>
   <trkpt lat="52.223149" lon="13.76756"><ele>36</ele></trkpt>
   <trkpt lat="52.223186" lon="13.767292"><ele>36</ele></trkpt>
   <trkpt lat="52.223197" lon="13.766694"><ele>36.25</ele></trkpt>
   <trkpt lat="52.223215" lon="13.766506"><ele>36.75</ele></trkpt>
   <trkpt lat="52.223251" lon="13.766387"><ele>37</ele></trkpt>
   <trkpt lat="52.223268" lon="13.76635"><ele>37</ele></trkpt>
   <trkpt lat="52.223506" lon="13.766186"><ele>36.75</ele></trkpt>
   <trkpt lat="52.223725" lon="13.766062"><ele>37</ele></trkpt>
   <trkpt lat="52.223833" lon="13.766033"><ele>37</ele></trkpt>
   <trkpt lat="52.224162" lon="13.766022"><ele>36</ele></trkpt>
   <trkpt lat="52.224174" lon="13.766055"><ele>35.75</ele></trkpt>
   <trkpt lat="52.224584" lon="13.765523"><ele>35.25</ele></trkpt>
   <trkpt lat="52.224629" lon="13.765479"><ele>35.25</ele></trkpt>
   <trkpt lat="52.224672" lon="13.765468"><ele>35.25</ele></trkpt>
   <trkpt lat="52.224701" lon="13.76551"><ele>35.5</ele></trkpt>
   <trkpt lat="52.224907" lon="13.765963"><ele>35</ele></trkpt>
   <trkpt lat="52.224978" lon="13.766094"><ele>35</ele></trkpt>
   <trkpt lat="52.225066" lon="13.766105"><ele>34.75</ele></trkpt>
   <trkpt lat="52.225194" lon="13.765928"><ele>34.25</ele></trkpt>
   <trkpt lat="52.225302" lon="13.765714"><ele>34</ele></trkpt>
   <trkpt lat="52.225537" lon="13.765443"><ele>34</ele></trkpt>
   <trkpt lat="52.22588" lon="13.765461"><ele>34.5</ele></trkpt>
   <trkpt lat="52.226083" lon="13.765526"><ele>38</ele></trkpt>
   <trkpt lat="52.226109" lon="13.765676"><ele>38</ele></trkpt>
   <trkpt lat="52.22613" lon="13.765602"><ele>38.25</ele></trkpt>
   <trkpt lat="52.22636" lon="13.76481"><ele>37.25</ele></trkpt>
   <trkpt lat="52.226541" lon="13.764175"><ele>36.75</ele></trkpt>
   <trkpt lat="52.226733" lon="13.763562"><ele>37</ele></trkpt>
   <trkpt lat="52.226813" lon="13.763628"><ele>37</ele></trkpt>
   <trkpt lat="52.227094" lon="13.763819"><ele>37</ele></trkpt>
   <trkpt lat="52.227224" lon="13.763422"><ele>37</ele></trkpt>
   <trkpt lat="52.231321" lon="13.758225"><ele>36.5</ele></trkpt>
   <trkpt lat="52.2335" lon="13.755346"><ele>36.75</ele></trkpt>
   <trkpt lat="52.233589" lon="13.755183"><ele>37</ele></trkpt>
   <trkpt lat="52.233712" lon="13.754915"><ele>37</ele></trkpt>
   <trkpt lat="52.234242" lon="13.753766"><ele>36</ele></trkpt>
   <trkpt lat="52.23543" lon="13.751897"><ele>36</ele></trkpt>
   <trkpt lat="52.236877" lon="13.749623"><ele>36</ele></trkpt>
   <trkpt lat="52.240165" lon="13.74466"><ele>36</ele></trkpt>
   <trkpt lat="52.240936" lon="13.74346"><ele>36</ele></trkpt>
   <trkpt lat="52.241382" lon="13.742423"><ele>35.25</ele></trkpt>
   <trkpt lat="52.241944" lon="13.740901"><ele>35</ele></trkpt>
   <trkpt lat="52.243058" lon="13.741423"><ele>35</ele></trkpt>
   <trkpt lat="52.24321" lon="13.742306"><ele>35</ele></trkpt>
   <trkpt lat="52.243431" lon="13.742867"><ele>35.75</ele></trkpt>
   <trkpt lat="52.243442" lon="13.742828"><ele>35.75</ele></trkpt>
   <trkpt lat="52.243482" lon="13.742694"><ele>36</ele></trkpt>
   <trkpt lat="52.243777" lon="13.741395"><ele>36</ele></trkpt>
   <trkpt lat="52.243992" lon="13.740722"><ele>36.25</ele></trkpt>
   <trkpt lat="52.244075" lon="13.740272"><ele>35.75</ele></trkpt>
   <trkpt lat="52.244445" lon="13.739172"><ele>35</ele></trkpt>
   <trkpt lat="52.24451" lon="13.738925"><ele>35</ele></trkpt>
   <trkpt lat="52.24479" lon="13.738043"><ele>35</ele></trkpt>
   <trkpt lat="52.245255" lon="13.736645"><ele>35.75</ele></trkpt>
   <trkpt lat="52.245496" lon="13.735942"><ele>36.75</ele></trkpt>
   <trkpt lat="52.245595" lon="13.735625"><ele>36.75</ele></trkpt>
   <trkpt lat="52.245932" lon="13.734965"><ele>35.5</ele></trkpt>
   <trkpt lat="52.246396" lon="13.733953"><ele>36</ele></trkpt>
   <trkpt lat="52.246528" lon="13.733603"><ele>36</ele></trkpt>
   <trkpt lat="52.246785" lon="13.732895"><ele>35.75</ele></trkpt>
   <trkpt lat="52.247205" lon="13.731693"><ele>35</ele></trkpt>
   <trkpt lat="52.24729" lon="13.731354"><ele>36</ele></trkpt>
   <trkpt lat="52.247748" lon="13.730954"><ele>36</ele></trkpt>
   <trkpt lat="52.249109" lon="13.729734"><ele>36</ele></trkpt>
   <trkpt lat="52.249944" lon="13.729013"><ele>35.5</ele></trkpt>
   <trkpt lat="52.250292" lon="13.728718"><ele>35</ele></trkpt>
   <trkpt lat="52.250495" lon="13.728507"><ele>35</ele></trkpt>
   <trkpt lat="52.251159" lon="13.727989"><ele>35</ele></trkpt>
   <trkpt lat="52.251341" lon="13.724322"><ele>36.5</ele></trkpt>
   <trkpt lat="52.251358" lon="13.723963"><ele>36</ele></trkpt>
   <trkpt lat="52.251429" lon="13.721986"><ele>37</ele></trkpt>
   <trkpt lat="52.251578" lon="13.721975"><ele>37</ele></trkpt>
   <trkpt lat="52.251763" lon="13.72187"><ele>37</ele></trkpt>
   <trkpt lat="52.251852" lon="13.721776"><ele>37</ele></trkpt>
   <trkpt lat="52.252029" lon="13.721634"><ele>36.5</ele></trkpt>
   <trkpt lat="52.252051" lon="13.721556"><ele>36.75</ele></trkpt>
   <trkpt lat="52.252075" lon="13.721382"><ele>37</ele></trkpt>
   <trkpt lat="52.251979" lon="13.721013"><ele>37</ele></trkpt>
   <trkpt lat="52.251992" lon="13.720253"><ele>37</ele></trkpt>
   <trkpt lat="52.251895" lon="13.719155"><ele>37</ele></trkpt>
   <trkpt lat="52.251836" lon="13.71759"><ele>36</ele></trkpt>
   <trkpt lat="52.251578" lon="13.717625"><ele>36</ele></trkpt>
   <trkpt lat="52.250963" lon="13.717661"><ele>36</ele></trkpt>
   <trkpt lat="52.250656" lon="13.71771"><ele>36.25</ele></trkpt>
   <trkpt lat="52.250155" lon="13.717894"><ele>36.5</ele></trkpt>
   <trkpt lat="52.25001" lon="13.716596"><ele>36</ele></trkpt>
   <trkpt lat="52.249839" lon="13.715057"><ele>35</ele></trkpt>
   <trkpt lat="52.249836" lon="13.71499"><ele>35</ele></trkpt>
   <trkpt lat="52.249794" lon="13.714954"><ele>35</ele></trkpt>
   <trkpt lat="52.249662" lon="13.714979"><ele>35</ele></trkpt>
   <trkpt lat="52.249564" lon="13.714892"><ele>35.5</ele></trkpt>
   <trkpt lat="52.249474" lon="13.714922"><ele>35.75</ele></trkpt>
   <trkpt lat="52.24937" lon="13.714995"><ele>35.5</ele></trkpt>
   <trkpt lat="52.249305" lon="13.715014"><ele>35.5</ele></trkpt>
   <trkpt lat="52.249226" lon="13.715009"><ele>35</ele></trkpt>
   <trkpt lat="52.249179" lon="13.714919"><ele>35</ele></trkpt>
   <trkpt lat="52.248407" lon="13.706923"><ele>36.5</ele></trkpt>
   <trkpt lat="52.248725" lon="13.7069"><ele>36</ele></trkpt>
   <trkpt lat="52.25034" lon="13.706789"><ele>36</ele></trkpt>
   <trkpt lat="52.250639" lon="13.70676"><ele>36</ele></trkpt>
   <trkpt lat="52.251352" lon="13.706662"><ele>35.75</ele></trkpt>
   <trkpt lat="52.251607" lon="13.706589"><ele>36</ele></trkpt>
   <trkpt lat="52.251817" lon="13.7064"><ele>36</ele></trkpt>
   <trkpt lat="52.252101" lon="13.706049"><ele>35.75</ele></trkpt>
   <trkpt lat="52.252114" lon="13.705691"><ele>35.5</ele></trkpt>
   <trkpt lat="52.25225" lon="13.702944"><ele>35</ele></trkpt>
   <trkpt lat="52.252313" lon="13.701897"><ele>34.25</ele></trkpt>
   <trkpt lat="52.252334" lon="13.70158"><ele>34</ele></trkpt>
   <trkpt lat="52.252408" lon="13.700739"><ele>34.5</ele></trkpt>
   <trkpt lat="52.252413" lon="13.700584"><ele>34.5</ele></trkpt>
   <trkpt lat="52.252397" lon="13.700078"><ele>34.75</ele></trkpt>
   <trkpt lat="52.252371" lon="13.69982"><ele>35</ele></trkpt>
   <trkpt lat="52.25225" lon="13.698893"><ele>36</ele></trkpt>
   <trkpt lat="52.252077" lon="13.69764"><ele>36</ele></trkpt>
   <trkpt lat="52.251978" lon="13.697073"><ele>36.25</ele></trkpt>
   <trkpt lat="52.251947" lon="13.696901"><ele>36.75</ele></trkpt>
   <trkpt lat="52.251898" lon="13.696619"><ele>36</ele></trkpt>
   <trkpt lat="52.2518" lon="13.695946"><ele>36.5</ele></trkpt>
   <trkpt lat="52.252219" lon="13.695431"><ele>36.5</ele></trkpt>
   <trkpt lat="52.252642" lon="13.694936"><ele>36.25</ele></trkpt>
   <trkpt lat="52.252515" lon="13.692923"><ele>37</ele></trkpt>
   <trkpt lat="52.252499" lon="13.692704"><ele>37</ele></trkpt>
   <trkpt lat="52.25246" lon="13.69185"><ele>37.75</ele></trkpt>
   <trkpt lat="52.252415" lon="13.69127"><ele>37.5</ele></trkpt>
   <trkpt lat="52.252399" lon="13.690413"><ele>38.25</ele></trkpt>
   <trkpt lat="52.252316" lon="13.688394"><ele>38.5</ele></trkpt>
   <trkpt lat="52.252279" lon="13.687488"><ele>37.75</ele></trkpt>
   <trkpt lat="52.252143" lon="13.685147"><ele>37.75</ele></trkpt>
   <trkpt lat="52.252139" lon="13.685093"><ele>37.5</ele></trkpt>
   <trkpt lat="52.251992" lon="13.683026"><ele>37</ele></trkpt>
   <trkpt lat="52.251986" lon="13.682928"><ele>37</ele></trkpt>
   <trkpt lat="52.251795" lon="13.679763"><ele>37.5</ele></trkpt>
   <trkpt lat="52.253027" lon="13.679278"><ele>37.25</ele></trkpt>
   <trkpt lat="52.255191" lon="13.678493"><ele>39</ele></trkpt>
   <trkpt lat="52.255316" lon="13.67843"><ele>39</ele></trkpt>
   <trkpt lat="52.255764" lon="13.678315"><ele>38</ele></trkpt>
   <trkpt lat="52.257428" lon="13.677769"><ele>38</ele></trkpt>
   <trkpt lat="52.258913" lon="13.677297"><ele>38</ele></trkpt>
   <trkpt lat="52.259214" lon="13.67722"><ele>38</ele></trkpt>
   <trkpt lat="52.259577" lon="13.677142"><ele>38</ele></trkpt>
   <trkpt lat="52.26016" lon="13.677057"><ele>38</ele></trkpt>
   <trkpt lat="52.261053" lon="13.676894"><ele>39.75</ele></trkpt>
   <trkpt lat="52.261594" lon="13.676859"><ele>40</ele></trkpt>
   <trkpt lat="52.262037" lon="13.676791"><ele>40</ele></trkpt>
   <trkpt lat="52.262293" lon="13.676782"><ele>40.5</ele></trkpt>
   <trkpt lat="52.262796" lon="13.676768"><ele>40.75</ele></trkpt>
   <trkpt lat="52.263149" lon="13.67673"><ele>40.5</ele></trkpt>
   <trkpt lat="52.263491" lon="13.676645"><ele>40</ele></trkpt>
   <trkpt lat="52.264303" lon="13.676501"><ele>40</ele></trkpt>
   <trkpt lat="52.265292" lon="13.676323"><ele>40</ele></trkpt>
   <trkpt lat="52.265245" lon="13.676039"><ele>40</ele></trkpt>
   <trkpt lat="52.265236" lon="13.675411"><ele>40</ele></trkpt>
   <trkpt lat="52.265246" lon="13.674635"><ele>40</ele></trkpt>
   <trkpt lat="52.265261" lon="13.674369"><ele>40</ele></trkpt>
   <trkpt lat="52.265834" lon="13.672141"><ele>40</ele></trkpt>
   <trkpt lat="52.26593" lon="13.671794"><ele>40</ele></trkpt>
   <trkpt lat="52.266548" lon="13.669543"><ele>40</ele></trkpt>
   <trkpt lat="52.266702" lon="13.669103"><ele>40</ele></trkpt>
   <trkpt lat="52.266851" lon="13.668295"><ele>39.25</ele></trkpt>
   <trkpt lat="52.267016" lon="13.667857"><ele>39</ele></trkpt>
   <trkpt lat="52.267113" lon="13.667479"><ele>39</ele></trkpt>
   <trkpt lat="52.267396" lon="13.666766"><ele>39</ele></trkpt>
   <trkpt lat="52.267542" lon="13.666447"><ele>39</ele></trkpt>
   <trkpt lat="52.267704" lon="13.665694"><ele>39.25</ele></trkpt>
   <trkpt lat="52.26783" lon="13.664823"><ele>40</ele></trkpt>
   <trkpt lat="52.267947" lon="13.664087"><ele>39.5</ele></trkpt>
   <trkpt lat="52.268004" lon="13.663566"><ele>39.5</ele></trkpt>
   <trkpt lat="52.268109" lon="13.663034"><ele>39.25</ele></trkpt>
   <trkpt lat="52.268173" lon="13.662846"><ele>39.75</ele></trkpt>
   <trkpt lat="52.268292" lon="13.661958"><ele>40</ele></trkpt>
   <trkpt lat="52.268377" lon="13.661335"><ele>40</ele></trkpt>
   <trkpt lat="52.268464" lon="13.660326"><ele>40.25</ele></trkpt>
   <trkpt lat="52.268519" lon="13.659966"><ele>40</ele></trkpt>
   <trkpt lat="52.268626" lon="13.659438"><ele>40</ele></trkpt>
   <trkpt lat="52.268725" lon="13.658492"><ele>40</ele></trkpt>
   <trkpt lat="52.268845" lon="13.657696"><ele>39.75</ele></trkpt>
   <trkpt lat="52.268608" lon="13.657825"><ele>39</ele></trkpt>
   <trkpt lat="52.268668" lon="13.65766"><ele>38.75</ele></trkpt>
   <trkpt lat="52.268887" lon="13.657504"><ele>39.75</ele></trkpt>
   <trkpt lat="52.269284" lon="13.657346"><ele>41</ele></trkpt>
   <trkpt lat="52.269519" lon="13.657279"><ele>41.75</ele></trkpt>
   <trkpt lat="52.270121" lon="13.657165"><ele>41.25</ele></trkpt>
   <trkpt lat="52.271132" lon="13.6572"><ele>41</ele></trkpt>
   <trkpt lat="52.27135" lon="13.657208"><ele>41</ele></trkpt>
   <trkpt lat="52.272207" lon="13.6573"><ele>41.25</ele></trkpt>
   <trkpt lat="52.273489" lon="13.657277"><ele>40.75</ele></trkpt>
   <trkpt lat="52.274119" lon="13.657288"><ele>41</ele></trkpt>
   <trkpt lat="52.27418" lon="13.657289"><ele>40.75</ele></trkpt>
   <trkpt lat="52.27497" lon="13.657246"><ele>40</ele></trkpt>
   <trkpt lat="52.275637" lon="13.657235"><ele>39.75</ele></trkpt>
   <trkpt lat="52.276335" lon="13.65723"><ele>40</ele></trkpt>
   <trkpt lat="52.276996" lon="13.65714"><ele>40</ele></trkpt>
   <trkpt lat="52.276996" lon="13.657197"><ele>40</ele></trkpt>
   <trkpt lat="52.277774" lon="13.657142"><ele>40.5</ele></trkpt>
   <trkpt lat="52.279344" lon="13.657115"><ele>40.5</ele></trkpt>
   <trkpt lat="52.280965" lon="13.657115"><ele>41.25</ele></trkpt>
   <trkpt lat="52.281342" lon="13.657092"><ele>41.75</ele></trkpt>
   <trkpt lat="52.281761" lon="13.657103"><ele>41.5</ele></trkpt>
   <trkpt lat="52.28193" lon="13.65691"><ele>40.75</ele></trkpt>
   <trkpt lat="52.282447" lon="13.65616"><ele>39</ele></trkpt>
   <trkpt lat="52.282569" lon="13.655984"><ele>38.5</ele></trkpt>
   <trkpt lat="52.282862" lon="13.655619"><ele>38</ele></trkpt>
   <trkpt lat="52.282923" lon="13.655554"><ele>38</ele></trkpt>
   <trkpt lat="52.283191" lon="13.65527"><ele>37.25</ele></trkpt>
   <trkpt lat="52.283287" lon="13.655168"><ele>37</ele></trkpt>
   <trkpt lat="52.283547" lon="13.65493"><ele>37</ele></trkpt>
   <trkpt lat="52.283712" lon="13.654807"><ele>37</ele></trkpt>
   <trkpt lat="52.284034" lon="13.654566"><ele>36</ele></trkpt>
   <trkpt lat="52.28436" lon="13.654336"><ele>36</ele></trkpt>
   <trkpt lat="52.284975" lon="13.653926"><ele>35</ele></trkpt>
   <trkpt lat="52.285599" lon="13.653635"><ele>35</ele></trkpt>
   <trkpt lat="52.285591" lon="13.653566"><ele>34.75</ele></trkpt>
   <trkpt lat="52.28571" lon="13.653505"><ele>34.75</ele></trkpt>
   <trkpt lat="52.285755" lon="13.653462"><ele>34.75</ele></trkpt>
   <trkpt lat="52.285774" lon="13.653424"><ele>34.75</ele></trkpt>
   <trkpt lat="52.285805" lon="13.653313"><ele>34.75</ele></trkpt>
   <trkpt lat="52.285859" lon="13.653369"><ele>34.75</ele></trkpt>
   <trkpt lat="52.285922" lon="13.653424"><ele>34.5</ele></trkpt>
   <trkpt lat="52.286133" lon="13.652818"><ele>34.75</ele></trkpt>
   <trkpt lat="52.286236" lon="13.652597"><ele>34.5</ele></trkpt>
   <trkpt lat="52.286335" lon="13.652457"><ele>34.25</ele></trkpt>
   <trkpt lat="52.286484" lon="13.652265"><ele>34.5</ele></trkpt>
   <trkpt lat="52.286752" lon="13.651983"><ele>34.5</ele></trkpt>
   <trkpt lat="52.287082" lon="13.651746"><ele>34.5</ele></trkpt>
   <trkpt lat="52.287238" lon="13.651671"><ele>34.75</ele></trkpt>
   <trkpt lat="52.28722" lon="13.651596"><ele>34.75</ele></trkpt>
   <trkpt lat="52.287171" lon="13.651356"><ele>34.75</ele></trkpt>
   <trkpt lat="52.287436" lon="13.650263"><ele>35</ele></trkpt>
   <trkpt lat="52.287893" lon="13.649044"><ele>35.75</ele></trkpt>
   <trkpt lat="52.288072" lon="13.648597"><ele>34.75</ele></trkpt>
   <trkpt lat="52.288598" lon="13.647626"><ele>34.25</ele></trkpt>
   <trkpt lat="52.288716" lon="13.64745"><ele>34</ele></trkpt>
   <trkpt lat="52.288846" lon="13.647367"><ele>34</ele></trkpt>
   <trkpt lat="52.289302" lon="13.647294"><ele>34</ele></trkpt>
   <trkpt lat="52.289588" lon="13.647286"><ele>34</ele></trkpt>
   <trkpt lat="52.289824" lon="13.647196"><ele>33.75</ele></trkpt>
   <trkpt lat="52.290119" lon="13.647218"><ele>33.75</ele></trkpt>
   <trkpt lat="52.290188" lon="13.647157"><ele>33.75</ele></trkpt>
   <trkpt lat="52.290185" lon="13.647041"><ele>33.25</ele></trkpt>
   <trkpt lat="52.290196" lon="13.646828"><ele>33.25</ele></trkpt>
   <trkpt lat="52.290518" lon="13.646427"><ele>33.75</ele></trkpt>
   <trkpt lat="52.290704" lon="13.646196"><ele>34</ele></trkpt>
   <trkpt lat="52.290897" lon="13.646162"><ele>33.75</ele></trkpt>
   <trkpt lat="52.291066" lon="13.646081"><ele>33.25</ele></trkpt>
   <trkpt lat="52.291386" lon="13.646022"><ele>34.25</ele></trkpt>
   <trkpt lat="52.291422" lon="13.646023"><ele>34</ele></trkpt>
   <trkpt lat="52.291477" lon="13.64596"><ele>34</ele></trkpt>
   <trkpt lat="52.291495" lon="13.645955"><ele>34</ele></trkpt>
   <trkpt lat="52.291506" lon="13.645455"><ele>34.5</ele></trkpt>
   <trkpt lat="52.291607" lon="13.645016"><ele>34.75</ele></trkpt>
   <trkpt lat="52.291788" lon="13.644733"><ele>34.75</ele></trkpt>
   <trkpt lat="52.291955" lon="13.644506"><ele>35</ele></trkpt>
   <trkpt lat="52.292853" lon="13.64332"><ele>35</ele></trkpt>
   <trkpt lat="52.293521" lon="13.642222"><ele>35</ele></trkpt>
   <trkpt lat="52.2937" lon="13.641779"><ele>35</ele></trkpt>
   <trkpt lat="52.293682" lon="13.641429"><ele>35.5</ele></trkpt>
   <trkpt lat="52.293636" lon="13.640743"><ele>36</ele></trkpt>
   <trkpt lat="52.293541" lon="13.640305"><ele>35.75</ele></trkpt>
   <trkpt lat="52.293442" lon="13.640074"><ele>35.5</ele></trkpt>
   <trkpt lat="52.293216" lon="13.639026"><ele>35.75</ele></trkpt>
   <trkpt lat="52.293074" lon="13.638539"><ele>35</ele></trkpt>
   <trkpt lat="52.293046" lon="13.638238"><ele>35</ele></trkpt>
   <trkpt lat="52.293116" lon="13.638024"><ele>35</ele></trkpt>
   <trkpt lat="52.293257" lon="13.637507"><ele>35.5</ele></trkpt>
   <trkpt lat="52.293428" lon="13.636816"><ele>35.25</ele></trkpt>
   <trkpt lat="52.293661" lon="13.635927"><ele>35</ele></trkpt>
   <trkpt lat="52.293684" lon="13.635838"><ele>35</ele></trkpt>
   <trkpt lat="52.293726" lon="13.63576"><ele>35</ele></trkpt>
   <trkpt lat="52.293805" lon="13.635442"><ele>35</ele></trkpt>
   <trkpt lat="52.293853" lon="13.635163"><ele>35</ele></trkpt>
   <trkpt lat="52.294129" lon="13.633985"><ele>35.25</ele></trkpt>
   <trkpt lat="52.29425" lon="13.633478"><ele>35.25</ele></trkpt>
   <trkpt lat="52.294394" lon="13.632878"><ele>36</ele></trkpt>
   <trkpt lat="52.294411" lon="13.632811"><ele>36</ele></trkpt>
   <trkpt lat="52.29444" lon="13.632738"><ele>36</ele></trkpt>
   <trkpt lat="52.294541" lon="13.632628"><ele>36</ele></trkpt>
   <trkpt lat="52.294637" lon="13.632579"><ele>36</ele></trkpt>
   <trkpt lat="52.294707" lon="13.632567"><ele>36</ele></trkpt>
   <trkpt lat="52.295022" lon="13.63257"><ele>35.75</ele></trkpt>
   <trkpt lat="52.295549" lon="13.632571"><ele>35</ele></trkpt>
   <trkpt lat="52.296508" lon="13.632542"><ele>35</ele></trkpt>
   <trkpt lat="52.296545" lon="13.632518"><ele>35</ele></trkpt>
   <trkpt lat="52.296621" lon="13.632499"><ele>35</ele></trkpt>
   <trkpt lat="52.296677" lon="13.632481"><ele>35</ele></trkpt>
   <trkpt lat="52.296728" lon="13.632426"><ele>35</ele></trkpt>
   <trkpt lat="52.296876" lon="13.632348"><ele>35</ele></trkpt>
   <trkpt lat="52.297056" lon="13.632323"><ele>34.5</ele></trkpt>
   <trkpt lat="52.297116" lon="13.632315"><ele>34.5</ele></trkpt>
   <trkpt lat="52.297173" lon="13.632268"><ele>34.25</ele></trkpt>
   <trkpt lat="52.297186" lon="13.632268"><ele>34.25</ele></trkpt>
   <trkpt lat="52.29735" lon="13.63227"><ele>34</ele></trkpt>
   <trkpt lat="52.297618" lon="13.632244"><ele>34</ele></trkpt>
   <trkpt lat="52.2977" lon="13.632236"><ele>34</ele></trkpt>
   <trkpt lat="52.297736" lon="13.632233"><ele>34</ele></trkpt>
   <trkpt lat="52.297772" lon="13.632229"><ele>34</ele></trkpt>
   <trkpt lat="52.297769" lon="13.632155"><ele>33.75</ele></trkpt>
   <trkpt lat="52.297766" lon="13.632079"><ele>33.5</ele></trkpt>
   <trkpt lat="52.29781" lon="13.632019"><ele>33.25</ele></trkpt>
   <trkpt lat="52.297873" lon="13.632018"><ele>33.5</ele></trkpt>
   <trkpt lat="52.297897" lon="13.632019"><ele>33.5</ele></trkpt>
   <trkpt lat="52.29795" lon="13.631981"><ele>33.5</ele></trkpt>
   <trkpt lat="52.298" lon="13.631885"><ele>34</ele></trkpt>
   <trkpt lat="52.298009" lon="13.631839"><ele>34.25</ele></trkpt>
   <trkpt lat="52.298017" lon="13.63122"><ele>34.5</ele></trkpt>
   <trkpt lat="52.297979" lon="13.631089"><ele>34</ele></trkpt>
   <trkpt lat="52.297942" lon="13.631016"><ele>34.25</ele></trkpt>
   <trkpt lat="52.297977" lon="13.630968"><ele>34</ele></trkpt>
   <trkpt lat="52.298012" lon="13.630918"><ele>33.75</ele></trkpt>
   <trkpt lat="52.298032" lon="13.630862"><ele>33.75</ele></trkpt>
   <trkpt lat="52.298035" lon="13.630718"><ele>34</ele></trkpt>
   <trkpt lat="52.298038" lon="13.630521"><ele>34</ele></trkpt>
   <trkpt lat="52.29804" lon="13.63042"><ele>34</ele></trkpt>
   <trkpt lat="52.298064" lon="13.630245"><ele>34</ele></trkpt>
   <trkpt lat="52.298232" lon="13.629644"><ele>35</ele></trkpt>
   <trkpt lat="52.298258" lon="13.629566"><ele>35</ele></trkpt>
   <trkpt lat="52.298335" lon="13.629363"><ele>35.5</ele></trkpt>
   <trkpt lat="52.298396" lon="13.629209"><ele>35.5</ele></trkpt>
   <trkpt lat="52.298447" lon="13.629116"><ele>36</ele></trkpt>
   <trkpt lat="52.298479" lon="13.629096"><ele>36</ele></trkpt>
   <trkpt lat="52.298534" lon="13.629113"><ele>36</ele></trkpt>
   <trkpt lat="52.29856" lon="13.629133"><ele>36</ele></trkpt>
   <trkpt lat="52.298621" lon="13.629222"><ele>36</ele></trkpt>
   <trkpt lat="52.299103" lon="13.629979"><ele>35.75</ele></trkpt>
   <trkpt lat="52.299129" lon="13.63001"><ele>35.75</ele></trkpt>
   <trkpt lat="52.299185" lon="13.630075"><ele>35.5</ele></trkpt>
   <trkpt lat="52.299272" lon="13.630158"><ele>35.25</ele></trkpt>
   <trkpt lat="52.299388" lon="13.630228"><ele>35.5</ele></trkpt>
   <trkpt lat="52.29973" lon="13.630407"><ele>35.5</ele></trkpt>
   <trkpt lat="52.299785" lon="13.630427"><ele>35.25</ele></trkpt>
   <trkpt lat="52.29982" lon="13.630427"><ele>35.25</ele></trkpt>
   <trkpt lat="52.300012" lon="13.630415"><ele>35</ele></trkpt>
   <trkpt lat="52.300119" lon="13.630403"><ele>35</ele></trkpt>
   <trkpt lat="52.301951" lon="13.630487"><ele>36.25</ele></trkpt>
   <trkpt lat="52.302208" lon="13.630499"><ele>38</ele></trkpt>
   <trkpt lat="52.302479" lon="13.630526"><ele>39.5</ele></trkpt>
   <trkpt lat="52.302576" lon="13.630549"><ele>40</ele></trkpt>
   <trkpt lat="52.302762" lon="13.630624"><ele>39.75</ele></trkpt>
   <trkpt lat="52.302992" lon="13.630792"><ele>41.25</ele></trkpt>
   <trkpt lat="52.303112" lon="13.630922"><ele>40.5</ele></trkpt>
   <trkpt lat="52.303239" lon="13.631088"><ele>37.5</ele></trkpt>
   <trkpt lat="52.303318" lon="13.631213"><ele>38.25</ele></trkpt>
   <trkpt lat="52.303487" lon="13.631482"><ele>40.25</ele></trkpt>
   <trkpt lat="52.30355" lon="13.631587"><ele>41</ele></trkpt>
   <trkpt lat="52.303918" lon="13.632182"><ele>41</ele></trkpt>
   <trkpt lat="52.304045" lon="13.632356"><ele>39.25</ele></trkpt>
   <trkpt lat="52.304222" lon="13.632546"><ele>39.5</ele></trkpt>
   <trkpt lat="52.304392" lon="13.632679"><ele>38</ele></trkpt>
   <trkpt lat="52.304503" lon="13.632743"><ele>38</ele></trkpt>
   <trkpt lat="52.304597" lon="13.632782"><ele>38.25</ele></trkpt>
   <trkpt lat="52.304735" lon="13.632827"><ele>38</ele></trkpt>
   <trkpt lat="52.304839" lon="13.632844"><ele>37.25</ele></trkpt>
   <trkpt lat="52.305228" lon="13.632878"><ele>35.5</ele></trkpt>
   <trkpt lat="52.305478" lon="13.63289"><ele>35.25</ele></trkpt>
   <trkpt lat="52.305611" lon="13.632874"><ele>35.5</ele></trkpt>
   <trkpt lat="52.305868" lon="13.632843"><ele>34.75</ele></trkpt>
   <trkpt lat="52.306133" lon="13.632823"><ele>35</ele></trkpt>
   <trkpt lat="52.30646" lon="13.632924"><ele>34.75</ele></trkpt>
   <trkpt lat="52.306592" lon="13.632953"><ele>34.5</ele></trkpt>
   <trkpt lat="52.306712" lon="13.632978"><ele>34.25</ele></trkpt>
   <trkpt lat="52.306843" lon="13.632986"><ele>34.5</ele></trkpt>
   <trkpt lat="52.307125" lon="13.633003"><ele>35</ele></trkpt>
   <trkpt lat="52.307354" lon="13.633033"><ele>35</ele></trkpt>
   <trkpt lat="52.30747" lon="13.633048"><ele>35</ele></trkpt>
   <trkpt lat="52.307597" lon="13.633068"><ele>35</ele></trkpt>
   <trkpt lat="52.307622" lon="13.633102"><ele>35</ele></trkpt>
   <trkpt lat="52.307741" lon="13.633122"><ele>35</ele></trkpt>
   <trkpt lat="52.307859" lon="13.633136"><ele>35</ele></trkpt>
   <trkpt lat="52.308029" lon="13.633155"><ele>35</ele></trkpt>
   <trkpt lat="52.308499" lon="13.633179"><ele>35</ele></trkpt>
   <trkpt lat="52.308914" lon="13.633225"><ele>35</ele></trkpt>
   <trkpt lat="52.309039" lon="13.633309"><ele>35</ele></trkpt>
   <trkpt lat="52.309114" lon="13.633326"><ele>35</ele></trkpt>
   <trkpt lat="52.3093" lon="13.633348"><ele>34.75</ele></trkpt>
   <trkpt lat="52.309446" lon="13.633418"><ele>34.5</ele></trkpt>
   <trkpt lat="52.309543" lon="13.633526"><ele>34.5</ele></trkpt>
   <trkpt lat="52.30962" lon="13.633636"><ele>34.5</ele></trkpt>
   <trkpt lat="52.309684" lon="13.633763"><ele>34.75</ele></trkpt>
   <trkpt lat="52.309732" lon="13.63389"><ele>35</ele></trkpt>
   <trkpt lat="52.309762" lon="13.633867"><ele>35.5</ele></trkpt>
   <trkpt lat="52.309815" lon="13.633826"><ele>36.25</ele></trkpt>
   <trkpt lat="52.309868" lon="13.633781"><ele>36.75</ele></trkpt>
   <trkpt lat="52.309882" lon="13.633743"><ele>36.75</ele></trkpt>
   <trkpt lat="52.309875" lon="13.63367"><ele>36.75</ele></trkpt>
   <trkpt lat="52.309874" lon="13.633565"><ele>36.5</ele></trkpt>
   <trkpt lat="52.3099" lon="13.633467"><ele>36.25</ele></trkpt>
   <trkpt lat="52.309946" lon="13.633399"><ele>36.25</ele></trkpt>
   <trkpt lat="52.310019" lon="13.633361"><ele>36.25</ele></trkpt>
   <trkpt lat="52.310176" lon="13.633322"><ele>36.5</ele></trkpt>
   <trkpt lat="52.310503" lon="13.633342"><ele>36.25</ele></trkpt>
   <trkpt lat="52.310537" lon="13.633362"><ele>36.5</ele></trkpt>
   <trkpt lat="52.310596" lon="13.633378"><ele>36.75</ele></trkpt>
   <trkpt lat="52.311012" lon="13.633417"><ele>35.75</ele></trkpt>
   <trkpt lat="52.311133" lon="13.63343"><ele>35.5</ele></trkpt>
   <trkpt lat="52.311221" lon="13.633439"><ele>35.5</ele></trkpt>
   <trkpt lat="52.311249" lon="13.633458"><ele>35.5</ele></trkpt>
   <trkpt lat="52.311284" lon="13.633466"><ele>35.5</ele></trkpt>
   <trkpt lat="52.311499" lon="13.63349"><ele>35.25</ele></trkpt>
   <trkpt lat="52.311687" lon="13.633492"><ele>35.25</ele></trkpt>
   <trkpt lat="52.311996" lon="13.633459"><ele>35.5</ele></trkpt>
   <trkpt lat="52.312152" lon="13.63342"><ele>35.5</ele></trkpt>
   <trkpt lat="52.312334" lon="13.633358"><ele>35.75</ele></trkpt>
   <trkpt lat="52.312403" lon="13.633348"><ele>35.75</ele></trkpt>
   <trkpt lat="52.312528" lon="13.633341"><ele>35.75</ele></trkpt>
   <trkpt lat="52.312737" lon="13.63333"><ele>35</ele></trkpt>
   <trkpt lat="52.312839" lon="13.633414"><ele>34.5</ele></trkpt>
   <trkpt lat="52.312879" lon="13.633433"><ele>34.5</ele></trkpt>
   <trkpt lat="52.312936" lon="13.633428"><ele>34.5</ele></trkpt>
   <trkpt lat="52.312979" lon="13.633404"><ele>34.5</ele></trkpt>
   <trkpt lat="52.313014" lon="13.63337"><ele>34.75</ele></trkpt>
   <trkpt lat="52.313045" lon="13.633319"><ele>35</ele></trkpt>
   <trkpt lat="52.313088" lon="13.633198"><ele>35.25</ele></trkpt>
   <trkpt lat="52.313106" lon="13.633166"><ele>35.25</ele></trkpt>
   <trkpt lat="52.313141" lon="13.633132"><ele>35.25</ele></trkpt>
   <trkpt lat="52.313187" lon="13.633089"><ele>35.25</ele></trkpt>
   <trkpt lat="52.3134" lon="13.632819"><ele>35.5</ele></trkpt>
   <trkpt lat="52.313537" lon="13.632672"><ele>35.5</ele></trkpt>
   <trkpt lat="52.313647" lon="13.632587"><ele>35.5</ele></trkpt>
   <trkpt lat="52.313965" lon="13.632449"><ele>35.75</ele></trkpt>
   <trkpt lat="52.314039" lon="13.63241"><ele>35.75</ele></trkpt>
   <trkpt lat="52.314319" lon="13.632372"><ele>35.25</ele></trkpt>
   <trkpt lat="52.314438" lon="13.632367"><ele>35.25</ele></trkpt>
   <trkpt lat="52.314572" lon="13.632363"><ele>35.5</ele></trkpt>
   <trkpt lat="52.314698" lon="13.632369"><ele>35.75</ele></trkpt>
   <trkpt lat="52.314901" lon="13.632404"><ele>36</ele></trkpt>
   <trkpt lat="52.315187" lon="13.632484"><ele>36.5</ele></trkpt>
   <trkpt lat="52.315567" lon="13.632646"><ele>36.25</ele></trkpt>
   <trkpt lat="52.315732" lon="13.632728"><ele>36</ele></trkpt>
   <trkpt lat="52.315988" lon="13.632884"><ele>36.25</ele></trkpt>
   <trkpt lat="52.316302" lon="13.633085"><ele>36.25</ele></trkpt>
   <trkpt lat="52.316386" lon="13.633139"><ele>36</ele></trkpt>
   <trkpt lat="52.316565" lon="13.633258"><ele>36</ele></trkpt>
   <trkpt lat="52.316853" lon="13.633442"><ele>36</ele></trkpt>
   <trkpt lat="52.316948" lon="13.633503"><ele>36</ele></trkpt>
   <trkpt lat="52.316986" lon="13.633502"><ele>36</ele></trkpt>
   <trkpt lat="52.317059" lon="13.633542"><ele>36</ele></trkpt>
   <trkpt lat="52.31712" lon="13.633581"><ele>36</ele></trkpt>
   <trkpt lat="52.317143" lon="13.633605"><ele>36</ele></trkpt>
   <trkpt lat="52.317184" lon="13.63368"><ele>36</ele></trkpt>
   <trkpt lat="52.317243" lon="13.633715"><ele>36</ele></trkpt>
   <trkpt lat="52.31747" lon="13.633854"><ele>36</ele></trkpt>
   <trkpt lat="52.317562" lon="13.633911"><ele>36</ele></trkpt>
   <trkpt lat="52.317619" lon="13.633945"><ele>36</ele></trkpt>
   <trkpt lat="52.317705" lon="13.633993"><ele>36.25</ele></trkpt>
   <trkpt lat="52.317845" lon="13.63407"><ele>36.5</ele></trkpt>
   <trkpt lat="52.318037" lon="13.634176"><ele>36</ele></trkpt>
   <trkpt lat="52.318203" lon="13.634269"><ele>36</ele></trkpt>
   <trkpt lat="52.318404" lon="13.634378"><ele>36</ele></trkpt>
   <trkpt lat="52.318582" lon="13.634472"><ele>36</ele></trkpt>
   <trkpt lat="52.318595" lon="13.634481"><ele>36</ele></trkpt>
   <trkpt lat="52.31871" lon="13.634544"><ele>36</ele></trkpt>
   <trkpt lat="52.318834" lon="13.634612"><ele>36.25</ele></trkpt>
   <trkpt lat="52.318866" lon="13.634631"><ele>36.25</ele></trkpt>
   <trkpt lat="52.318907" lon="13.634656"><ele>36.25</ele></trkpt>
   <trkpt lat="52.319066" lon="13.634739"><ele>36.5</ele></trkpt>
   <trkpt lat="52.319123" lon="13.634771"><ele>36.5</ele></trkpt>
   <trkpt lat="52.319343" lon="13.634888"><ele>36.25</ele></trkpt>
   <trkpt lat="52.319449" lon="13.634944"><ele>36</ele></trkpt>
   <trkpt lat="52.319645" lon="13.635047"><ele>36</ele></trkpt>
   <trkpt lat="52.319786" lon="13.635122"><ele>36</ele></trkpt>
   <trkpt lat="52.319968" lon="13.635218"><ele>36</ele></trkpt>
   <trkpt lat="52.320322" lon="13.635412"><ele>36</ele></trkpt>
   <trkpt lat="52.320424" lon="13.635467"><ele>36</ele></trkpt>
   <trkpt lat="52.320687" lon="13.635608"><ele>36</ele></trkpt>
   <trkpt lat="52.320862" lon="13.635702"><ele>36</ele></trkpt>
   <trkpt lat="52.321002" lon="13.635777"><ele>36</ele></trkpt>
   <trkpt lat="52.321084" lon="13.635763"><ele>36</ele></trkpt>
   <trkpt lat="52.321197" lon="13.63582"><ele>36</ele></trkpt>
   <trkpt lat="52.321294" lon="13.635876"><ele>36</ele></trkpt>
   <trkpt lat="52.321313" lon="13.635894"><ele>36</ele></trkpt>
   <trkpt lat="52.321338" lon="13.635937"><ele>36</ele></trkpt>
   <trkpt lat="52.321382" lon="13.635983"><ele>36</ele></trkpt>
   <trkpt lat="52.32153" lon="13.636063"><ele>36</ele></trkpt>
   <trkpt lat="52.32159" lon="13.636096"><ele>36</ele></trkpt>
   <trkpt lat="52.321927" lon="13.636277"><ele>36</ele></trkpt>
   <trkpt lat="52.322019" lon="13.636327"><ele>36</ele></trkpt>
   <trkpt lat="52.322189" lon="13.636417"><ele>36</ele></trkpt>
   <trkpt lat="52.32238" lon="13.636522"><ele>36.25</ele></trkpt>
   <trkpt lat="52.322527" lon="13.636603"><ele>36.5</ele></trkpt>
   <trkpt lat="52.322629" lon="13.63666"><ele>36.5</ele></trkpt>
   <trkpt lat="52.322695" lon="13.636635"><ele>36.25</ele></trkpt>
   <trkpt lat="52.322825" lon="13.636703"><ele>36</ele></trkpt>
   <trkpt lat="52.322955" lon="13.636771"><ele>36.5</ele></trkpt>
   <trkpt lat="52.323005" lon="13.636844"><ele>36.75</ele></trkpt>
   <trkpt lat="52.323047" lon="13.636865"><ele>36.75</ele></trkpt>
   <trkpt lat="52.323239" lon="13.636964"><ele>37</ele></trkpt>
   <trkpt lat="52.323392" lon="13.637047"><ele>37</ele></trkpt>
   <trkpt lat="52.323505" lon="13.637108"><ele>37</ele></trkpt>
   <trkpt lat="52.32364" lon="13.637181"><ele>37</ele></trkpt>
   <trkpt lat="52.323777" lon="13.637255"><ele>37</ele></trkpt>
   <trkpt lat="52.323879" lon="13.63731"><ele>37</ele></trkpt>
   <trkpt lat="52.323944" lon="13.637304"><ele>36.75</ele></trkpt>
   <trkpt lat="52.324061" lon="13.637364"><ele>36.25</ele></trkpt>
   <trkpt lat="52.324117" lon="13.637398"><ele>35.75</ele></trkpt>
   <trkpt lat="52.324414" lon="13.637555"><ele>37.25</ele></trkpt>
   <trkpt lat="52.324487" lon="13.637596"><ele>37.5</ele></trkpt>
   <trkpt lat="52.324513" lon="13.637612"><ele>37.25</ele></trkpt>
   <trkpt lat="52.324543" lon="13.637688"><ele>37</ele></trkpt>
   <trkpt lat="52.32488" lon="13.63787"><ele>36.75</ele></trkpt>
   <trkpt lat="52.325147" lon="13.638007"><ele>36.5</ele></trkpt>
   <trkpt lat="52.325296" lon="13.638084"><ele>36.75</ele></trkpt>
   <trkpt lat="52.325436" lon="13.638144"><ele>36.25</ele></trkpt>
   <trkpt lat="52.325552" lon="13.638187"><ele>36</ele></trkpt>
   <trkpt lat="52.325701" lon="13.638232"><ele>36</ele></trkpt>
   <trkpt lat="52.325855" lon="13.638266"><ele>35.75</ele></trkpt>
   <trkpt lat="52.325974" lon="13.63829"><ele>36</ele></trkpt>
   <trkpt lat="52.32612" lon="13.638309"><ele>36</ele></trkpt>
   <trkpt lat="52.326294" lon="13.638338"><ele>36</ele></trkpt>
   <trkpt lat="52.326415" lon="13.638357"><ele>35.75</ele></trkpt>
   <trkpt lat="52.326585" lon="13.638384"><ele>35.25</ele></trkpt>
   <trkpt lat="52.326726" lon="13.638407"><ele>35</ele></trkpt>
   <trkpt lat="52.326779" lon="13.638413"><ele>35</ele></trkpt>
   <trkpt lat="52.326823" lon="13.638396"><ele>35</ele></trkpt>
   <trkpt lat="52.326892" lon="13.638407"><ele>35</ele></trkpt>
   <trkpt lat="52.326993" lon="13.638416"><ele>35</ele></trkpt>
   <trkpt lat="52.32713" lon="13.638427"><ele>35</ele></trkpt>
   <trkpt lat="52.327165" lon="13.638453"><ele>35</ele></trkpt>
   <trkpt lat="52.327232" lon="13.638466"><ele>35</ele></trkpt>
   <trkpt lat="52.327404" lon="13.638498"><ele>35</ele></trkpt>
   <trkpt lat="52.327502" lon="13.638516"><ele>34.75</ele></trkpt>
   <trkpt lat="52.327566" lon="13.638528"><ele>35</ele></trkpt>
   <trkpt lat="52.32809" lon="13.638614"><ele>35</ele></trkpt>
   <trkpt lat="52.328855" lon="13.638745"><ele>35</ele></trkpt>
   <trkpt lat="52.329928" lon="13.638941"><ele>35</ele></trkpt>
   <trkpt lat="52.330276" lon="13.639001"><ele>35</ele></trkpt>
   <trkpt lat="52.330449" lon="13.639031"><ele>35</ele></trkpt>
   <trkpt lat="52.33069" lon="13.639074"><ele>35</ele></trkpt>
   <trkpt lat="52.330911" lon="13.63911"><ele>35</ele></trkpt>
   <trkpt lat="52.331139" lon="13.639148"><ele>35</ele></trkpt>
   <trkpt lat="52.33121" lon="13.639159"><ele>35</ele></trkpt>
   <trkpt lat="52.331242" lon="13.639143"><ele>35</ele></trkpt>
   <trkpt lat="52.331268" lon="13.639141"><ele>35</ele></trkpt>
   <trkpt lat="52.331364" lon="13.639148"><ele>35</ele></trkpt>
   <trkpt lat="52.331409" lon="13.639106"><ele>35</ele></trkpt>
   <trkpt lat="52.331491" lon="13.639117"><ele>35</ele></trkpt>
   <trkpt lat="52.331561" lon="13.63912"><ele>35</ele></trkpt>
   <trkpt lat="52.331669" lon="13.639124"><ele>35</ele></trkpt>
   <trkpt lat="52.331786" lon="13.639113"><ele>35</ele></trkpt>
   <trkpt lat="52.332164" lon="13.639039"><ele>35.25</ele></trkpt>
   <trkpt lat="52.332313" lon="13.63901"><ele>35.25</ele></trkpt>
   <trkpt lat="52.33242" lon="13.638986"><ele>35</ele></trkpt>
   <trkpt lat="52.332437" lon="13.638982"><ele>35</ele></trkpt>
   <trkpt lat="52.332706" lon="13.638919"><ele>34.75</ele></trkpt>
   <trkpt lat="52.33306" lon="13.638841"><ele>35</ele></trkpt>
   <trkpt lat="52.333099" lon="13.638832"><ele>35</ele></trkpt>
   <trkpt lat="52.333092" lon="13.638741"><ele>35</ele></trkpt>
   <trkpt lat="52.33309" lon="13.638726"><ele>35</ele></trkpt>
   <trkpt lat="52.333085" lon="13.63854"><ele>35.25</ele></trkpt>
   <trkpt lat="52.33308" lon="13.638342"><ele>35.75</ele></trkpt>
   <trkpt lat="52.333076" lon="13.638204"><ele>36.25</ele></trkpt>
   <trkpt lat="52.333074" lon="13.638103"><ele>36.75</ele></trkpt>
   <trkpt lat="52.333072" lon="13.638027"><ele>37</ele></trkpt>
   <trkpt lat="52.333066" lon="13.637789"><ele>37</ele></trkpt>
   <trkpt lat="52.333081" lon="13.637691"><ele>36.75</ele></trkpt>
   <trkpt lat="52.333128" lon="13.637641"><ele>37</ele></trkpt>
   <trkpt lat="52.333285" lon="13.637578"><ele>37</ele></trkpt>
   <trkpt lat="52.333454" lon="13.637513"><ele>37.25</ele></trkpt>
   <trkpt lat="52.333515" lon="13.637489"><ele>37.5</ele></trkpt>
   <trkpt lat="52.333954" lon="13.637311"><ele>38</ele></trkpt>
   <trkpt lat="52.334111" lon="13.637243"><ele>38</ele></trkpt>
   <trkpt lat="52.334369" lon="13.637135"><ele>37.75</ele></trkpt>
   <trkpt lat="52.334393" lon="13.637166"><ele>37.75</ele></trkpt>
   <trkpt lat="52.334462" lon="13.637289"><ele>37.75</ele></trkpt>
   <trkpt lat="52.334477" lon="13.637316"><ele>37.75</ele></trkpt>
   <trkpt lat="52.334532" lon="13.637415"><ele>37.75</ele></trkpt>
   <trkpt lat="52.334537" lon="13.637424"><ele>37.75</ele></trkpt>
   <trkpt lat="52.334572" lon="13.637486"><ele>37.5</ele></trkpt>
   <trkpt lat="52.334703" lon="13.63772"><ele>37</ele></trkpt>
   <trkpt lat="52.334759" lon="13.637632"><ele>36.75</ele></trkpt>
   <trkpt lat="52.334837" lon="13.63755"><ele>36.75</ele></trkpt>
   <trkpt lat="52.334951" lon="13.637466"><ele>37</ele></trkpt>
   <trkpt lat="52.335157" lon="13.637343"><ele>37</ele></trkpt>
   <trkpt lat="52.335219" lon="13.637303"><ele>37</ele></trkpt>
   <trkpt lat="52.335336" lon="13.637233"><ele>37</ele></trkpt>
   <trkpt lat="52.335364" lon="13.637216"><ele>37</ele></trkpt>
   <trkpt lat="52.335529" lon="13.637114"><ele>37</ele></trkpt>
   <trkpt lat="52.335542" lon="13.637106"><ele>37</ele></trkpt>
   <trkpt lat="52.335581" lon="13.637083"><ele>37</ele></trkpt>
   <trkpt lat="52.335728" lon="13.636994"><ele>37</ele></trkpt>
   <trkpt lat="52.335755" lon="13.636977"><ele>37</ele></trkpt>
   <trkpt lat="52.335856" lon="13.636915"><ele>36.75</ele></trkpt>
   <trkpt lat="52.335874" lon="13.636905"><ele>36.75</ele></trkpt>
   <trkpt lat="52.336028" lon="13.63681"><ele>36.5</ele></trkpt>
   <trkpt lat="52.336063" lon="13.63679"><ele>36.25</ele></trkpt>
   <trkpt lat="52.336106" lon="13.636764"><ele>36.25</ele></trkpt>
   <trkpt lat="52.336143" lon="13.636743"><ele>36.25</ele></trkpt>
   <trkpt lat="52.336181" lon="13.63672"><ele>36</ele></trkpt>
   <trkpt lat="52.336235" lon="13.636687"><ele>36</ele></trkpt>
   <trkpt lat="52.336324" lon="13.636632"><ele>36</ele></trkpt>
   <trkpt lat="52.336365" lon="13.636606"><ele>36</ele></trkpt>
   <trkpt lat="52.336449" lon="13.636555"><ele>36</ele></trkpt>
   <trkpt lat="52.336478" lon="13.636537"><ele>36</ele></trkpt>
   <trkpt lat="52.336533" lon="13.636502"><ele>36</ele></trkpt>
   <trkpt lat="52.336565" lon="13.636482"><ele>36</ele></trkpt>
   <trkpt lat="52.336592" lon="13.636464"><ele>36</ele></trkpt>
   <trkpt lat="52.336678" lon="13.63641"><ele>36</ele></trkpt>
   <trkpt lat="52.3367" lon="13.636396"><ele>36</ele></trkpt>
   <trkpt lat="52.336829" lon="13.636312"><ele>36.5</ele></trkpt>
   <trkpt lat="52.336839" lon="13.636305"><ele>36.5</ele></trkpt>
   <trkpt lat="52.336861" lon="13.636291"><ele>36.5</ele></trkpt>
   <trkpt lat="52.336928" lon="13.636248"><ele>36.75</ele></trkpt>
   <trkpt lat="52.337033" lon="13.63618"><ele>36.75</ele></trkpt>
   <trkpt lat="52.33707" lon="13.636157"><ele>36.5</ele></trkpt>
   <trkpt lat="52.337162" lon="13.636098"><ele>36</ele></trkpt>
   <trkpt lat="52.33719" lon="13.63608"><ele>36</ele></trkpt>
   <trkpt lat="52.337221" lon="13.636061"><ele>36</ele></trkpt>
   <trkpt lat="52.337241" lon="13.636047"><ele>36</ele></trkpt>
   <trkpt lat="52.337343" lon="13.635982"><ele>36</ele></trkpt>
   <trkpt lat="52.337382" lon="13.635957"><ele>36</ele></trkpt>
   <trkpt lat="52.337509" lon="13.635876"><ele>36</ele></trkpt>
   <trkpt lat="52.337534" lon="13.63586"><ele>36</ele></trkpt>
   <trkpt lat="52.337675" lon="13.63577"><ele>36</ele></trkpt>
   <trkpt lat="52.337697" lon="13.635756"><ele>36</ele></trkpt>
   <trkpt lat="52.337718" lon="13.635742"><ele>36</ele></trkpt>
   <trkpt lat="52.33773" lon="13.635734"><ele>36</ele></trkpt>
   <trkpt lat="52.33783" lon="13.63567"><ele>36</ele></trkpt>
   <trkpt lat="52.33786" lon="13.635651"><ele>36</ele></trkpt>
   <trkpt lat="52.337902" lon="13.635624"><ele>36</ele></trkpt>
   <trkpt lat="52.337934" lon="13.635604"><ele>36</ele></trkpt>
   <trkpt lat="52.338056" lon="13.635526"><ele>36</ele></trkpt>
   <trkpt lat="52.338074" lon="13.635514"><ele>36</ele></trkpt>
   <trkpt lat="52.338198" lon="13.635435"><ele>36</ele></trkpt>
   <trkpt lat="52.338227" lon="13.635416"><ele>36</ele></trkpt>
   <trkpt lat="52.338365" lon="13.635328"><ele>35.75</ele></trkpt>
   <trkpt lat="52.338404" lon="13.635303"><ele>36</ele></trkpt>
   <trkpt lat="52.338524" lon="13.635226"><ele>36</ele></trkpt>
   <trkpt lat="52.338563" lon="13.635201"><ele>36</ele></trkpt>
   <trkpt lat="52.338773" lon="13.635067"><ele>36</ele></trkpt>
   <trkpt lat="52.338822" lon="13.635035"><ele>36</ele></trkpt>
   <trkpt lat="52.338842" lon="13.635022"><ele>36</ele></trkpt>
   <trkpt lat="52.338899" lon="13.634986"><ele>36</ele></trkpt>
   <trkpt lat="52.338992" lon="13.634923"><ele>36</ele></trkpt>
   <trkpt lat="52.339001" lon="13.634916"><ele>36</ele></trkpt>
   <trkpt lat="52.339008" lon="13.634912"><ele>36</ele></trkpt>
   <trkpt lat="52.339179" lon="13.634795"><ele>36</ele></trkpt>
   <trkpt lat="52.339264" lon="13.634737"><ele>36</ele></trkpt>
   <trkpt lat="52.339327" lon="13.634694"><ele>36</ele></trkpt>
   <trkpt lat="52.339369" lon="13.634664"><ele>36</ele></trkpt>
   <trkpt lat="52.339552" lon="13.634539"><ele>36</ele></trkpt>
   <trkpt lat="52.339571" lon="13.634527"><ele>36</ele></trkpt>
   <trkpt lat="52.339598" lon="13.634508"><ele>36</ele></trkpt>
   <trkpt lat="52.339695" lon="13.634441"><ele>36</ele></trkpt>
   <trkpt lat="52.339761" lon="13.634396"><ele>36</ele></trkpt>
   <trkpt lat="52.33977" lon="13.63439"><ele>36</ele></trkpt>
   <trkpt lat="52.339842" lon="13.634341"><ele>36</ele></trkpt>
   <trkpt lat="52.339921" lon="13.634287"><ele>36</ele></trkpt>
   <trkpt lat="52.339996" lon="13.634235"><ele>35.75</ele></trkpt>
   <trkpt lat="52.340167" lon="13.634118"><ele>36</ele></trkpt>
   <trkpt lat="52.340195" lon="13.6341"><ele>36</ele></trkpt>
   <trkpt lat="52.340211" lon="13.634089"><ele>36</ele></trkpt>
   <trkpt lat="52.340395" lon="13.633963"><ele>36</ele></trkpt>
   <trkpt lat="52.340437" lon="13.633935"><ele>36</ele></trkpt>
   <trkpt lat="52.34049" lon="13.6339"><ele>36</ele></trkpt>
   <trkpt lat="52.3406" lon="13.633827"><ele>36</ele></trkpt>
   <trkpt lat="52.340704" lon="13.633758"><ele>36</ele></trkpt>
   <trkpt lat="52.340724" lon="13.633744"><ele>36</ele></trkpt>
   <trkpt lat="52.340882" lon="13.633636"><ele>36</ele></trkpt>
   <trkpt lat="52.340885" lon="13.633634"><ele>36</ele></trkpt>
   <trkpt lat="52.340995" lon="13.63356"><ele>36</ele></trkpt>
   <trkpt lat="52.341054" lon="13.633521"><ele>36</ele></trkpt>
   <trkpt lat="52.34106" lon="13.633517"><ele>36</ele></trkpt>
   <trkpt lat="52.341097" lon="13.633492"><ele>36</ele></trkpt>
   <trkpt lat="52.341158" lon="13.633451"><ele>36</ele></trkpt>
   <trkpt lat="52.341244" lon="13.633398"><ele>36</ele></trkpt>
   <trkpt lat="52.341283" lon="13.63341"><ele>36</ele></trkpt>
   <trkpt lat="52.341316" lon="13.633444"><ele>36</ele></trkpt>
   <trkpt lat="52.341427" lon="13.633209"><ele>36</ele></trkpt>
   <trkpt lat="52.341528" lon="13.633034"><ele>36</ele></trkpt>
   <trkpt lat="52.34162" lon="13.632894"><ele>36</ele></trkpt>
   <trkpt lat="52.341939" lon="13.632481"><ele>36</ele></trkpt>
   <trkpt lat="52.342088" lon="13.632324"><ele>36</ele></trkpt>
   <trkpt lat="52.342281" lon="13.632199"><ele>36</ele></trkpt>
   <trkpt lat="52.342389" lon="13.632092"><ele>36</ele></trkpt>
   <trkpt lat="52.342549" lon="13.632014"><ele>35.75</ele></trkpt>
   <trkpt lat="52.342693" lon="13.631912"><ele>36</ele></trkpt>
   <trkpt lat="52.342786" lon="13.631832"><ele>36</ele></trkpt>
   <trkpt lat="52.343013" lon="13.631719"><ele>36</ele></trkpt>
   <trkpt lat="52.343524" lon="13.631397"><ele>35.25</ele></trkpt>
   <trkpt lat="52.343692" lon="13.631251"><ele>35.25</ele></trkpt>
   <trkpt lat="52.344062" lon="13.631017"><ele>35.75</ele></trkpt>
   <trkpt lat="52.344121" lon="13.631023"><ele>35.75</ele></trkpt>
   <trkpt lat="52.344177" lon="13.63108"><ele>35.75</ele></trkpt>
   <trkpt lat="52.34421" lon="13.631021"><ele>36</ele></trkpt>
   <trkpt lat="52.344358" lon="13.630906"><ele>36</ele></trkpt>
   <trkpt lat="52.344394" lon="13.630877"><ele>36</ele></trkpt>
   <trkpt lat="52.344633" lon="13.630697"><ele>36</ele></trkpt>
   <trkpt lat="52.344696" lon="13.63065"><ele>36</ele></trkpt>
   <trkpt lat="52.34487" lon="13.630521"><ele>36</ele></trkpt>
   <trkpt lat="52.345135" lon="13.630365"><ele>36</ele></trkpt>
   <trkpt lat="52.345155" lon="13.630295"><ele>36</ele></trkpt>
   <trkpt lat="52.345189" lon="13.630237"><ele>36</ele></trkpt>
   <trkpt lat="52.345412" lon="13.630084"><ele>36</ele></trkpt>
   <trkpt lat="52.345505" lon="13.630024"><ele>36</ele></trkpt>
   <trkpt lat="52.34558" lon="13.63001"><ele>36</ele></trkpt>
   <trkpt lat="52.345682" lon="13.630016"><ele>36</ele></trkpt>
   <trkpt lat="52.345695" lon="13.630009"><ele>36</ele></trkpt>
   <trkpt lat="52.345832" lon="13.62992"><ele>36</ele></trkpt>
   <trkpt lat="52.345858" lon="13.629785"><ele>36</ele></trkpt>
   <trkpt lat="52.346373" lon="13.629407"><ele>36</ele></trkpt>
   <trkpt lat="52.346604" lon="13.629271"><ele>36</ele></trkpt>
   <trkpt lat="52.346889" lon="13.629083"><ele>36</ele></trkpt>
   <trkpt lat="52.346938" lon="13.629165"><ele>36</ele></trkpt>
   <trkpt lat="52.34707" lon="13.629241"><ele>36</ele></trkpt>
   <trkpt lat="52.347363" lon="13.629396"><ele>36</ele></trkpt>
   <trkpt lat="52.347388" lon="13.62945"><ele>36</ele></trkpt>
   <trkpt lat="52.347436" lon="13.629429"><ele>36</ele></trkpt>
   <trkpt lat="52.347476" lon="13.629713"><ele>36</ele></trkpt>
   <trkpt lat="52.347479" lon="13.629733"><ele>36</ele></trkpt>
   <trkpt lat="52.347515" lon="13.62997"><ele>36</ele></trkpt>
   <trkpt lat="52.347521" lon="13.630061"><ele>36</ele></trkpt>
   <trkpt lat="52.347993" lon="13.6297"><ele>36</ele></trkpt>
   <trkpt lat="52.348195" lon="13.629541"><ele>35.75</ele></trkpt>
   <trkpt lat="52.348268" lon="13.629484"><ele>35.75</ele></trkpt>
   <trkpt lat="52.348385" lon="13.629393"><ele>36</ele></trkpt>
   <trkpt lat="52.348461" lon="13.629333"><ele>36</ele></trkpt>
   <trkpt lat="52.348692" lon="13.629148"><ele>36</ele></trkpt>
   <trkpt lat="52.349123" lon="13.628808"><ele>36</ele></trkpt>
   <trkpt lat="52.349371" lon="13.62862"><ele>36</ele></trkpt>
   <trkpt lat="52.349576" lon="13.628457"><ele>35.5</ele></trkpt>
   <trkpt lat="52.349637" lon="13.628425"><ele>35.25</ele></trkpt>
   <trkpt lat="52.349707" lon="13.628414"><ele>35</ele></trkpt>
   <trkpt lat="52.349762" lon="13.628378"><ele>35</ele></trkpt>
   <trkpt lat="52.349834" lon="13.628324"><ele>35</ele></trkpt>
   <trkpt lat="52.349801" lon="13.628209"><ele>35.25</ele></trkpt>
   <trkpt lat="52.349853" lon="13.62817"><ele>35.25</ele></trkpt>
   <trkpt lat="52.349936" lon="13.628112"><ele>35</ele></trkpt>
   <trkpt lat="52.349975" lon="13.628098"><ele>35</ele></trkpt>
   <trkpt lat="52.350068" lon="13.628093"><ele>35</ele></trkpt>
   <trkpt lat="52.350089" lon="13.627948"><ele>35.25</ele></trkpt>
   <trkpt lat="52.350101" lon="13.627898"><ele>35.25</ele></trkpt>
   <trkpt lat="52.350113" lon="13.627847"><ele>35.25</ele></trkpt>
   <trkpt lat="52.350196" lon="13.62769"><ele>35.25</ele></trkpt>
   <trkpt lat="52.350235" lon="13.627621"><ele>35</ele></trkpt>
   <trkpt lat="52.350248" lon="13.627598"><ele>35</ele></trkpt>
   <trkpt lat="52.350377" lon="13.627386"><ele>35</ele></trkpt>
   <trkpt lat="52.350501" lon="13.627182"><ele>35</ele></trkpt>
   <trkpt lat="52.35062" lon="13.626986"><ele>35.75</ele></trkpt>
   <trkpt lat="52.350812" lon="13.62667"><ele>36</ele></trkpt>
   <trkpt lat="52.350854" lon="13.626601"><ele>35.75</ele></trkpt>
   <trkpt lat="52.351175" lon="13.626069"><ele>36</ele></trkpt>
   <trkpt lat="52.351204" lon="13.626018"><ele>36</ele></trkpt>
   <trkpt lat="52.35129" lon="13.625966"><ele>36</ele></trkpt>
   <trkpt lat="52.351759" lon="13.62568"><ele>35</ele></trkpt>
   <trkpt lat="52.35269" lon="13.625143"><ele>34.5</ele></trkpt>
   <trkpt lat="52.353554" lon="13.624662"><ele>35</ele></trkpt>
   <trkpt lat="52.353705" lon="13.624588"><ele>35.25</ele></trkpt>
   <trkpt lat="52.354068" lon="13.62457"><ele>35.25</ele></trkpt>
   <trkpt lat="52.354408" lon="13.624522"><ele>35.5</ele></trkpt>
   <trkpt lat="52.355083" lon="13.624448"><ele>35.75</ele></trkpt>
   <trkpt lat="52.355581" lon="13.624396"><ele>36</ele></trkpt>
   <trkpt lat="52.355798" lon="13.624388"><ele>36</ele></trkpt>
   <trkpt lat="52.356289" lon="13.624371"><ele>35.25</ele></trkpt>
   <trkpt lat="52.356411" lon="13.624414"><ele>35</ele></trkpt>
   <trkpt lat="52.3565" lon="13.624504"><ele>35</ele></trkpt>
   <trkpt lat="52.356666" lon="13.624726"><ele>34.75</ele></trkpt>
   <trkpt lat="52.356698" lon="13.624753"><ele>34.75</ele></trkpt>
   <trkpt lat="52.356714" lon="13.624766"><ele>34.75</ele></trkpt>
   <trkpt lat="52.356708" lon="13.624847"><ele>34.75</ele></trkpt>
   <trkpt lat="52.356715" lon="13.625028"><ele>34.75</ele></trkpt>
   <trkpt lat="52.356721" lon="13.625058"><ele>34.5</ele></trkpt>
   <trkpt lat="52.356765" lon="13.625246"><ele>34.25</ele></trkpt>
   <trkpt lat="52.356877" lon="13.625759"><ele>35</ele></trkpt>
   <trkpt lat="52.356928" lon="13.625724"><ele>35</ele></trkpt>
   <trkpt lat="52.356958" lon="13.625827"><ele>34.75</ele></trkpt>
   <trkpt lat="52.357002" lon="13.625932"><ele>35</ele></trkpt>
   <trkpt lat="52.357054" lon="13.62589"><ele>35</ele></trkpt>
   <trkpt lat="52.357324" lon="13.625752"><ele>34.75</ele></trkpt>
   <trkpt lat="52.357704" lon="13.62559"><ele>35</ele></trkpt>
   <trkpt lat="52.357754" lon="13.625577"><ele>35</ele></trkpt>
   <trkpt lat="52.357964" lon="13.625526"><ele>35</ele></trkpt>
   <trkpt lat="52.358006" lon="13.625518"><ele>35</ele></trkpt>
   <trkpt lat="52.358179" lon="13.625488"><ele>35</ele></trkpt>
   <trkpt lat="52.358483" lon="13.625468"><ele>35</ele></trkpt>
   <trkpt lat="52.358719" lon="13.625458"><ele>35.25</ele></trkpt>
   <trkpt lat="52.358789" lon="13.625456"><ele>35.25</ele></trkpt>
   <trkpt lat="52.358956" lon="13.62545"><ele>35.5</ele></trkpt>
   <trkpt lat="52.359069" lon="13.625446"><ele>35.75</ele></trkpt>
   <trkpt lat="52.359227" lon="13.62544"><ele>35.75</ele></trkpt>
   <trkpt lat="52.359294" lon="13.625437"><ele>35.5</ele></trkpt>
   <trkpt lat="52.359566" lon="13.625428"><ele>35</ele></trkpt>
   <trkpt lat="52.359604" lon="13.625426"><ele>35.25</ele></trkpt>
   <trkpt lat="52.35991" lon="13.625415"><ele>35.25</ele></trkpt>
   <trkpt lat="52.359973" lon="13.625412"><ele>35.25</ele></trkpt>
   <trkpt lat="52.360105" lon="13.625405"><ele>35.25</ele></trkpt>
   <trkpt lat="52.360262" lon="13.625404"><ele>35.25</ele></trkpt>
   <trkpt lat="52.360451" lon="13.625397"><ele>35</ele></trkpt>
   <trkpt lat="52.36049" lon="13.625395"><ele>35</ele></trkpt>
   <trkpt lat="52.360611" lon="13.625391"><ele>35</ele></trkpt>
   <trkpt lat="52.36073" lon="13.625387"><ele>35</ele></trkpt>
   <trkpt lat="52.360844" lon="13.625384"><ele>35</ele></trkpt>
   <trkpt lat="52.360964" lon="13.62538"><ele>35</ele></trkpt>
   <trkpt lat="52.361517" lon="13.62535"><ele>35</ele></trkpt>
   <trkpt lat="52.361805" lon="13.62534"><ele>35</ele></trkpt>
   <trkpt lat="52.361982" lon="13.625333"><ele>35</ele></trkpt>
   <trkpt lat="52.362138" lon="13.625326"><ele>35</ele></trkpt>
   <trkpt lat="52.362425" lon="13.625311"><ele>35</ele></trkpt>
   <trkpt lat="52.362467" lon="13.625309"><ele>35</ele></trkpt>
   <trkpt lat="52.362504" lon="13.625308"><ele>35</ele></trkpt>
   <trkpt lat="52.362761" lon="13.625295"><ele>35</ele></trkpt>
   <trkpt lat="52.362803" lon="13.625294"><ele>35</ele></trkpt>
   <trkpt lat="52.363014" lon="13.625289"><ele>35</ele></trkpt>
   <trkpt lat="52.363211" lon="13.625285"><ele>35</ele></trkpt>
   <trkpt lat="52.363662" lon="13.625263"><ele>35</ele></trkpt>
   <trkpt lat="52.363718" lon="13.625261"><ele>35</ele></trkpt>
   <trkpt lat="52.364043" lon="13.625246"><ele>35</ele></trkpt>
   <trkpt lat="52.364086" lon="13.625244"><ele>35</ele></trkpt>
   <trkpt lat="52.364301" lon="13.625234"><ele>35</ele></trkpt>
   <trkpt lat="52.364724" lon="13.62521"><ele>35</ele></trkpt>
   <trkpt lat="52.364942" lon="13.625198"><ele>35</ele></trkpt>
   <trkpt lat="52.365396" lon="13.62518"><ele>35</ele></trkpt>
   <trkpt lat="52.365459" lon="13.625177"><ele>35</ele></trkpt>
   <trkpt lat="52.365595" lon="13.625172"><ele>35</ele></trkpt>
   <trkpt lat="52.365712" lon="13.62514"><ele>35</ele></trkpt>
   <trkpt lat="52.365848" lon="13.625086"><ele>35</ele></trkpt>
   <trkpt lat="52.365879" lon="13.625072"><ele>35</ele></trkpt>
   <trkpt lat="52.365999" lon="13.625013"><ele>35</ele></trkpt>
   <trkpt lat="52.366166" lon="13.624928"><ele>35</ele></trkpt>
   <trkpt lat="52.366246" lon="13.624888"><ele>35</ele></trkpt>
   <trkpt lat="52.366382" lon="13.624819"><ele>35</ele></trkpt>
   <trkpt lat="52.366416" lon="13.624802"><ele>35</ele></trkpt>
   <trkpt lat="52.366613" lon="13.624702"><ele>35</ele></trkpt>
   <trkpt lat="52.366813" lon="13.624601"><ele>35</ele></trkpt>
   <trkpt lat="52.367072" lon="13.624469"><ele>35</ele></trkpt>
   <trkpt lat="52.367156" lon="13.624426"><ele>35</ele></trkpt>
   <trkpt lat="52.367289" lon="13.624358"><ele>35</ele></trkpt>
   <trkpt lat="52.367746" lon="13.624127"><ele>35</ele></trkpt>
   <trkpt lat="52.367809" lon="13.624095"><ele>35</ele></trkpt>
   <trkpt lat="52.367874" lon="13.624062"><ele>35</ele></trkpt>
   <trkpt lat="52.368073" lon="13.623963"><ele>35</ele></trkpt>
   <trkpt lat="52.368301" lon="13.623849"><ele>35</ele></trkpt>
   <trkpt lat="52.368474" lon="13.623763"><ele>35</ele></trkpt>
   <trkpt lat="52.368733" lon="13.623633"><ele>35</ele></trkpt>
   <trkpt lat="52.368796" lon="13.623602"><ele>35</ele></trkpt>
   <trkpt lat="52.368852" lon="13.623572"><ele>35</ele></trkpt>
   <trkpt lat="52.369101" lon="13.623442"><ele>35</ele></trkpt>
   <trkpt lat="52.36923" lon="13.623374"><ele>35</ele></trkpt>
   <trkpt lat="52.369261" lon="13.623358"><ele>35</ele></trkpt>
   <trkpt lat="52.369499" lon="13.623246"><ele>35</ele></trkpt>
   <trkpt lat="52.369603" lon="13.623224"><ele>35</ele></trkpt>
   <trkpt lat="52.369671" lon="13.623236"><ele>35</ele></trkpt>
   <trkpt lat="52.369721" lon="13.623266"><ele>35</ele></trkpt>
   <trkpt lat="52.369779" lon="13.62334"><ele>35</ele></trkpt>
   <trkpt lat="52.369831" lon="13.623459"><ele>35</ele></trkpt>
   <trkpt lat="52.369891" lon="13.623485"><ele>35</ele></trkpt>
   <trkpt lat="52.369947" lon="13.623483"><ele>35</ele></trkpt>
   <trkpt lat="52.37013" lon="13.623367"><ele>35</ele></trkpt>
   <trkpt lat="52.370177" lon="13.623336"><ele>35</ele></trkpt>
   <trkpt lat="52.370373" lon="13.623208"><ele>35</ele></trkpt>
   <trkpt lat="52.370641" lon="13.623034"><ele>34.5</ele></trkpt>
   <trkpt lat="52.370686" lon="13.623004"><ele>34.5</ele></trkpt>
   <trkpt lat="52.370734" lon="13.622971"><ele>34.5</ele></trkpt>
   <trkpt lat="52.370941" lon="13.622827"><ele>34.5</ele></trkpt>
   <trkpt lat="52.371175" lon="13.622661"><ele>34.25</ele></trkpt>
   <trkpt lat="52.371233" lon="13.622607"><ele>34.5</ele></trkpt>
   <trkpt lat="52.371503" lon="13.622368"><ele>35</ele></trkpt>
   <trkpt lat="52.37156" lon="13.622318"><ele>35</ele></trkpt>
   <trkpt lat="52.371618" lon="13.622262"><ele>35</ele></trkpt>
   <trkpt lat="52.371936" lon="13.621964"><ele>35</ele></trkpt>
   <trkpt lat="52.372078" lon="13.621836"><ele>35</ele></trkpt>
   <trkpt lat="52.372125" lon="13.621794"><ele>35</ele></trkpt>
   <trkpt lat="52.372305" lon="13.621631"><ele>35</ele></trkpt>
   <trkpt lat="52.372361" lon="13.62158"><ele>35</ele></trkpt>
   <trkpt lat="52.37242" lon="13.621527"><ele>35</ele></trkpt>
   <trkpt lat="52.372653" lon="13.621318"><ele>35</ele></trkpt>
   <trkpt lat="52.372784" lon="13.621202"><ele>35</ele></trkpt>
   <trkpt lat="52.372896" lon="13.621099"><ele>35</ele></trkpt>
   <trkpt lat="52.373118" lon="13.620896"><ele>34.75</ele></trkpt>
   <trkpt lat="52.373174" lon="13.620845"><ele>34.5</ele></trkpt>
   <trkpt lat="52.373226" lon="13.620797"><ele>34.25</ele></trkpt>
   <trkpt lat="52.373502" lon="13.620543"><ele>35</ele></trkpt>
   <trkpt lat="52.373634" lon="13.620421"><ele>35</ele></trkpt>
   <trkpt lat="52.373759" lon="13.620306"><ele>35</ele></trkpt>
   <trkpt lat="52.373919" lon="13.620159"><ele>35</ele></trkpt>
   <trkpt lat="52.373949" lon="13.620132"><ele>35</ele></trkpt>
   <trkpt lat="52.373984" lon="13.620099"><ele>35</ele></trkpt>
   <trkpt lat="52.374014" lon="13.620072"><ele>35</ele></trkpt>
   <trkpt lat="52.374035" lon="13.620052"><ele>35</ele></trkpt>
   <trkpt lat="52.374255" lon="13.61985"><ele>35</ele></trkpt>
   <trkpt lat="52.374283" lon="13.619825"><ele>35</ele></trkpt>
   <trkpt lat="52.374489" lon="13.619637"><ele>35</ele></trkpt>
   <trkpt lat="52.374741" lon="13.619406"><ele>34.75</ele></trkpt>
   <trkpt lat="52.374894" lon="13.619265"><ele>35</ele></trkpt>
   <trkpt lat="52.375131" lon="13.619045"><ele>35</ele></trkpt>
   <trkpt lat="52.375188" lon="13.618992"><ele>35</ele></trkpt>
   <trkpt lat="52.375266" lon="13.618922"><ele>35</ele></trkpt>
   <trkpt lat="52.375399" lon="13.618802"><ele>35</ele></trkpt>
   <trkpt lat="52.375543" lon="13.618673"><ele>35</ele></trkpt>
   <trkpt lat="52.375618" lon="13.618605"><ele>35</ele></trkpt>
   <trkpt lat="52.375671" lon="13.618557"><ele>35</ele></trkpt>
   <trkpt lat="52.37597" lon="13.618286"><ele>35</ele></trkpt>
   <trkpt lat="52.37604" lon="13.618222"><ele>35</ele></trkpt>
   <trkpt lat="52.376297" lon="13.617988"><ele>35</ele></trkpt>
   <trkpt lat="52.376336" lon="13.617954"><ele>35</ele></trkpt>
   <trkpt lat="52.376464" lon="13.617837"><ele>35</ele></trkpt>
   <trkpt lat="52.376528" lon="13.617779"><ele>35</ele></trkpt>
   <trkpt lat="52.376769" lon="13.61756"><ele>35</ele></trkpt>
   <trkpt lat="52.376808" lon="13.617525"><ele>35</ele></trkpt>
   <trkpt lat="52.377274" lon="13.617099"><ele>35</ele></trkpt>
   <trkpt lat="52.377329" lon="13.617049"><ele>35</ele></trkpt>
   <trkpt lat="52.377322" lon="13.61703"><ele>35</ele></trkpt>
   <trkpt lat="52.377288" lon="13.616934"><ele>35</ele></trkpt>
   <trkpt lat="52.377345" lon="13.616869"><ele>35</ele></trkpt>
   <trkpt lat="52.377548" lon="13.616682"><ele>35</ele></trkpt>
   <trkpt lat="52.377558" lon="13.616673"><ele>35</ele></trkpt>
   <trkpt lat="52.377617" lon="13.616619"><ele>35</ele></trkpt>
   <trkpt lat="52.377786" lon="13.616464"><ele>35</ele></trkpt>
   <trkpt lat="52.377868" lon="13.616388"><ele>35</ele></trkpt>
   <trkpt lat="52.377879" lon="13.616378"><ele>35</ele></trkpt>
   <trkpt lat="52.378006" lon="13.616261"><ele>35</ele></trkpt>
   <trkpt lat="52.378106" lon="13.616169"><ele>35</ele></trkpt>
   <trkpt lat="52.378113" lon="13.616163"><ele>35</ele></trkpt>
   <trkpt lat="52.378266" lon="13.616023"><ele>35</ele></trkpt>
   <trkpt lat="52.378304" lon="13.615988"><ele>35</ele></trkpt>
   <trkpt lat="52.378378" lon="13.61592"><ele>34.75</ele></trkpt>
   <trkpt lat="52.378383" lon="13.615915"><ele>34.75</ele></trkpt>
   <trkpt lat="52.378466" lon="13.615838"><ele>34.75</ele></trkpt>
   <trkpt lat="52.378498" lon="13.615809"><ele>34.75</ele></trkpt>
   <trkpt lat="52.378672" lon="13.615648"><ele>35</ele></trkpt>
   <trkpt lat="52.378721" lon="13.615603"><ele>35</ele></trkpt>
   <trkpt lat="52.378748" lon="13.615578"><ele>35</ele></trkpt>
   <trkpt lat="52.378759" lon="13.615568"><ele>35</ele></trkpt>
   <trkpt lat="52.378885" lon="13.615453"><ele>35</ele></trkpt>
   <trkpt lat="52.378999" lon="13.61535"><ele>35</ele></trkpt>
   <trkpt lat="52.379026" lon="13.615325"><ele>35</ele></trkpt>
   <trkpt lat="52.379108" lon="13.61525"><ele>35</ele></trkpt>
   <trkpt lat="52.379153" lon="13.615209"><ele>35</ele></trkpt>
   <trkpt lat="52.379174" lon="13.615191"><ele>35</ele></trkpt>
   <trkpt lat="52.379199" lon="13.615168"><ele>34.75</ele></trkpt>
   <trkpt lat="52.379235" lon="13.615135"><ele>35</ele></trkpt>
   <trkpt lat="52.379249" lon="13.615123"><ele>35</ele></trkpt>
   <trkpt lat="52.379333" lon="13.615046"><ele>35</ele></trkpt>
   <trkpt lat="52.37936" lon="13.615021"><ele>35</ele></trkpt>
   <trkpt lat="52.379396" lon="13.614988"><ele>35</ele></trkpt>
   <trkpt lat="52.379444" lon="13.614945"><ele>35</ele></trkpt>
   <trkpt lat="52.379472" lon="13.61492"><ele>35</ele></trkpt>
   <trkpt lat="52.379542" lon="13.614857"><ele>35</ele></trkpt>
   <trkpt lat="52.379567" lon="13.614834"><ele>35</ele></trkpt>
   <trkpt lat="52.379644" lon="13.614765"><ele>35</ele></trkpt>
   <trkpt lat="52.379679" lon="13.614733"><ele>35</ele></trkpt>
   <trkpt lat="52.379689" lon="13.614724"><ele>35</ele></trkpt>
   <trkpt lat="52.379743" lon="13.614676"><ele>35</ele></trkpt>
   <trkpt lat="52.379861" lon="13.61457"><ele>35</ele></trkpt>
   <trkpt lat="52.379908" lon="13.614528"><ele>35</ele></trkpt>
   <trkpt lat="52.379943" lon="13.614496"><ele>35</ele></trkpt>
   <trkpt lat="52.379971" lon="13.614469"><ele>35</ele></trkpt>
   <trkpt lat="52.380067" lon="13.614377"><ele>35</ele></trkpt>
   <trkpt lat="52.38019" lon="13.614517"><ele>35</ele></trkpt>
   <trkpt lat="52.380682" lon="13.615143"><ele>35</ele></trkpt>
   <trkpt lat="52.382163" lon="13.616792"><ele>35</ele></trkpt>
   <trkpt lat="52.382262" lon="13.616914"><ele>35</ele></trkpt>
   <trkpt lat="52.38236" lon="13.616724"><ele>35</ele></trkpt>
   <trkpt lat="52.382803" lon="13.61626"><ele>35</ele></trkpt>
   <trkpt lat="52.383977" lon="13.615326"><ele>34.75</ele></trkpt>
   <trkpt lat="52.384222" lon="13.615307"><ele>35</ele></trkpt>
   <trkpt lat="52.384548" lon="13.614942"><ele>35</ele></trkpt>
   <trkpt lat="52.38462" lon="13.614618"><ele>35</ele></trkpt>
   <trkpt lat="52.385604" lon="13.615659"><ele>35.5</ele></trkpt>
   <trkpt lat="52.386136" lon="13.614478"><ele>35</ele></trkpt>
   <trkpt lat="52.387637" lon="13.611"><ele>35</ele></trkpt>
   <trkpt lat="52.388105" lon="13.609916"><ele>35</ele></trkpt>
   <trkpt lat="52.3891" lon="13.607593"><ele>35</ele></trkpt>
   <trkpt lat="52.390034" lon="13.605415"><ele>35</ele></trkpt>
   <trkpt lat="52.390109" lon="13.605201"><ele>35</ele></trkpt>
   <trkpt lat="52.392031" lon="13.603443"><ele>35</ele></trkpt>
   <trkpt lat="52.392129" lon="13.603333"><ele>35</ele></trkpt>
   <trkpt lat="52.393289" lon="13.602318"><ele>35</ele></trkpt>
   <trkpt lat="52.394466" lon="13.601234"><ele>35</ele></trkpt>
   <trkpt lat="52.39556" lon="13.600295"><ele>35</ele></trkpt>
   <trkpt lat="52.396549" lon="13.599353"><ele>35</ele></trkpt>
   <trkpt lat="52.399853" lon="13.596302"><ele>35</ele></trkpt>
   <trkpt lat="52.403495" lon="13.593"><ele>35</ele></trkpt>
   <trkpt lat="52.403798" lon="13.592725"><ele>35</ele></trkpt>
   <trkpt lat="52.403919" lon="13.592653"><ele>35</ele></trkpt>
   <trkpt lat="52.404049" lon="13.592359"><ele>35</ele></trkpt>
   <trkpt lat="52.404126" lon="13.59244"><ele>35</ele></trkpt>
   <trkpt lat="52.404594" lon="13.59136"><ele>35</ele></trkpt>
   <trkpt lat="52.405537" lon="13.589141"><ele>35</ele></trkpt>
   <trkpt lat="52.405593" lon="13.589208"><ele>35</ele></trkpt>
   <trkpt lat="52.406398" lon="13.59017"><ele>34.25</ele></trkpt>
   <trkpt lat="52.406479" lon="13.589792"><ele>34.25</ele></trkpt>
   <trkpt lat="52.406531" lon="13.58924"><ele>34.5</ele></trkpt>
   <trkpt lat="52.406637" lon="13.588464"><ele>34</ele></trkpt>
   <trkpt lat="52.406761" lon="13.587902"><ele>34</ele></trkpt>
   <trkpt lat="52.406828" lon="13.586905"><ele>34</ele></trkpt>
   <trkpt lat="52.406892" lon="13.586615"><ele>34</ele></trkpt>
   <trkpt lat="52.406898" lon="13.586625"><ele>34</ele></trkpt>
   <trkpt lat="52.407364" lon="13.586089"><ele>34</ele></trkpt>
   <trkpt lat="52.407584" lon="13.585911"><ele>34</ele></trkpt>
   <trkpt lat="52.407707" lon="13.585777"><ele>34</ele></trkpt>
   <trkpt lat="52.407784" lon="13.585735"><ele>34</ele></trkpt>
   <trkpt lat="52.40795" lon="13.585599"><ele>34</ele></trkpt>
   <trkpt lat="52.40802" lon="13.585556"><ele>34</ele></trkpt>
   <trkpt lat="52.408274" lon="13.585372"><ele>34</ele></trkpt>
   <trkpt lat="52.408929" lon="13.584287"><ele>35</ele></trkpt>
   <trkpt lat="52.409301" lon="13.58314"><ele>35</ele></trkpt>
   <trkpt lat="52.409515" lon="13.58229"><ele>35</ele></trkpt>
   <trkpt lat="52.409527" lon="13.581919"><ele>35</ele></trkpt>
   <trkpt lat="52.409711" lon="13.581769"><ele>35</ele></trkpt>
   <trkpt lat="52.409991" lon="13.581007"><ele>35</ele></trkpt>
   <trkpt lat="52.410468" lon="13.579909"><ele>35</ele></trkpt>
   <trkpt lat="52.410817" lon="13.578938"><ele>35</ele></trkpt>
   <trkpt lat="52.410872" lon="13.578631"><ele>35</ele></trkpt>
   <trkpt lat="52.411556" lon="13.576937"><ele>35</ele></trkpt>
   <trkpt lat="52.411675" lon="13.576593"><ele>35</ele></trkpt>
   <trkpt lat="52.411673" lon="13.576573"><ele>34.75</ele></trkpt>
   <trkpt lat="52.411667" lon="13.576522"><ele>35</ele></trkpt>
   <trkpt lat="52.411883" lon="13.576298"><ele>35</ele></trkpt>
   <trkpt lat="52.412219" lon="13.575983"><ele>35</ele></trkpt>
   <trkpt lat="52.412346" lon="13.575863"><ele>35</ele></trkpt>
   <trkpt lat="52.412638" lon="13.575543"><ele>35</ele></trkpt>
   <trkpt lat="52.412808" lon="13.575338"><ele>34.75</ele></trkpt>
   <trkpt lat="52.413052" lon="13.574997"><ele>35</ele></trkpt>
   <trkpt lat="52.413134" lon="13.574856"><ele>35</ele></trkpt>
   <trkpt lat="52.413306" lon="13.574592"><ele>35</ele></trkpt>
   <trkpt lat="52.413436" lon="13.574348"><ele>35</ele></trkpt>
   <trkpt lat="52.413594" lon="13.574025"><ele>35</ele></trkpt>
   <trkpt lat="52.413678" lon="13.573874"><ele>35</ele></trkpt>
   <trkpt lat="52.413731" lon="13.573978"><ele>35</ele></trkpt>
   <trkpt lat="52.413742" lon="13.574003"><ele>35</ele></trkpt>
   <trkpt lat="52.413894" lon="13.574354"><ele>34.75</ele></trkpt>
   <trkpt lat="52.413948" lon="13.574284"><ele>35</ele></trkpt>
   <trkpt lat="52.413972" lon="13.574263"><ele>35</ele></trkpt>
   <trkpt lat="52.414018" lon="13.574225"><ele>35</ele></trkpt>
   <trkpt lat="52.414208" lon="13.574051"><ele>35</ele></trkpt>
   <trkpt lat="52.414337" lon="13.573933"><ele>35</ele></trkpt>
   <trkpt lat="52.414384" lon="13.573868"><ele>35</ele></trkpt>
   <trkpt lat="52.414416" lon="13.573758"><ele>35</ele></trkpt>
   <trkpt lat="52.414431" lon="13.573627"><ele>35</ele></trkpt>
   <trkpt lat="52.414428" lon="13.573499"><ele>35</ele></trkpt>
   <trkpt lat="52.414403" lon="13.573338"><ele>35</ele></trkpt>
   <trkpt lat="52.414474" lon="13.573205"><ele>35</ele></trkpt>
   <trkpt lat="52.414691" lon="13.573324"><ele>35</ele></trkpt>
   <trkpt lat="52.414909" lon="13.573274"><ele>35</ele></trkpt>
   <trkpt lat="52.415259" lon="13.573139"><ele>35</ele></trkpt>
   <trkpt lat="52.41546" lon="13.572936"><ele>35</ele></trkpt>
   <trkpt lat="52.415717" lon="13.572771"><ele>35</ele></trkpt>
   <trkpt lat="52.415794" lon="13.572727"><ele>35</ele></trkpt>
   <trkpt lat="52.415948" lon="13.572637"><ele>35</ele></trkpt>
   <trkpt lat="52.417049" lon="13.571051"><ele>34.25</ele></trkpt>
   <trkpt lat="52.417751" lon="13.569997"><ele>35</ele></trkpt>
   <trkpt lat="52.417963" lon="13.569663"><ele>34.5</ele></trkpt>
   <trkpt lat="52.41813" lon="13.569378"><ele>35</ele></trkpt>
   <trkpt lat="52.418305" lon="13.569224"><ele>35.75</ele></trkpt>
   <trkpt lat="52.418583" lon="13.568898"><ele>35</ele></trkpt>
   <trkpt lat="52.418803" lon="13.568495"><ele>35.5</ele></trkpt>
   <trkpt lat="52.418953" lon="13.568176"><ele>35.75</ele></trkpt>
   <trkpt lat="52.419066" lon="13.567829"><ele>35.25</ele></trkpt>
   <trkpt lat="52.419167" lon="13.567432"><ele>35</ele></trkpt>
   <trkpt lat="52.419275" lon="13.566897"><ele>35</ele></trkpt>
   <trkpt lat="52.419532" lon="13.565845"><ele>35</ele></trkpt>
   <trkpt lat="52.419693" lon="13.565345"><ele>35</ele></trkpt>
   <trkpt lat="52.419829" lon="13.564993"><ele>35</ele></trkpt>
   <trkpt lat="52.419986" lon="13.564624"><ele>35</ele></trkpt>
   <trkpt lat="52.42037" lon="13.563942"><ele>35.25</ele></trkpt>
   <trkpt lat="52.420917" lon="13.563144"><ele>35.25</ele></trkpt>
   <trkpt lat="52.42115" lon="13.562741"><ele>35</ele></trkpt>
   <trkpt lat="52.42129" lon="13.562514"><ele>35</ele></trkpt>
   <trkpt lat="52.421324" lon="13.562459"><ele>35</ele></trkpt>
   <trkpt lat="52.421593" lon="13.562061"><ele>35</ele></trkpt>
   <trkpt lat="52.421721" lon="13.561872"><ele>35</ele></trkpt>
   <trkpt lat="52.421849" lon="13.561683"><ele>35</ele></trkpt>
   <trkpt lat="52.421976" lon="13.561495"><ele>35</ele></trkpt>
   <trkpt lat="52.422099" lon="13.561313"><ele>35</ele></trkpt>
   <trkpt lat="52.4222" lon="13.561163"><ele>35</ele></trkpt>
   <trkpt lat="52.422367" lon="13.560916"><ele>35.25</ele></trkpt>
   <trkpt lat="52.422485" lon="13.560742"><ele>35</ele></trkpt>
   <trkpt lat="52.422678" lon="13.560456"><ele>35.25</ele></trkpt>
   <trkpt lat="52.423113" lon="13.559793"><ele>36</ele></trkpt>
   <trkpt lat="52.423418" lon="13.559359"><ele>35</ele></trkpt>
   <trkpt lat="52.423711" lon="13.558922"><ele>36</ele></trkpt>
   <trkpt lat="52.423978" lon="13.558531"><ele>35</ele></trkpt>
   <trkpt lat="52.424014" lon="13.55848"><ele>35</ele></trkpt>
   <trkpt lat="52.424106" lon="13.558344"><ele>35</ele></trkpt>
   <trkpt lat="52.424331" lon="13.558014"><ele>35</ele></trkpt>
   <trkpt lat="52.424501" lon="13.557758"><ele>35</ele></trkpt>
   <trkpt lat="52.424771" lon="13.557371"><ele>35.25</ele></trkpt>
   <trkpt lat="52.4256" lon="13.556144"><ele>37</ele></trkpt>
   <trkpt lat="52.425885" lon="13.555722"><ele>36.25</ele></trkpt>
   <trkpt lat="52.426229" lon="13.555219"><ele>33.75</ele></trkpt>
   <trkpt lat="52.42659" lon="13.554672"><ele>38.25</ele></trkpt>
   <trkpt lat="52.427365" lon="13.553525"><ele>35.25</ele></trkpt>
   <trkpt lat="52.427531" lon="13.553297"><ele>35</ele></trkpt>
   <trkpt lat="52.427865" lon="13.55281"><ele>35</ele></trkpt>
   <trkpt lat="52.428442" lon="13.551959"><ele>35</ele></trkpt>
   <trkpt lat="52.428531" lon="13.55183"><ele>35</ele></trkpt>
   <trkpt lat="52.428842" lon="13.551372"><ele>35</ele></trkpt>
   <trkpt lat="52.428874" lon="13.551306"><ele>35</ele></trkpt>
   <trkpt lat="52.428998" lon="13.551128"><ele>35</ele></trkpt>
   <trkpt lat="52.42902" lon="13.551095"><ele>35</ele></trkpt>
   <trkpt lat="52.429069" lon="13.550996"><ele>35</ele></trkpt>
   <trkpt lat="52.429129" lon="13.550919"><ele>35</ele></trkpt>
   <trkpt lat="52.429208" lon="13.55081"><ele>35</ele></trkpt>
   <trkpt lat="52.429256" lon="13.55074"><ele>35</ele></trkpt>
   <trkpt lat="52.429287" lon="13.550692"><ele>35</ele></trkpt>
   <trkpt lat="52.429311" lon="13.550654"><ele>35</ele></trkpt>
   <trkpt lat="52.429323" lon="13.550637"><ele>35</ele></trkpt>
   <trkpt lat="52.429388" lon="13.550528"><ele>35</ele></trkpt>
   <trkpt lat="52.429414" lon="13.550514"><ele>35</ele></trkpt>
   <trkpt lat="52.429808" lon="13.549909"><ele>35</ele></trkpt>
   <trkpt lat="52.429834" lon="13.549897"><ele>35</ele></trkpt>
   <trkpt lat="52.430055" lon="13.549504"><ele>35</ele></trkpt>
   <trkpt lat="52.43007" lon="13.54944"><ele>35</ele></trkpt>
   <trkpt lat="52.430141" lon="13.549321"><ele>35</ele></trkpt>
   <trkpt lat="52.430229" lon="13.549182"><ele>35</ele></trkpt>
   <trkpt lat="52.430279" lon="13.549145"><ele>35</ele></trkpt>
   <trkpt lat="52.43034" lon="13.54903"><ele>35</ele></trkpt>
   <trkpt lat="52.430806" lon="13.54826"><ele>35</ele></trkpt>
   <trkpt lat="52.430929" lon="13.548054"><ele>35</ele></trkpt>
   <trkpt lat="52.430986" lon="13.547958"><ele>35</ele></trkpt>
   <trkpt lat="52.431278" lon="13.547477"><ele>34.75</ele></trkpt>
   <trkpt lat="52.431529" lon="13.547077"><ele>34.75</ele></trkpt>
   <trkpt lat="52.431557" lon="13.547035"><ele>34.75</ele></trkpt>
   <trkpt lat="52.431604" lon="13.546946"><ele>34.75</ele></trkpt>
   <trkpt lat="52.431648" lon="13.546878"><ele>35</ele></trkpt>
   <trkpt lat="52.431741" lon="13.546741"><ele>35</ele></trkpt>
   <trkpt lat="52.432203" lon="13.546081"><ele>34.75</ele></trkpt>
   <trkpt lat="52.432354" lon="13.545851"><ele>34.5</ele></trkpt>
   <trkpt lat="52.432364" lon="13.545873"><ele>34.5</ele></trkpt>
   <trkpt lat="52.43246" lon="13.546125"><ele>35</ele></trkpt>
   <trkpt lat="52.432631" lon="13.546576"><ele>34.5</ele></trkpt>
   <trkpt lat="52.432679" lon="13.546708"><ele>34.25</ele></trkpt>
   <trkpt lat="52.432838" lon="13.547122"><ele>34</ele></trkpt>
   <trkpt lat="52.432872" lon="13.547209"><ele>34</ele></trkpt>
   <trkpt lat="52.432919" lon="13.547141"><ele>34</ele></trkpt>
   <trkpt lat="52.433463" lon="13.5464"><ele>34.25</ele></trkpt>
   <trkpt lat="52.433878" lon="13.545813"><ele>34</ele></trkpt>
   <trkpt lat="52.433999" lon="13.545639"><ele>34</ele></trkpt>
   <trkpt lat="52.43433" lon="13.545165"><ele>34</ele></trkpt>
   <trkpt lat="52.434336" lon="13.545156"><ele>34</ele></trkpt>
   <trkpt lat="52.434373" lon="13.545107"><ele>34</ele></trkpt>
   <trkpt lat="52.434415" lon="13.545041"><ele>34</ele></trkpt>
   <trkpt lat="52.434424" lon="13.545027"><ele>34</ele></trkpt>
   <trkpt lat="52.434557" lon="13.544841"><ele>34.5</ele></trkpt>
   <trkpt lat="52.434886" lon="13.544388"><ele>34.75</ele></trkpt>
   <trkpt lat="52.434928" lon="13.544331"><ele>34.5</ele></trkpt>
   <trkpt lat="52.434965" lon="13.544281"><ele>34.25</ele></trkpt>
   <trkpt lat="52.435183" lon="13.543983"><ele>34</ele></trkpt>
   <trkpt lat="52.43545" lon="13.543612"><ele>34.75</ele></trkpt>
   <trkpt lat="52.43571" lon="13.543255"><ele>34.75</ele></trkpt>
   <trkpt lat="52.435944" lon="13.542937"><ele>35</ele></trkpt>
   <trkpt lat="52.435954" lon="13.542925"><ele>35</ele></trkpt>
   <trkpt lat="52.436002" lon="13.542869"><ele>35</ele></trkpt>
   <trkpt lat="52.436051" lon="13.542814"><ele>35</ele></trkpt>
   <trkpt lat="52.436069" lon="13.542796"><ele>35</ele></trkpt>
   <trkpt lat="52.436374" lon="13.54246"><ele>35</ele></trkpt>
   <trkpt lat="52.436571" lon="13.542243"><ele>35</ele></trkpt>
   <trkpt lat="52.43661" lon="13.542201"><ele>35</ele></trkpt>
   <trkpt lat="52.437065" lon="13.54171"><ele>35</ele></trkpt>
   <trkpt lat="52.437119" lon="13.541652"><ele>35</ele></trkpt>
   <trkpt lat="52.437164" lon="13.541604"><ele>35</ele></trkpt>
   <trkpt lat="52.437196" lon="13.541569"><ele>35</ele></trkpt>
   <trkpt lat="52.437245" lon="13.541517"><ele>35</ele></trkpt>
   <trkpt lat="52.437905" lon="13.540812"><ele>35</ele></trkpt>
   <trkpt lat="52.437945" lon="13.540769"><ele>35</ele></trkpt>
   <trkpt lat="52.437996" lon="13.540714"><ele>35</ele></trkpt>
   <trkpt lat="52.43833" lon="13.540342"><ele>35</ele></trkpt>
   <trkpt lat="52.438395" lon="13.540264"><ele>35</ele></trkpt>
   <trkpt lat="52.438879" lon="13.539727"><ele>35</ele></trkpt>
   <trkpt lat="52.438913" lon="13.5397"><ele>35</ele></trkpt>
   <trkpt lat="52.438931" lon="13.53969"><ele>35</ele></trkpt>
   <trkpt lat="52.438961" lon="13.539682"><ele>35</ele></trkpt>
   <trkpt lat="52.438989" lon="13.539674"><ele>35</ele></trkpt>
   <trkpt lat="52.439337" lon="13.539696"><ele>35</ele></trkpt>
   <trkpt lat="52.439697" lon="13.539726"><ele>35</ele></trkpt>
   <trkpt lat="52.439734" lon="13.539726"><ele>35</ele></trkpt>
   <trkpt lat="52.439788" lon="13.53969"><ele>35</ele></trkpt>
   <trkpt lat="52.43985" lon="13.539584"><ele>35</ele></trkpt>
   <trkpt lat="52.439917" lon="13.539313"><ele>35</ele></trkpt>
   <trkpt lat="52.439951" lon="13.539332"><ele>35</ele></trkpt>
   <trkpt lat="52.440556" lon="13.53967"><ele>35</ele></trkpt>
   <trkpt lat="52.440985" lon="13.539904"><ele>36</ele></trkpt>
   <trkpt lat="52.44157" lon="13.540175"><ele>35.25</ele></trkpt>
   <trkpt lat="52.441616" lon="13.540184"><ele>35</ele></trkpt>
   <trkpt lat="52.441619" lon="13.540122"><ele>35</ele></trkpt>
   <trkpt lat="52.441686" lon="13.540134"><ele>35</ele></trkpt>
   <trkpt lat="52.441804" lon="13.540114"><ele>35.25</ele></trkpt>
   <trkpt lat="52.441891" lon="13.540046"><ele>35.75</ele></trkpt>
   <trkpt lat="52.441952" lon="13.539947"><ele>35.75</ele></trkpt>
   <trkpt lat="52.441959" lon="13.539883"><ele>35.75</ele></trkpt>
   <trkpt lat="52.442132" lon="13.539947"><ele>35.25</ele></trkpt>
   <trkpt lat="52.442261" lon="13.539967"><ele>35</ele></trkpt>
   <trkpt lat="52.442381" lon="13.539997"><ele>35</ele></trkpt>
   <trkpt lat="52.442446" lon="13.540006"><ele>35</ele></trkpt>
   <trkpt lat="52.442499" lon="13.540032"><ele>35</ele></trkpt>
   <trkpt lat="52.442548" lon="13.539819"><ele>34.75</ele></trkpt>
   <trkpt lat="52.442741" lon="13.539571"><ele>34</ele></trkpt>
   <trkpt lat="52.442821" lon="13.539455"><ele>34</ele></trkpt>
   <trkpt lat="52.443136" lon="13.539"><ele>34</ele></trkpt>
   <trkpt lat="52.443263" lon="13.538823"><ele>34</ele></trkpt>
   <trkpt lat="52.4439" lon="13.538035"><ele>34</ele></trkpt>
   <trkpt lat="52.444029" lon="13.537855"><ele>34.25</ele></trkpt>
   <trkpt lat="52.444089" lon="13.537775"><ele>34.25</ele></trkpt>
   <trkpt lat="52.445091" lon="13.536411"><ele>34.75</ele></trkpt>
   <trkpt lat="52.44694" lon="13.533646"><ele>35</ele></trkpt>
   <trkpt lat="52.447296" lon="13.533102"><ele>35</ele></trkpt>
   <trkpt lat="52.447475" lon="13.532903"><ele>35</ele></trkpt>
   <trkpt lat="52.447581" lon="13.53292"><ele>35</ele></trkpt>
   <trkpt lat="52.447653" lon="13.532903"><ele>35</ele></trkpt>
   <trkpt lat="52.447654" lon="13.532799"><ele>35</ele></trkpt>
   <trkpt lat="52.447673" lon="13.532575"><ele>35.25</ele></trkpt>
   <trkpt lat="52.447686" lon="13.532466"><ele>35.5</ele></trkpt>
   <trkpt lat="52.447726" lon="13.532295"><ele>35</ele></trkpt>
   <trkpt lat="52.447756" lon="13.532188"><ele>35</ele></trkpt>
   <trkpt lat="52.447795" lon="13.532093"><ele>35</ele></trkpt>
   <trkpt lat="52.447832" lon="13.532075"><ele>35</ele></trkpt>
   <trkpt lat="52.447963" lon="13.532091"><ele>35</ele></trkpt>
   <trkpt lat="52.447985" lon="13.532094"><ele>35</ele></trkpt>
   <trkpt lat="52.44826" lon="13.53213"><ele>35</ele></trkpt>
   <trkpt lat="52.448263" lon="13.532029"><ele>35</ele></trkpt>
   <trkpt lat="52.448268" lon="13.531946"><ele>35</ele></trkpt>
   <trkpt lat="52.448273" lon="13.531868"><ele>35</ele></trkpt>
   <trkpt lat="52.448359" lon="13.531129"><ele>35</ele></trkpt>
   <trkpt lat="52.448392" lon="13.530965"><ele>35</ele></trkpt>
   <trkpt lat="52.4486" lon="13.529943"><ele>35</ele></trkpt>
   <trkpt lat="52.448629" lon="13.529808"><ele>35</ele></trkpt>
   <trkpt lat="52.448725" lon="13.529374"><ele>35</ele></trkpt>
   <trkpt lat="52.448926" lon="13.528445"><ele>35</ele></trkpt>
   <trkpt lat="52.449002" lon="13.528087"><ele>35</ele></trkpt>
   <trkpt lat="52.449171" lon="13.527288"><ele>35</ele></trkpt>
   <trkpt lat="52.449237" lon="13.526902"><ele>35</ele></trkpt>
   <trkpt lat="52.449249" lon="13.526835"><ele>35</ele></trkpt>
   <trkpt lat="52.449289" lon="13.526596"><ele>34.75</ele></trkpt>
   <trkpt lat="52.449394" lon="13.525983"><ele>34.75</ele></trkpt>
   <trkpt lat="52.449405" lon="13.525904"><ele>34.75</ele></trkpt>
   <trkpt lat="52.449504" lon="13.525219"><ele>34</ele></trkpt>
   <trkpt lat="52.449543" lon="13.524944"><ele>34.25</ele></trkpt>
   <trkpt lat="52.449579" lon="13.524665"><ele>34</ele></trkpt>
   <trkpt lat="52.44965" lon="13.524368"><ele>34.25</ele></trkpt>
   <trkpt lat="52.449698" lon="13.524282"><ele>34</ele></trkpt>
   <trkpt lat="52.449797" lon="13.524213"><ele>34.25</ele></trkpt>
   <trkpt lat="52.450105" lon="13.52405"><ele>34.75</ele></trkpt>
   <trkpt lat="52.450247" lon="13.523974"><ele>34.25</ele></trkpt>
   <trkpt lat="52.450859" lon="13.523636"><ele>34</ele></trkpt>
   <trkpt lat="52.451028" lon="13.523543"><ele>34</ele></trkpt>
   <trkpt lat="52.45137" lon="13.523354"><ele>34</ele></trkpt>
   <trkpt lat="52.451492" lon="13.523311"><ele>34</ele></trkpt>
   <trkpt lat="52.451642" lon="13.523266"><ele>34</ele></trkpt>
   <trkpt lat="52.451669" lon="13.523266"><ele>34</ele></trkpt>
   <trkpt lat="52.451683" lon="13.523266"><ele>34</ele></trkpt>
   <trkpt lat="52.451792" lon="13.523266"><ele>34</ele></trkpt>
   <trkpt lat="52.451965" lon="13.523286"><ele>34</ele></trkpt>
   <trkpt lat="52.45205" lon="13.523316"><ele>34</ele></trkpt>
   <trkpt lat="52.452157" lon="13.523367"><ele>34</ele></trkpt>
   <trkpt lat="52.452357" lon="13.523486"><ele>34</ele></trkpt>
   <trkpt lat="52.452405" lon="13.523514"><ele>34</ele></trkpt>
   <trkpt lat="52.452427" lon="13.523409"><ele>34</ele></trkpt>
   <trkpt lat="52.452693" lon="13.522105"><ele>34.25</ele></trkpt>
   <trkpt lat="52.452801" lon="13.521585"><ele>34.25</ele></trkpt>
   <trkpt lat="52.452833" lon="13.52143"><ele>34.75</ele></trkpt>
   <trkpt lat="52.452838" lon="13.521405"><ele>34.75</ele></trkpt>
   <trkpt lat="52.452896" lon="13.521125"><ele>34.25</ele></trkpt>
   <trkpt lat="52.453121" lon="13.520038"><ele>35</ele></trkpt>
   <trkpt lat="52.453142" lon="13.519936"><ele>35</ele></trkpt>
   <trkpt lat="52.453454" lon="13.518427"><ele>35</ele></trkpt>
   <trkpt lat="52.453478" lon="13.518312"><ele>35</ele></trkpt>
   <trkpt lat="52.453261" lon="13.517911"><ele>35</ele></trkpt>
   <trkpt lat="52.45322" lon="13.517836"><ele>35</ele></trkpt>
   <trkpt lat="52.453173" lon="13.51775"><ele>35</ele></trkpt>
   <trkpt lat="52.453007" lon="13.51744"><ele>35</ele></trkpt>
   <trkpt lat="52.452866" lon="13.517191"><ele>35</ele></trkpt>
   <trkpt lat="52.45276" lon="13.516995"><ele>35</ele></trkpt>
   <trkpt lat="52.452746" lon="13.51689"><ele>35</ele></trkpt>
   <trkpt lat="52.452797" lon="13.516556"><ele>35</ele></trkpt>
   <trkpt lat="52.452867" lon="13.516123"><ele>35</ele></trkpt>
   <trkpt lat="52.452792" lon="13.516107"><ele>35</ele></trkpt>
   <trkpt lat="52.452855" lon="13.515707"><ele>35</ele></trkpt>
   <trkpt lat="52.452901" lon="13.515415"><ele>34.75</ele></trkpt>
   <trkpt lat="52.45294" lon="13.515356"><ele>34.5</ele></trkpt>
   <trkpt lat="52.453032" lon="13.515219"><ele>34</ele></trkpt>
   <trkpt lat="52.453022" lon="13.515171"><ele>34</ele></trkpt>
   <trkpt lat="52.453057" lon="13.515123"><ele>33.75</ele></trkpt>
   <trkpt lat="52.453416" lon="13.514594"><ele>34</ele></trkpt>
   <trkpt lat="52.453436" lon="13.514597"><ele>34</ele></trkpt>
   <trkpt lat="52.453609" lon="13.51433"><ele>34</ele></trkpt>
   <trkpt lat="52.453655" lon="13.514254"><ele>34</ele></trkpt>
   <trkpt lat="52.454202" lon="13.513432"><ele>34</ele></trkpt>
   <trkpt lat="52.454236" lon="13.513375"><ele>34</ele></trkpt>
   <trkpt lat="52.454291" lon="13.513277"><ele>34.25</ele></trkpt>
   <trkpt lat="52.454382" lon="13.513148"><ele>34.25</ele></trkpt>
   <trkpt lat="52.454571" lon="13.51288"><ele>34</ele></trkpt>
   <trkpt lat="52.455025" lon="13.512203"><ele>34</ele></trkpt>
   <trkpt lat="52.455492" lon="13.511478"><ele>34.75</ele></trkpt>
   <trkpt lat="52.455724" lon="13.511147"><ele>35</ele></trkpt>
   <trkpt lat="52.45582" lon="13.511006"><ele>35</ele></trkpt>
   <trkpt lat="52.455868" lon="13.510935"><ele>34.75</ele></trkpt>
   <trkpt lat="52.455944" lon="13.510828"><ele>35</ele></trkpt>
   <trkpt lat="52.456196" lon="13.510471"><ele>35</ele></trkpt>
   <trkpt lat="52.456288" lon="13.510424"><ele>35</ele></trkpt>
   <trkpt lat="52.456354" lon="13.510334"><ele>35</ele></trkpt>
   <trkpt lat="52.456399" lon="13.510197"><ele>35</ele></trkpt>
   <trkpt lat="52.456444" lon="13.510125"><ele>35</ele></trkpt>
   <trkpt lat="52.456493" lon="13.510063"><ele>35</ele></trkpt>
   <trkpt lat="52.456504" lon="13.510041"><ele>35</ele></trkpt>
   <trkpt lat="52.456507" lon="13.510032"><ele>35</ele></trkpt>
   <trkpt lat="52.456513" lon="13.510026"><ele>35</ele></trkpt>
   <trkpt lat="52.456527" lon="13.510007"><ele>35</ele></trkpt>
   <trkpt lat="52.456603" lon="13.509902"><ele>35</ele></trkpt>
   <trkpt lat="52.456805" lon="13.509605"><ele>35</ele></trkpt>
   <trkpt lat="52.457235" lon="13.509003"><ele>35</ele></trkpt>
   <trkpt lat="52.457486" lon="13.508642"><ele>35</ele></trkpt>
   <trkpt lat="52.458213" lon="13.507631"><ele>35</ele></trkpt>
   <trkpt lat="52.458443" lon="13.507306"><ele>35</ele></trkpt>
   <trkpt lat="52.45844" lon="13.507295"><ele>35</ele></trkpt>
   <trkpt lat="52.458499" lon="13.507223"><ele>35</ele></trkpt>
   <trkpt lat="52.458632" lon="13.507034"><ele>35</ele></trkpt>
   <trkpt lat="52.45865" lon="13.506997"><ele>35</ele></trkpt>
   <trkpt lat="52.458718" lon="13.506902"><ele>35</ele></trkpt>
   <trkpt lat="52.458752" lon="13.506817"><ele>35</ele></trkpt>
   <trkpt lat="52.458801" lon="13.506746"><ele>35</ele></trkpt>
   <trkpt lat="52.458817" lon="13.506723"><ele>35</ele></trkpt>
   <trkpt lat="52.45888" lon="13.506631"><ele>35</ele></trkpt>
   <trkpt lat="52.45893" lon="13.506559"><ele>35</ele></trkpt>
   <trkpt lat="52.458988" lon="13.506473"><ele>35</ele></trkpt>
   <trkpt lat="52.459008" lon="13.506445"><ele>35</ele></trkpt>
   <trkpt lat="52.459063" lon="13.506402"><ele>35</ele></trkpt>
   <trkpt lat="52.460028" lon="13.504981"><ele>35</ele></trkpt>
   <trkpt lat="52.460102" lon="13.504867"><ele>35</ele></trkpt>
   <trkpt lat="52.460271" lon="13.50462"><ele>35</ele></trkpt>
   <trkpt lat="52.460451" lon="13.504421"><ele>35</ele></trkpt>
   <trkpt lat="52.460673" lon="13.504101"><ele>35</ele></trkpt>
   <trkpt lat="52.460728" lon="13.504022"><ele>35</ele></trkpt>
   <trkpt lat="52.460757" lon="13.503972"><ele>35</ele></trkpt>
   <trkpt lat="52.460865" lon="13.503803"><ele>35</ele></trkpt>
   <trkpt lat="52.460914" lon="13.503719"><ele>35</ele></trkpt>
   <trkpt lat="52.460947" lon="13.503662"><ele>35</ele></trkpt>
   <trkpt lat="52.461128" lon="13.503374"><ele>35</ele></trkpt>
   <trkpt lat="52.461208" lon="13.503294"><ele>35</ele></trkpt>
   <trkpt lat="52.461365" lon="13.503055"><ele>35</ele></trkpt>
   <trkpt lat="52.461417" lon="13.502931"><ele>35</ele></trkpt>
   <trkpt lat="52.461576" lon="13.502699"><ele>35</ele></trkpt>
   <trkpt lat="52.46163" lon="13.502632"><ele>35</ele></trkpt>
   <trkpt lat="52.461719" lon="13.502492"><ele>35</ele></trkpt>
   <trkpt lat="52.462678" lon="13.500982"><ele>35</ele></trkpt>
   <trkpt lat="52.463198" lon="13.5002"><ele>35</ele></trkpt>
   <trkpt lat="52.463435" lon="13.499842"><ele>35</ele></trkpt>
   <trkpt lat="52.463761" lon="13.499367"><ele>35</ele></trkpt>
   <trkpt lat="52.464393" lon="13.498425"><ele>35.25</ele></trkpt>
   <trkpt lat="52.464818" lon="13.497809"><ele>35.25</ele></trkpt>
   <trkpt lat="52.464937" lon="13.497669"><ele>35.75</ele></trkpt>
   <trkpt lat="52.465275" lon="13.497254"><ele>36.75</ele></trkpt>
   <trkpt lat="52.465559" lon="13.496902"><ele>37</ele></trkpt>
   <trkpt lat="52.465849" lon="13.496506"><ele>38</ele></trkpt>
   <trkpt lat="52.465909" lon="13.496394"><ele>38.25</ele></trkpt>
   <trkpt lat="52.46598" lon="13.496288"><ele>38.25</ele></trkpt>
   <trkpt lat="52.465998" lon="13.496262"><ele>38.25</ele></trkpt>
   <trkpt lat="52.466047" lon="13.496163"><ele>38.5</ele></trkpt>
   <trkpt lat="52.466079" lon="13.496116"><ele>38.75</ele></trkpt>
   <trkpt lat="52.466159" lon="13.496"><ele>38.75</ele></trkpt>
   <trkpt lat="52.466191" lon="13.495953"><ele>38.75</ele></trkpt>
   <trkpt lat="52.466145" lon="13.495893"><ele>38.75</ele></trkpt>
   <trkpt lat="52.466027" lon="13.495732"><ele>38.5</ele></trkpt>
   <trkpt lat="52.465971" lon="13.495655"><ele>38</ele></trkpt>
   <trkpt lat="52.46605" lon="13.495539"><ele>38</ele></trkpt>
   <trkpt lat="52.466227" lon="13.495269"><ele>38</ele></trkpt>
   <trkpt lat="52.466287" lon="13.495226"><ele>38</ele></trkpt>
   <trkpt lat="52.466498" lon="13.49491"><ele>38.25</ele></trkpt>
   <trkpt lat="52.466616" lon="13.494732"><ele>38.25</ele></trkpt>
   <trkpt lat="52.467165" lon="13.49394"><ele>37</ele></trkpt>
   <trkpt lat="52.4672" lon="13.494"><ele>37.25</ele></trkpt>
   <trkpt lat="52.467293" lon="13.494177"><ele>37.75</ele></trkpt>
   <trkpt lat="52.467331" lon="13.494248"><ele>37.5</ele></trkpt>
   <trkpt lat="52.467843" lon="13.493475"><ele>36</ele></trkpt>
   <trkpt lat="52.467906" lon="13.49338"><ele>36</ele></trkpt>
   <trkpt lat="52.46791" lon="13.493472"><ele>36</ele></trkpt>
   <trkpt lat="52.468056" lon="13.493742"><ele>36</ele></trkpt>
   <trkpt lat="52.46827" lon="13.494122"><ele>36</ele></trkpt>
   <trkpt lat="52.468292" lon="13.494163"><ele>36</ele></trkpt>
   <trkpt lat="52.468318" lon="13.494023"><ele>36</ele></trkpt>
   <trkpt lat="52.468545" lon="13.493817"><ele>36</ele></trkpt>
   <trkpt lat="52.469236" lon="13.493193"><ele>35</ele></trkpt>
   <trkpt lat="52.469304" lon="13.49313"><ele>35</ele></trkpt>
   <trkpt lat="52.469527" lon="13.492927"><ele>35.25</ele></trkpt>
   <trkpt lat="52.469602" lon="13.492858"><ele>35.25</ele></trkpt>
   <trkpt lat="52.46989" lon="13.492596"><ele>35.25</ele></trkpt>
   <trkpt lat="52.469985" lon="13.492508"><ele>35</ele></trkpt>
   <trkpt lat="52.470052" lon="13.492446"><ele>35</ele></trkpt>
   <trkpt lat="52.470086" lon="13.492491"><ele>35</ele></trkpt>
   <trkpt lat="52.470114" lon="13.492529"><ele>35</ele></trkpt>
   <trkpt lat="52.470372" lon="13.492856"><ele>34.75</ele></trkpt>
   <trkpt lat="52.470529" lon="13.492642"><ele>34</ele></trkpt>
   <trkpt lat="52.470613" lon="13.492473"><ele>34</ele></trkpt>
   <trkpt lat="52.47077" lon="13.492241"><ele>34</ele></trkpt>
   <trkpt lat="52.471099" lon="13.49198"><ele>34</ele></trkpt>
   <trkpt lat="52.471621" lon="13.491567"><ele>34</ele></trkpt>
   <trkpt lat="52.471639" lon="13.491553"><ele>34</ele></trkpt>
   <trkpt lat="52.471755" lon="13.491522"><ele>34</ele></trkpt>
   <trkpt lat="52.471909" lon="13.491493"><ele>34</ele></trkpt>
   <trkpt lat="52.472097" lon="13.491444"><ele>34</ele></trkpt>
   <trkpt lat="52.472343" lon="13.491437"><ele>34</ele></trkpt>
   <trkpt lat="52.472473" lon="13.491403"><ele>34</ele></trkpt>
   <trkpt lat="52.472562" lon="13.491311"><ele>34</ele></trkpt>
   <trkpt lat="52.47288" lon="13.490881"><ele>34.25</ele></trkpt>
   <trkpt lat="52.472909" lon="13.490868"><ele>34.25</ele></trkpt>
   <trkpt lat="52.473028" lon="13.490813"><ele>34.75</ele></trkpt>
   <trkpt lat="52.473102" lon="13.490784"><ele>35</ele></trkpt>
   <trkpt lat="52.473266" lon="13.490733"><ele>35</ele></trkpt>
   <trkpt lat="52.473517" lon="13.490603"><ele>34.25</ele></trkpt>
   <trkpt lat="52.473582" lon="13.49057"><ele>34</ele></trkpt>
   <trkpt lat="52.473684" lon="13.490487"><ele>34</ele></trkpt>
   <trkpt lat="52.473786" lon="13.490405"><ele>34</ele></trkpt>
   <trkpt lat="52.473952" lon="13.490206"><ele>34</ele></trkpt>
   <trkpt lat="52.4742" lon="13.489951"><ele>34</ele></trkpt>
   <trkpt lat="52.474412" lon="13.489858"><ele>34</ele></trkpt>
   <trkpt lat="52.474989" lon="13.489648"><ele>34</ele></trkpt>
   <trkpt lat="52.475775" lon="13.489196"><ele>34</ele></trkpt>
   <trkpt lat="52.476411" lon="13.488846"><ele>34</ele></trkpt>
   <trkpt lat="52.476621" lon="13.488723"><ele>34</ele></trkpt>
   <trkpt lat="52.47719" lon="13.488391"><ele>34</ele></trkpt>
   <trkpt lat="52.477986" lon="13.487757"><ele>34</ele></trkpt>
   <trkpt lat="52.478207" lon="13.487556"><ele>34</ele></trkpt>
   <trkpt lat="52.478482" lon="13.487359"><ele>34</ele></trkpt>
   <trkpt lat="52.478704" lon="13.487229"><ele>34</ele></trkpt>
   <trkpt lat="52.478993" lon="13.487084"><ele>34</ele></trkpt>
   <trkpt lat="52.479184" lon="13.486977"><ele>34</ele></trkpt>
   <trkpt lat="52.479257" lon="13.486936"><ele>34</ele></trkpt>
   <trkpt lat="52.479515" lon="13.486904"><ele>34</ele></trkpt>
   <trkpt lat="52.479728" lon="13.486878"><ele>34</ele></trkpt>
   <trkpt lat="52.480045" lon="13.486839"><ele>34</ele></trkpt>
   <trkpt lat="52.480075" lon="13.486835"><ele>34</ele></trkpt>
   <trkpt lat="52.480503" lon="13.486782"><ele>34</ele></trkpt>
   <trkpt lat="52.480749" lon="13.486752"><ele>34</ele></trkpt>
   <trkpt lat="52.480892" lon="13.486728"><ele>33.75</ele></trkpt>
   <trkpt lat="52.481521" lon="13.486622"><ele>34</ele></trkpt>
   <trkpt lat="52.481731" lon="13.486566"><ele>34</ele></trkpt>
   <trkpt lat="52.482042" lon="13.486498"><ele>34</ele></trkpt>
   <trkpt lat="52.482709" lon="13.486141"><ele>34</ele></trkpt>
   <trkpt lat="52.482741" lon="13.486113"><ele>34</ele></trkpt>
   <trkpt lat="52.482866" lon="13.486006"><ele>34</ele></trkpt>
   <trkpt lat="52.483381" lon="13.485562"><ele>34</ele></trkpt>
   <trkpt lat="52.483524" lon="13.485397"><ele>34</ele></trkpt>
   <trkpt lat="52.483617" lon="13.48529"><ele>33.75</ele></trkpt>
   <trkpt lat="52.483635" lon="13.48524"><ele>33.75</ele></trkpt>
   <trkpt lat="52.483747" lon="13.484931"><ele>34</ele></trkpt>
   <trkpt lat="52.483837" lon="13.484683"><ele>34</ele></trkpt>
   <trkpt lat="52.483946" lon="13.484307"><ele>34</ele></trkpt>
   <trkpt lat="52.483993" lon="13.484123"><ele>34</ele></trkpt>
   <trkpt lat="52.484023" lon="13.484008"><ele>34</ele></trkpt>
   <trkpt lat="52.484075" lon="13.483688"><ele>34</ele></trkpt>
   <trkpt lat="52.484123" lon="13.483181"><ele>34</ele></trkpt>
   <trkpt lat="52.484129" lon="13.483119"><ele>34</ele></trkpt>
   <trkpt lat="52.48413" lon="13.482982"><ele>34</ele></trkpt>
   <trkpt lat="52.48413" lon="13.482601"><ele>34</ele></trkpt>
   <trkpt lat="52.484127" lon="13.482353"><ele>34</ele></trkpt>
   <trkpt lat="52.484076" lon="13.481221"><ele>33</ele></trkpt>
   <trkpt lat="52.484071" lon="13.480976"><ele>33</ele></trkpt>
   <trkpt lat="52.484113" lon="13.480702"><ele>33</ele></trkpt>
   <trkpt lat="52.48422" lon="13.480534"><ele>33</ele></trkpt>
   <trkpt lat="52.484462" lon="13.480339"><ele>33</ele></trkpt>
   <trkpt lat="52.484671" lon="13.480105"><ele>33.75</ele></trkpt>
   <trkpt lat="52.484473" lon="13.47969"><ele>34</ele></trkpt>
   <trkpt lat="52.484505" lon="13.479633"><ele>34</ele></trkpt>
   <trkpt lat="52.484533" lon="13.479609"><ele>34</ele></trkpt>
   <trkpt lat="52.484597" lon="13.479544"><ele>34.25</ele></trkpt>
   <trkpt lat="52.484632" lon="13.479507"><ele>34.5</ele></trkpt>
   <trkpt lat="52.484729" lon="13.479469"><ele>34.75</ele></trkpt>
   <trkpt lat="52.485132" lon="13.479112"><ele>34.25</ele></trkpt>
   <trkpt lat="52.485183" lon="13.479032"><ele>34.25</ele></trkpt>
   <trkpt lat="52.485843" lon="13.478436"><ele>34</ele></trkpt>
   <trkpt lat="52.486008" lon="13.478266"><ele>34</ele></trkpt>
   <trkpt lat="52.486616" lon="13.477729"><ele>34</ele></trkpt>
   <trkpt lat="52.486799" lon="13.477557"><ele>34.25</ele></trkpt>
   <trkpt lat="52.48696" lon="13.477406"><ele>35</ele></trkpt>
   <trkpt lat="52.487123" lon="13.477259"><ele>35</ele></trkpt>
   <trkpt lat="52.487399" lon="13.477"><ele>35</ele></trkpt>
   <trkpt lat="52.487558" lon="13.476831"><ele>34.25</ele></trkpt>
   <trkpt lat="52.487698" lon="13.476632"><ele>34</ele></trkpt>
   <trkpt lat="52.487823" lon="13.476429"><ele>34.5</ele></trkpt>
   <trkpt lat="52.487898" lon="13.476224"><ele>34</ele></trkpt>
   <trkpt lat="52.488012" lon="13.475848"><ele>34</ele></trkpt>
   <trkpt lat="52.488851" lon="13.473048"><ele>34</ele></trkpt>
   <trkpt lat="52.489259" lon="13.471685"><ele>34</ele></trkpt>
   <trkpt lat="52.489922" lon="13.469467"><ele>34</ele></trkpt>
   <trkpt lat="52.490302" lon="13.468211"><ele>34</ele></trkpt>
   <trkpt lat="52.490537" lon="13.467427"><ele>34</ele></trkpt>
   <trkpt lat="52.490754" lon="13.4667"><ele>34</ele></trkpt>
   <trkpt lat="52.491392" lon="13.464565"><ele>34</ele></trkpt>
   <trkpt lat="52.491456" lon="13.464354"><ele>34</ele></trkpt>
   <trkpt lat="52.49168" lon="13.463603"><ele>33.75</ele></trkpt>
   <trkpt lat="52.492084" lon="13.462262"><ele>34</ele></trkpt>
   <trkpt lat="52.492099" lon="13.462211"><ele>34</ele></trkpt>
   <trkpt lat="52.492427" lon="13.461106"><ele>34.5</ele></trkpt>
   <trkpt lat="52.492635" lon="13.460453"><ele>34.25</ele></trkpt>
   <trkpt lat="52.492759" lon="13.460277"><ele>34</ele></trkpt>
   <trkpt lat="52.492899" lon="13.460157"><ele>34</ele></trkpt>
   <trkpt lat="52.492896" lon="13.460118"><ele>34</ele></trkpt>
   <trkpt lat="52.492886" lon="13.460023"><ele>34</ele></trkpt>
   <trkpt lat="52.492879" lon="13.459959"><ele>34</ele></trkpt>
   <trkpt lat="52.492856" lon="13.459743"><ele>34</ele></trkpt>
   <trkpt lat="52.492866" lon="13.45966"><ele>34</ele></trkpt>
   <trkpt lat="52.492888" lon="13.459593"><ele>34.25</ele></trkpt>
   <trkpt lat="52.492916" lon="13.459504"><ele>34.25</ele></trkpt>
   <trkpt lat="52.492939" lon="13.459435"><ele>34.25</ele></trkpt>
   <trkpt lat="52.492973" lon="13.45933"><ele>34.25</ele></trkpt>
   <trkpt lat="52.492996" lon="13.459261"><ele>34</ele></trkpt>
   <trkpt lat="52.492993" lon="13.459091"><ele>34</ele></trkpt>
   <trkpt lat="52.493011" lon="13.459011"><ele>34</ele></trkpt>
   <trkpt lat="52.493032" lon="13.45894"><ele>34</ele></trkpt>
   <trkpt lat="52.493083" lon="13.458894"><ele>34</ele></trkpt>
   <trkpt lat="52.493207" lon="13.45848"><ele>34.25</ele></trkpt>
   <trkpt lat="52.493367" lon="13.457945"><ele>34.25</ele></trkpt>
   <trkpt lat="52.493787" lon="13.456534"><ele>34.25</ele></trkpt>
   <trkpt lat="52.494242" lon="13.455011"><ele>34</ele></trkpt>
   <trkpt lat="52.494263" lon="13.454942"><ele>34</ele></trkpt>
   <trkpt lat="52.494293" lon="13.454841"><ele>34</ele></trkpt>
   <trkpt lat="52.494324" lon="13.454736"><ele>34</ele></trkpt>
   <trkpt lat="52.494337" lon="13.454694"><ele>34</ele></trkpt>
   <trkpt lat="52.49452" lon="13.45408"><ele>34</ele></trkpt>
   <trkpt lat="52.494574" lon="13.453969"><ele>34.25</ele></trkpt>
   <trkpt lat="52.494586" lon="13.453918"><ele>34.25</ele></trkpt>
   <trkpt lat="52.494592" lon="13.453846"><ele>34.5</ele></trkpt>
   <trkpt lat="52.49475" lon="13.453318"><ele>34</ele></trkpt>
   <trkpt lat="52.494766" lon="13.453263"><ele>34.25</ele></trkpt>
   <trkpt lat="52.49479" lon="13.453211"><ele>34.5</ele></trkpt>
   <trkpt lat="52.494845" lon="13.453115"><ele>34.75</ele></trkpt>
   <trkpt lat="52.495373" lon="13.45223"><ele>34.5</ele></trkpt>
   <trkpt lat="52.496293" lon="13.450691"><ele>35</ele></trkpt>
   <trkpt lat="52.496375" lon="13.450556"><ele>34.75</ele></trkpt>
   <trkpt lat="52.496372" lon="13.450538"><ele>35</ele></trkpt>
   <trkpt lat="52.496453" lon="13.450401"><ele>34.75</ele></trkpt>
   <trkpt lat="52.496509" lon="13.450307"><ele>34.5</ele></trkpt>
   <trkpt lat="52.496543" lon="13.450249"><ele>34.25</ele></trkpt>
   <trkpt lat="52.49657" lon="13.450204"><ele>34</ele></trkpt>
   <trkpt lat="52.496661" lon="13.45005"><ele>32.25</ele></trkpt>
   <trkpt lat="52.496707" lon="13.449975"><ele>32.25</ele></trkpt>
   <trkpt lat="52.496793" lon="13.449828"><ele>33.75</ele></trkpt>
   <trkpt lat="52.496819" lon="13.449695"><ele>34.5</ele></trkpt>
   <trkpt lat="52.496844" lon="13.449572"><ele>34.75</ele></trkpt>
   <trkpt lat="52.496789" lon="13.449487"><ele>34.75</ele></trkpt>
   <trkpt lat="52.496772" lon="13.449461"><ele>34.75</ele></trkpt>
   <trkpt lat="52.496727" lon="13.4494"><ele>35</ele></trkpt>
   <trkpt lat="52.496682" lon="13.449339"><ele>35</ele></trkpt>
   <trkpt lat="52.49643" lon="13.448996"><ele>35</ele></trkpt>
   <trkpt lat="52.496356" lon="13.448895"><ele>34.75</ele></trkpt>
   <trkpt lat="52.496073" lon="13.448513"><ele>34.75</ele></trkpt>
   <trkpt lat="52.49593" lon="13.448319"><ele>35</ele></trkpt>
   <trkpt lat="52.495865" lon="13.448228"><ele>35</ele></trkpt>
   <trkpt lat="52.495605" lon="13.447879"><ele>35</ele></trkpt>
   <trkpt lat="52.495395" lon="13.447595"><ele>35</ele></trkpt>
   <trkpt lat="52.49535" lon="13.447538"><ele>35.5</ele></trkpt>
   <trkpt lat="52.495097" lon="13.447192"><ele>34.75</ele></trkpt>
   <trkpt lat="52.495053" lon="13.447132"><ele>34.75</ele></trkpt>
   <trkpt lat="52.495024" lon="13.447096"><ele>34.75</ele></trkpt>
   <trkpt lat="52.494911" lon="13.447048"><ele>34.25</ele></trkpt>
   <trkpt lat="52.494725" lon="13.446807"><ele>33.5</ele></trkpt>
   <trkpt lat="52.494639" lon="13.446691"><ele>34</ele></trkpt>
   <trkpt lat="52.494427" lon="13.446388"><ele>34.75</ele></trkpt>
   <trkpt lat="52.494386" lon="13.446328"><ele>34.75</ele></trkpt>
   <trkpt lat="52.49439" lon="13.446265"><ele>34.75</ele></trkpt>
   <trkpt lat="52.494391" lon="13.446246"><ele>34.75</ele></trkpt>
   <trkpt lat="52.494392" lon="13.446232"><ele>34.75</ele></trkpt>
   <trkpt lat="52.494243" lon="13.445981"><ele>34.5</ele></trkpt>
   <trkpt lat="52.494205" lon="13.445902"><ele>34.75</ele></trkpt>
   <trkpt lat="52.494158" lon="13.445769"><ele>34.75</ele></trkpt>
   <trkpt lat="52.494121" lon="13.445632"><ele>34.75</ele></trkpt>
   <trkpt lat="52.494092" lon="13.445476"><ele>35</ele></trkpt>
   <trkpt lat="52.494068" lon="13.445129"><ele>36.25</ele></trkpt>
   <trkpt lat="52.494055" lon="13.445029"><ele>36</ele></trkpt>
   <trkpt lat="52.494099" lon="13.444883"><ele>36</ele></trkpt>
   <trkpt lat="52.494128" lon="13.444781"><ele>35.75</ele></trkpt>
   <trkpt lat="52.494124" lon="13.444712"><ele>35.5</ele></trkpt>
   <trkpt lat="52.494098" lon="13.444662"><ele>34.75</ele></trkpt>
   <trkpt lat="52.49411" lon="13.444631"><ele>34.5</ele></trkpt>
   <trkpt lat="52.494398" lon="13.443821"><ele>36</ele></trkpt>
   <trkpt lat="52.494425" lon="13.443747"><ele>36.75</ele></trkpt>
   <trkpt lat="52.494477" lon="13.443811"><ele>36.25</ele></trkpt>
   <trkpt lat="52.494647" lon="13.443326"><ele>38.5</ele></trkpt>
   <trkpt lat="52.49479" lon="13.442911"><ele>38.5</ele></trkpt>
   <trkpt lat="52.495129" lon="13.441946"><ele>37.5</ele></trkpt>
   <trkpt lat="52.495289" lon="13.441485"><ele>37</ele></trkpt>
   <trkpt lat="52.494883" lon="13.441112"><ele>37</ele></trkpt>
   <trkpt lat="52.494839" lon="13.441071"><ele>36.75</ele></trkpt>
   <trkpt lat="52.494817" lon="13.441051"><ele>36.75</ele></trkpt>
   <trkpt lat="52.494622" lon="13.440872"><ele>36</ele></trkpt>
   <trkpt lat="52.49453" lon="13.440788"><ele>35.75</ele></trkpt>
   <trkpt lat="52.494441" lon="13.440706"><ele>35.5</ele></trkpt>
   <trkpt lat="52.494413" lon="13.44068"><ele>35.5</ele></trkpt>
   <trkpt lat="52.494332" lon="13.440605"><ele>35.5</ele></trkpt>
   <trkpt lat="52.494323" lon="13.440597"><ele>35.5</ele></trkpt>
   <trkpt lat="52.494173" lon="13.440449"><ele>35.75</ele></trkpt>
   <trkpt lat="52.493797" lon="13.440079"><ele>35</ele></trkpt>
   <trkpt lat="52.493783" lon="13.440064"><ele>35</ele></trkpt>
   <trkpt lat="52.493665" lon="13.439948"><ele>35</ele></trkpt>
   <trkpt lat="52.493533" lon="13.439818"><ele>35</ele></trkpt>
   <trkpt lat="52.493513" lon="13.439799"><ele>35</ele></trkpt>
   <trkpt lat="52.493477" lon="13.439763"><ele>35</ele></trkpt>
   <trkpt lat="52.493419" lon="13.439706"><ele>35</ele></trkpt>
   <trkpt lat="52.493061" lon="13.439353"><ele>35</ele></trkpt>
   <trkpt lat="52.493032" lon="13.439325"><ele>35</ele></trkpt>
   <trkpt lat="52.492917" lon="13.439211"><ele>35</ele></trkpt>
   <trkpt lat="52.492959" lon="13.439104"><ele>35</ele></trkpt>
   <trkpt lat="52.492978" lon="13.439055"><ele>35</ele></trkpt>
   <trkpt lat="52.493204" lon="13.438284"><ele>35</ele></trkpt>
   <trkpt lat="52.493311" lon="13.437919"><ele>35</ele></trkpt>
   <trkpt lat="52.49339" lon="13.437651"><ele>35</ele></trkpt>
   <trkpt lat="52.493428" lon="13.437523"><ele>35</ele></trkpt>
   <trkpt lat="52.493459" lon="13.437411"><ele>35</ele></trkpt>
   <trkpt lat="52.493497" lon="13.437288"><ele>35</ele></trkpt>
   <trkpt lat="52.493511" lon="13.437244"><ele>35</ele></trkpt>
   <trkpt lat="52.493526" lon="13.437187"><ele>35</ele></trkpt>
   <trkpt lat="52.493598" lon="13.436942"><ele>35</ele></trkpt>
   <trkpt lat="52.493659" lon="13.436735"><ele>35</ele></trkpt>
   <trkpt lat="52.493735" lon="13.436476"><ele>35</ele></trkpt>
   <trkpt lat="52.493788" lon="13.436298"><ele>35</ele></trkpt>
   <trkpt lat="52.493842" lon="13.436112"><ele>35</ele></trkpt>
   <trkpt lat="52.493924" lon="13.435836"><ele>35</ele></trkpt>
   <trkpt lat="52.493991" lon="13.435607"><ele>35</ele></trkpt>
   <trkpt lat="52.494013" lon="13.435533"><ele>35</ele></trkpt>
   <trkpt lat="52.494066" lon="13.435353"><ele>35</ele></trkpt>
   <trkpt lat="52.494103" lon="13.435227"><ele>35</ele></trkpt>
   <trkpt lat="52.494141" lon="13.435098"><ele>35</ele></trkpt>
   <trkpt lat="52.49427" lon="13.434657"><ele>35</ele></trkpt>
   <trkpt lat="52.494314" lon="13.434508"><ele>35</ele></trkpt>
   <trkpt lat="52.49433" lon="13.434454"><ele>35</ele></trkpt>
   <trkpt lat="52.494332" lon="13.434447"><ele>35</ele></trkpt>
   <trkpt lat="52.494403" lon="13.434206"><ele>35</ele></trkpt>
   <trkpt lat="52.49444" lon="13.43408"><ele>35</ele></trkpt>
   <trkpt lat="52.494449" lon="13.434052"><ele>35</ele></trkpt>
   <trkpt lat="52.494547" lon="13.433716"><ele>35</ele></trkpt>
   <trkpt lat="52.494756" lon="13.433006"><ele>34</ele></trkpt>
   <trkpt lat="52.494795" lon="13.432874"><ele>34</ele></trkpt>
   <trkpt lat="52.494826" lon="13.432768"><ele>34.25</ele></trkpt>
   <trkpt lat="52.495045" lon="13.432024"><ele>34.75</ele></trkpt>
   <trkpt lat="52.495098" lon="13.431845"><ele>35</ele></trkpt>
   <trkpt lat="52.495112" lon="13.431797"><ele>35</ele></trkpt>
   <trkpt lat="52.495176" lon="13.431577"><ele>35</ele></trkpt>
   <trkpt lat="52.495182" lon="13.431559"><ele>35</ele></trkpt>
   <trkpt lat="52.495249" lon="13.43133"><ele>35</ele></trkpt>
   <trkpt lat="52.49527" lon="13.431259"><ele>35</ele></trkpt>
   <trkpt lat="52.49531" lon="13.431123"><ele>35</ele></trkpt>
   <trkpt lat="52.495423" lon="13.430737"><ele>35</ele></trkpt>
   <trkpt lat="52.495435" lon="13.4307"><ele>35</ele></trkpt>
   <trkpt lat="52.495495" lon="13.430496"><ele>35</ele></trkpt>
   <trkpt lat="52.49551" lon="13.430443"><ele>35</ele></trkpt>
   <trkpt lat="52.495554" lon="13.430294"><ele>35</ele></trkpt>
   <trkpt lat="52.495599" lon="13.430142"><ele>35</ele></trkpt>
   <trkpt lat="52.495617" lon="13.430081"><ele>35</ele></trkpt>
   <trkpt lat="52.495858" lon="13.429265"><ele>35</ele></trkpt>
   <trkpt lat="52.495917" lon="13.429065"><ele>35</ele></trkpt>
   <trkpt lat="52.49603" lon="13.428681"><ele>34.25</ele></trkpt>
   <trkpt lat="52.496111" lon="13.428406"><ele>34</ele></trkpt>
   <trkpt lat="52.496186" lon="13.428152"><ele>34</ele></trkpt>
   <trkpt lat="52.496272" lon="13.42786"><ele>34</ele></trkpt>
   <trkpt lat="52.496303" lon="13.427755"><ele>34</ele></trkpt>
   <trkpt lat="52.496337" lon="13.427641"><ele>34</ele></trkpt>
   <trkpt lat="52.496616" lon="13.426694"><ele>34.25</ele></trkpt>
   <trkpt lat="52.496626" lon="13.426658"><ele>34</ele></trkpt>
   <trkpt lat="52.496709" lon="13.426377"><ele>35</ele></trkpt>
   <trkpt lat="52.496726" lon="13.426321"><ele>35</ele></trkpt>
   <trkpt lat="52.496771" lon="13.426168"><ele>35</ele></trkpt>
   <trkpt lat="52.496812" lon="13.426028"><ele>35</ele></trkpt>
   <trkpt lat="52.496859" lon="13.425869"><ele>35</ele></trkpt>
   <trkpt lat="52.496972" lon="13.425482"><ele>35</ele></trkpt>
   <trkpt lat="52.497206" lon="13.424691"><ele>34</ele></trkpt>
   <trkpt lat="52.497239" lon="13.424584"><ele>34.5</ele></trkpt>
   <trkpt lat="52.49727" lon="13.424481"><ele>34.75</ele></trkpt>
   <trkpt lat="52.497473" lon="13.423804"><ele>35</ele></trkpt>
   <trkpt lat="52.497489" lon="13.423752"><ele>35</ele></trkpt>
   <trkpt lat="52.49756" lon="13.423508"><ele>35</ele></trkpt>
   <trkpt lat="52.497613" lon="13.423324"><ele>35</ele></trkpt>
   <trkpt lat="52.497689" lon="13.423061"><ele>35</ele></trkpt>
   <trkpt lat="52.497804" lon="13.422667"><ele>35</ele></trkpt>
   <trkpt lat="52.497814" lon="13.422633"><ele>35</ele></trkpt>
   <trkpt lat="52.497925" lon="13.422252"><ele>35</ele></trkpt>
   <trkpt lat="52.49794" lon="13.422201"><ele>35</ele></trkpt>
   <trkpt lat="52.49807" lon="13.421754"><ele>35</ele></trkpt>
   <trkpt lat="52.498116" lon="13.421596"><ele>35</ele></trkpt>
   <trkpt lat="52.498146" lon="13.421493"><ele>35</ele></trkpt>
   <trkpt lat="52.49818" lon="13.421381"><ele>35</ele></trkpt>
   <trkpt lat="52.498226" lon="13.421232"><ele>35</ele></trkpt>
   <trkpt lat="52.498363" lon="13.420764"><ele>35</ele></trkpt>
   <trkpt lat="52.498652" lon="13.419799"><ele>35</ele></trkpt>
   <trkpt lat="52.498709" lon="13.419629"><ele>35</ele></trkpt>
   <trkpt lat="52.498773" lon="13.419548"><ele>35</ele></trkpt>
   <trkpt lat="52.498799" lon="13.419503"><ele>35</ele></trkpt>
   <trkpt lat="52.498825" lon="13.419459"><ele>35</ele></trkpt>
   <trkpt lat="52.498951" lon="13.419361"><ele>35</ele></trkpt>
   <trkpt lat="52.49898" lon="13.419333"><ele>35</ele></trkpt>
   <trkpt lat="52.499003" lon="13.419312"><ele>35</ele></trkpt>
   <trkpt lat="52.499129" lon="13.419304"><ele>35</ele></trkpt>
   <trkpt lat="52.499159" lon="13.419302"><ele>35</ele></trkpt>
   <trkpt lat="52.499185" lon="13.419294"><ele>35</ele></trkpt>
   <trkpt lat="52.499194" lon="13.419279"><ele>35</ele></trkpt>
   <trkpt lat="52.499194" lon="13.419243"><ele>35</ele></trkpt>
   <trkpt lat="52.499193" lon="13.418907"><ele>35</ele></trkpt>
   <trkpt lat="52.499198" lon="13.418849"><ele>35</ele></trkpt>
   <trkpt lat="52.499204" lon="13.418807"><ele>35</ele></trkpt>
   <trkpt lat="52.499221" lon="13.418745"><ele>35</ele></trkpt>
   <trkpt lat="52.499244" lon="13.418702"><ele>35</ele></trkpt>
   <trkpt lat="52.499375" lon="13.418436"><ele>35</ele></trkpt>
   <trkpt lat="52.499392" lon="13.41837"><ele>35</ele></trkpt>
   <trkpt lat="52.499395" lon="13.418351"><ele>35</ele></trkpt>
   <trkpt lat="52.4994" lon="13.418275"><ele>35</ele></trkpt>
   <trkpt lat="52.499396" lon="13.418158"><ele>35</ele></trkpt>
   <trkpt lat="52.499383" lon="13.418048"><ele>35</ele></trkpt>
   <trkpt lat="52.499364" lon="13.41797"><ele>35</ele></trkpt>
   <trkpt lat="52.499337" lon="13.417894"><ele>35</ele></trkpt>
   <trkpt lat="52.499297" lon="13.417823"><ele>35</ele></trkpt>
   <trkpt lat="52.499291" lon="13.417814"><ele>35</ele></trkpt>
   <trkpt lat="52.499243" lon="13.417757"><ele>35</ele></trkpt>
   <trkpt lat="52.499262" lon="13.417705"><ele>35</ele></trkpt>
   <trkpt lat="52.499274" lon="13.417663"><ele>35</ele></trkpt>
   <trkpt lat="52.499296" lon="13.417591"><ele>35</ele></trkpt>
   <trkpt lat="52.499392" lon="13.417263"><ele>35</ele></trkpt>
   <trkpt lat="52.499482" lon="13.416961"><ele>35</ele></trkpt>
   <trkpt lat="52.499532" lon="13.416792"><ele>35</ele></trkpt>
   <trkpt lat="52.499556" lon="13.416681"><ele>35</ele></trkpt>
   <trkpt lat="52.499614" lon="13.416471"><ele>35</ele></trkpt>
   <trkpt lat="52.499682" lon="13.416228"><ele>35</ele></trkpt>
   <trkpt lat="52.499688" lon="13.41621"><ele>35</ele></trkpt>
   <trkpt lat="52.499785" lon="13.415879"><ele>35</ele></trkpt>
   <trkpt lat="52.499858" lon="13.415633"><ele>35</ele></trkpt>
   <trkpt lat="52.499909" lon="13.415457"><ele>35</ele></trkpt>
   <trkpt lat="52.500126" lon="13.414721"><ele>35</ele></trkpt>
   <trkpt lat="52.500143" lon="13.414664"><ele>35</ele></trkpt>
   <trkpt lat="52.50017" lon="13.414574"><ele>35</ele></trkpt>
   <trkpt lat="52.500254" lon="13.414295"><ele>35</ele></trkpt>
   <trkpt lat="52.500345" lon="13.413994"><ele>35</ele></trkpt>
   <trkpt lat="52.50037" lon="13.413908"><ele>35</ele></trkpt>
   <trkpt lat="52.50048" lon="13.413541"><ele>35</ele></trkpt>
   <trkpt lat="52.500624" lon="13.413043"><ele>34.75</ele></trkpt>
   <trkpt lat="52.500682" lon="13.412842"><ele>34</ele></trkpt>
   <trkpt lat="52.500853" lon="13.412252"><ele>34</ele></trkpt>
   <trkpt lat="52.500891" lon="13.41212"><ele>34</ele></trkpt>
   <trkpt lat="52.50091" lon="13.412055"><ele>34.25</ele></trkpt>
   <trkpt lat="52.500965" lon="13.41187"><ele>34.25</ele></trkpt>
   <trkpt lat="52.501021" lon="13.41168"><ele>34.25</ele></trkpt>
   <trkpt lat="52.501039" lon="13.411621"><ele>34</ele></trkpt>
   <trkpt lat="52.501062" lon="13.411543"><ele>34</ele></trkpt>
   <trkpt lat="52.501133" lon="13.411305"><ele>34</ele></trkpt>
   <trkpt lat="52.501251" lon="13.410906"><ele>34.75</ele></trkpt>
   <trkpt lat="52.501279" lon="13.410812"><ele>34.75</ele></trkpt>
   <trkpt lat="52.501393" lon="13.410427"><ele>34</ele></trkpt>
   <trkpt lat="52.501411" lon="13.410367"><ele>34</ele></trkpt>
   <trkpt lat="52.501475" lon="13.410148"><ele>34.5</ele></trkpt>
   <trkpt lat="52.50156" lon="13.409865"><ele>35</ele></trkpt>
   <trkpt lat="52.501643" lon="13.409587"><ele>35</ele></trkpt>
   <trkpt lat="52.50169" lon="13.40944"><ele>35</ele></trkpt>
   <trkpt lat="52.501707" lon="13.409384"><ele>35</ele></trkpt>
   <trkpt lat="52.501754" lon="13.409221"><ele>35</ele></trkpt>
   <trkpt lat="52.501798" lon="13.409073"><ele>35</ele></trkpt>
   <trkpt lat="52.501826" lon="13.408977"><ele>35</ele></trkpt>
   <trkpt lat="52.501878" lon="13.408792"><ele>35</ele></trkpt>
   <trkpt lat="52.501977" lon="13.408455"><ele>35</ele></trkpt>
   <trkpt lat="52.502054" lon="13.408189"><ele>35</ele></trkpt>
   <trkpt lat="52.50212" lon="13.407965"><ele>35</ele></trkpt>
   <trkpt lat="52.502166" lon="13.407808"><ele>35</ele></trkpt>
   <trkpt lat="52.502264" lon="13.407472"><ele>35</ele></trkpt>
   <trkpt lat="52.50228" lon="13.407415"><ele>35</ele></trkpt>
   <trkpt lat="52.502382" lon="13.407056"><ele>35</ele></trkpt>
   <trkpt lat="52.502402" lon="13.406987"><ele>35</ele></trkpt>
   <trkpt lat="52.502523" lon="13.406565"><ele>34.75</ele></trkpt>
   <trkpt lat="52.502561" lon="13.40646"><ele>35</ele></trkpt>
   <trkpt lat="52.502599" lon="13.406353"><ele>35</ele></trkpt>
   <trkpt lat="52.50286" lon="13.405465"><ele>35</ele></trkpt>
   <trkpt lat="52.502897" lon="13.40534"><ele>35</ele></trkpt>
   <trkpt lat="52.502952" lon="13.405259"><ele>35</ele></trkpt>
   <trkpt lat="52.502965" lon="13.405215"><ele>35</ele></trkpt>
   <trkpt lat="52.502978" lon="13.405168"><ele>35</ele></trkpt>
   <trkpt lat="52.502982" lon="13.405047"><ele>35</ele></trkpt>
   <trkpt lat="52.503033" lon="13.404875"><ele>35</ele></trkpt>
   <trkpt lat="52.503145" lon="13.404492"><ele>35.75</ele></trkpt>
   <trkpt lat="52.503215" lon="13.404256"><ele>36</ele></trkpt>
   <trkpt lat="52.503258" lon="13.404107"><ele>36</ele></trkpt>
   <trkpt lat="52.503286" lon="13.404011"><ele>36</ele></trkpt>
   <trkpt lat="52.503319" lon="13.403901"><ele>36</ele></trkpt>
   <trkpt lat="52.503333" lon="13.403855"><ele>35.75</ele></trkpt>
   <trkpt lat="52.503345" lon="13.403805"><ele>36</ele></trkpt>
   <trkpt lat="52.503373" lon="13.403695"><ele>36</ele></trkpt>
   <trkpt lat="52.503402" lon="13.403581"><ele>36</ele></trkpt>
   <trkpt lat="52.503413" lon="13.403538"><ele>36</ele></trkpt>
   <trkpt lat="52.503439" lon="13.403447"><ele>36</ele></trkpt>
   <trkpt lat="52.503542" lon="13.403106"><ele>35.25</ele></trkpt>
   <trkpt lat="52.503622" lon="13.402839"><ele>35</ele></trkpt>
   <trkpt lat="52.503749" lon="13.402408"><ele>35.75</ele></trkpt>
   <trkpt lat="52.503847" lon="13.402072"><ele>35</ele></trkpt>
   <trkpt lat="52.503936" lon="13.401762"><ele>35</ele></trkpt>
   <trkpt lat="52.503998" lon="13.401553"><ele>35.25</ele></trkpt>
   <trkpt lat="52.504104" lon="13.401203"><ele>35.25</ele></trkpt>
   <trkpt lat="52.504215" lon="13.400833"><ele>35</ele></trkpt>
   <trkpt lat="52.504389" lon="13.400246"><ele>35</ele></trkpt>
   <trkpt lat="52.504544" lon="13.399733"><ele>35</ele></trkpt>
   <trkpt lat="52.504598" lon="13.399553"><ele>35</ele></trkpt>
   <trkpt lat="52.504631" lon="13.399446"><ele>35</ele></trkpt>
   <trkpt lat="52.504663" lon="13.399335"><ele>35</ele></trkpt>
   <trkpt lat="52.504743" lon="13.399066"><ele>35</ele></trkpt>
   <trkpt lat="52.504788" lon="13.398912"><ele>35</ele></trkpt>
   <trkpt lat="52.504884" lon="13.398586"><ele>35</ele></trkpt>
   <trkpt lat="52.504899" lon="13.398535"><ele>35</ele></trkpt>
   <trkpt lat="52.504961" lon="13.398324"><ele>35</ele></trkpt>
   <trkpt lat="52.505006" lon="13.398172"><ele>35</ele></trkpt>
   <trkpt lat="52.505077" lon="13.397929"><ele>35</ele></trkpt>
   <trkpt lat="52.505134" lon="13.397736"><ele>34.75</ele></trkpt>
   <trkpt lat="52.505208" lon="13.397485"><ele>34.5</ele></trkpt>
   <trkpt lat="52.505233" lon="13.397401"><ele>34.75</ele></trkpt>
   <trkpt lat="52.505298" lon="13.39718"><ele>35</ele></trkpt>
   <trkpt lat="52.505307" lon="13.397151"><ele>35</ele></trkpt>
   <trkpt lat="52.505355" lon="13.396987"><ele>35</ele></trkpt>
   <trkpt lat="52.505383" lon="13.396818"><ele>35</ele></trkpt>
   <trkpt lat="52.505477" lon="13.396905"><ele>35</ele></trkpt>
   <trkpt lat="52.50552" lon="13.396777"><ele>35</ele></trkpt>
   <trkpt lat="52.505572" lon="13.396628"><ele>35</ele></trkpt>
   <trkpt lat="52.505607" lon="13.39653"><ele>35</ele></trkpt>
   <trkpt lat="52.50564" lon="13.396433"><ele>35</ele></trkpt>
   <trkpt lat="52.505675" lon="13.396332"><ele>35</ele></trkpt>
   <trkpt lat="52.505708" lon="13.396236"><ele>35</ele></trkpt>
   <trkpt lat="52.505742" lon="13.396137"><ele>35</ele></trkpt>
   <trkpt lat="52.505781" lon="13.396025"><ele>35</ele></trkpt>
   <trkpt lat="52.505819" lon="13.395915"><ele>35</ele></trkpt>
   <trkpt lat="52.505853" lon="13.395816"><ele>35</ele></trkpt>
   <trkpt lat="52.505879" lon="13.395742"><ele>35</ele></trkpt>
   <trkpt lat="52.505902" lon="13.395675"><ele>35</ele></trkpt>
   <trkpt lat="52.505975" lon="13.395468"><ele>35</ele></trkpt>
   <trkpt lat="52.506059" lon="13.39523"><ele>35</ele></trkpt>
   <trkpt lat="52.5061" lon="13.395105"><ele>35</ele></trkpt>
   <trkpt lat="52.506133" lon="13.395007"><ele>35</ele></trkpt>
   <trkpt lat="52.506168" lon="13.3949"><ele>35</ele></trkpt>
   <trkpt lat="52.506202" lon="13.394798"><ele>35</ele></trkpt>
   <trkpt lat="52.506262" lon="13.394615"><ele>35</ele></trkpt>
   <trkpt lat="52.506255" lon="13.394481"><ele>35</ele></trkpt>
   <trkpt lat="52.50628" lon="13.394477"><ele>35</ele></trkpt>
   <trkpt lat="52.506548" lon="13.394431"><ele>35</ele></trkpt>
   <trkpt lat="52.5066" lon="13.394422"><ele>35</ele></trkpt>
   <trkpt lat="52.506768" lon="13.394394"><ele>35</ele></trkpt>
   <trkpt lat="52.506826" lon="13.394383"><ele>35</ele></trkpt>
   <trkpt lat="52.506878" lon="13.394374"><ele>35</ele></trkpt>
   <trkpt lat="52.506958" lon="13.394361"><ele>35</ele></trkpt>
   <trkpt lat="52.50704" lon="13.394348"><ele>35</ele></trkpt>
   <trkpt lat="52.507057" lon="13.394345"><ele>35</ele></trkpt>
   <trkpt lat="52.507112" lon="13.394336"><ele>35</ele></trkpt>
   <trkpt lat="52.507381" lon="13.394292"><ele>34.5</ele></trkpt>
   <trkpt lat="52.507523" lon="13.394268"><ele>34.25</ele></trkpt>
   <trkpt lat="52.507636" lon="13.39425"><ele>34</ele></trkpt>
   <trkpt lat="52.507833" lon="13.394217"><ele>34</ele></trkpt>
   <trkpt lat="52.507847" lon="13.394215"><ele>34</ele></trkpt>
   <trkpt lat="52.507924" lon="13.394202"><ele>34</ele></trkpt>
   <trkpt lat="52.507999" lon="13.39419"><ele>34</ele></trkpt>
   <trkpt lat="52.508027" lon="13.394185"><ele>34</ele></trkpt>
   <trkpt lat="52.508232" lon="13.394152"><ele>34</ele></trkpt>
   <trkpt lat="52.508271" lon="13.394145"><ele>34</ele></trkpt>
   <trkpt lat="52.508277" lon="13.394144"><ele>34</ele></trkpt>
   <trkpt lat="52.508705" lon="13.394074"><ele>34</ele></trkpt>
   <trkpt lat="52.508724" lon="13.394069"><ele>34</ele></trkpt>
   <trkpt lat="52.50881" lon="13.394043"><ele>34</ele></trkpt>
   <trkpt lat="52.508803" lon="13.393928"><ele>34.25</ele></trkpt>
   <trkpt lat="52.508801" lon="13.3939"><ele>34.25</ele></trkpt>
   <trkpt lat="52.508767" lon="13.393343"><ele>34.25</ele></trkpt>
   <trkpt lat="52.50875" lon="13.393057"><ele>34.5</ele></trkpt>
   <trkpt lat="52.508703" lon="13.392285"><ele>34.5</ele></trkpt>
   <trkpt lat="52.508703" lon="13.392252"><ele>34.5</ele></trkpt>
   <trkpt lat="52.508696" lon="13.392121"><ele>34.5</ele></trkpt>
   <trkpt lat="52.508763" lon="13.392111"><ele>34.25</ele></trkpt>
   <trkpt lat="52.508773" lon="13.392109"><ele>34.25</ele></trkpt>
   <trkpt lat="52.509463" lon="13.391995"><ele>34</ele></trkpt>
   <trkpt lat="52.509497" lon="13.391987"><ele>34</ele></trkpt>
   <trkpt lat="52.509578" lon="13.391971"><ele>34</ele></trkpt>
   <trkpt lat="52.509653" lon="13.391955"><ele>34</ele></trkpt>
   <trkpt lat="52.509704" lon="13.391944"><ele>34</ele></trkpt>
   <trkpt lat="52.509989" lon="13.391898"><ele>34</ele></trkpt>
   <trkpt lat="52.510054" lon="13.391888"><ele>34</ele></trkpt>
   <trkpt lat="52.51027" lon="13.391853"><ele>34</ele></trkpt>
   <trkpt lat="52.510311" lon="13.391847"><ele>34</ele></trkpt>
   <trkpt lat="52.510328" lon="13.391844"><ele>34</ele></trkpt>
   <trkpt lat="52.510353" lon="13.391841"><ele>34.25</ele></trkpt>
   <trkpt lat="52.510478" lon="13.391825"><ele>34.5</ele></trkpt>
   <trkpt lat="52.510614" lon="13.391807"><ele>34.75</ele></trkpt>
   <trkpt lat="52.510639" lon="13.391804"><ele>34.75</ele></trkpt>
   <trkpt lat="52.510655" lon="13.391802"><ele>34.75</ele></trkpt>
   <trkpt lat="52.510881" lon="13.391759"><ele>34.25</ele></trkpt>
   <trkpt lat="52.510887" lon="13.391758"><ele>34.25</ele></trkpt>
   <trkpt lat="52.511185" lon="13.391702"><ele>34</ele></trkpt>
   <trkpt lat="52.511243" lon="13.391691"><ele>34</ele></trkpt>
   <trkpt lat="52.511266" lon="13.391689"><ele>34</ele></trkpt>
   <trkpt lat="52.511327" lon="13.391682"><ele>34</ele></trkpt>
   <trkpt lat="52.511417" lon="13.391673"><ele>34</ele></trkpt>
   <trkpt lat="52.511436" lon="13.391671"><ele>34</ele></trkpt>
   <trkpt lat="52.511473" lon="13.391665"><ele>34</ele></trkpt>
   <trkpt lat="52.511505" lon="13.39166"><ele>34</ele></trkpt>
   <trkpt lat="52.511538" lon="13.391655"><ele>34</ele></trkpt>
   <trkpt lat="52.511879" lon="13.391601"><ele>34</ele></trkpt>
   <trkpt lat="52.512131" lon="13.391562"><ele>34</ele></trkpt>
   <trkpt lat="52.512148" lon="13.391558"><ele>34</ele></trkpt>
   <trkpt lat="52.512226" lon="13.391541"><ele>34</ele></trkpt>
   <trkpt lat="52.51231" lon="13.391521"><ele>34</ele></trkpt>
   <trkpt lat="52.512741" lon="13.391451"><ele>34</ele></trkpt>
   <trkpt lat="52.513035" lon="13.391403"><ele>34</ele></trkpt>
   <trkpt lat="52.513111" lon="13.391388"><ele>34</ele></trkpt>
   <trkpt lat="52.513188" lon="13.391373"><ele>34</ele></trkpt>
   <trkpt lat="52.51321" lon="13.39137"><ele>34</ele></trkpt>
   <trkpt lat="52.513336" lon="13.391349"><ele>34</ele></trkpt>
   <trkpt lat="52.513912" lon="13.391254"><ele>34</ele></trkpt>
   <trkpt lat="52.513973" lon="13.391242"><ele>34</ele></trkpt>
   <trkpt lat="52.513994" lon="13.391238"><ele>34</ele></trkpt>
   <trkpt lat="52.514067" lon="13.391225"><ele>34</ele></trkpt>
   <trkpt lat="52.514739" lon="13.391102"><ele>34</ele></trkpt>
   <trkpt lat="52.51476" lon="13.391099"><ele>34</ele></trkpt>
   <trkpt lat="52.514779" lon="13.391095"><ele>34</ele></trkpt>
   <trkpt lat="52.51488" lon="13.39108"><ele>34</ele></trkpt>
   <trkpt lat="52.514978" lon="13.391089"><ele>34</ele></trkpt>
   <trkpt lat="52.515001" lon="13.391088"><ele>34</ele></trkpt>
   <trkpt lat="52.515017" lon="13.391088"><ele>34</ele></trkpt>
   <trkpt lat="52.515144" lon="13.39107"><ele>34</ele></trkpt>
   <trkpt lat="52.51548" lon="13.391017"><ele>34</ele></trkpt>
   <trkpt lat="52.515644" lon="13.39099"><ele>34</ele></trkpt>
   <trkpt lat="52.515682" lon="13.390965"><ele>34</ele></trkpt>
   <trkpt lat="52.515756" lon="13.390915"><ele>34</ele></trkpt>
   <trkpt lat="52.515839" lon="13.390858"><ele>34</ele></trkpt>
   <trkpt lat="52.515854" lon="13.390848"><ele>34</ele></trkpt>
   <trkpt lat="52.516057" lon="13.39081"><ele>34</ele></trkpt>
   <trkpt lat="52.516314" lon="13.390764"><ele>34</ele></trkpt>
   <trkpt lat="52.516391" lon="13.390799"><ele>34</ele></trkpt>
   <trkpt lat="52.516624" lon="13.390757"><ele>34</ele></trkpt>
   <trkpt lat="52.516674" lon="13.390727"><ele>34</ele></trkpt>
   <trkpt lat="52.51683" lon="13.390698"><ele>34.5</ele></trkpt>
   <trkpt lat="52.516867" lon="13.390692"><ele>34.5</ele></trkpt>
   <trkpt lat="52.516885" lon="13.390693"><ele>34.75</ele></trkpt>
   <trkpt lat="52.516985" lon="13.390702"><ele>34.75</ele></trkpt>
   <trkpt lat="52.517063" lon="13.390708"><ele>34.5</ele></trkpt>
   <trkpt lat="52.517194" lon="13.390688"><ele>34</ele></trkpt>
   <trkpt lat="52.517269" lon="13.390691"><ele>34</ele></trkpt>
   <trkpt lat="52.517365" lon="13.390695"><ele>34</ele></trkpt>
   <trkpt lat="52.517359" lon="13.390603"><ele>34</ele></trkpt>
   <trkpt lat="52.517356" lon="13.390558"><ele>34</ele></trkpt>
   <trkpt lat="52.517772" lon="13.390498"><ele>34</ele></trkpt>
  </trkseg>
 </trk>
</gpx>